--
-- PostgreSQL database dump
--

-- Dumped from database version 15.13
-- Dumped by pg_dump version 16.9 (Homebrew)

SET statement_timeout = 0;
SET lock_timeout = 0;
SET idle_in_transaction_session_timeout = 0;
SET client_encoding = 'UTF8';
SET standard_conforming_strings = on;
SELECT pg_catalog.set_config('search_path', '', false);
SET check_function_bodies = false;
SET xmloption = content;
SET client_min_messages = warning;
SET row_security = off;

--
-- Data for Name: audit_log; Type: TABLE DATA; Schema: audit; Owner: -
--

COPY audit.audit_log (id, event_time, user_id, user_email, user_role, action, resource_type, resource_id, old_values, new_values, ip_address, user_agent, session_id, request_id, success, error_message, metadata, created_at) FROM stdin;
5ac90f4c-affe-4c07-8096-95b604161135	2025-06-12 08:21:38.954084+00	\N	\N	\N	UPDATE	clients	69cb7e99-72a2-41b2-9fe0-08b4a2d6857c	{"id": "69cb7e99-72a2-41b2-9fe0-08b4a2d6857c", "name": "Acme Pty Ltd", "active": false, "created_at": "2025-05-23T06:45:00.498027+00:00", "updated_at": "2025-05-31T23:05:02.669919+00:00", "contact_email": "jane.doe@test.com", "contact_phone": "0400000000", "contact_person": "Jane Doe"}	{"id": "69cb7e99-72a2-41b2-9fe0-08b4a2d6857c", "name": "Acme Pty Ltd", "active": true, "created_at": "2025-05-23T06:45:00.498027+00:00", "updated_at": "2025-06-12T08:21:38.954084+00:00", "contact_email": "jane.doe@test.com", "contact_phone": "0400000000", "contact_person": "Jane Doe"}	\N	\N	\N	\N	t	\N	\N	2025-06-12 08:21:38.954084+00
1ce5913f-2b9a-4df8-bbeb-b31a72043451	2025-06-12 10:12:28.428792+00	\N	\N	\N	UPDATE	users	d9ac8a7b-f679-49a1-8c99-837eb977578b	{"id": "d9ac8a7b-f679-49a1-8c99-837eb977578b", "name": "Nathan Harris", "role": "admin", "email": "nathan.harris02@gmail.com", "image": "https://img.clerk.com/eyJ0eXBlIjoiZGVmYXVsdCIsImlpZCI6Imluc18ydUNFWFhtQXhBcXNZTkhnTTBQNm1TY0U1QnQiLCJyaWQiOiJ1c2VyXzJ1TmszY2FDNkc4dGxvaHJncmtwd2Z6UXdZdiIsImluaXRpYWxzIjoiTkgifQ", "is_staff": true, "username": null, "is_active": true, "created_at": "2025-05-23T06:45:00.468049+00:00", "manager_id": null, "updated_at": "2025-05-30T17:04:22.086804+00:00", "clerk_user_id": "user_2uNk3caC6G8tlohrgrkpwfzQwYv", "deactivated_at": null, "deactivated_by": null}	{"id": "d9ac8a7b-f679-49a1-8c99-837eb977578b", "name": "Nathan Harris", "role": "admin", "email": "nathan.harris02@gmail.com", "image": "https://img.clerk.com/eyJ0eXBlIjoiZGVmYXVsdCIsImlpZCI6Imluc18ydUNFWFhtQXhBcXNZTkhnTTBQNm1TY0U1QnQiLCJyaWQiOiJ1c2VyXzJ1TmszY2FDNkc4dGxvaHJncmtwd2Z6UXdZdiIsImluaXRpYWxzIjoiTkgifQ", "is_staff": true, "username": "Test123", "is_active": true, "created_at": "2025-05-23T06:45:00.468049+00:00", "manager_id": null, "updated_at": "2025-06-12T10:12:28.428792+00:00", "clerk_user_id": "user_2uNk3caC6G8tlohrgrkpwfzQwYv", "deactivated_at": null, "deactivated_by": null}	\N	\N	\N	\N	t	\N	\N	2025-06-12 10:12:28.428792+00
8d56cd8e-2b20-4e3e-9542-369c55e79d58	2025-06-12 10:27:30.244003+00	\N	\N	\N	UPDATE	users	d9ac8a7b-f679-49a1-8c99-837eb977578b	{"id": "d9ac8a7b-f679-49a1-8c99-837eb977578b", "name": "Nathan Harris", "role": "admin", "email": "nathan.harris02@gmail.com", "image": "https://img.clerk.com/eyJ0eXBlIjoiZGVmYXVsdCIsImlpZCI6Imluc18ydUNFWFhtQXhBcXNZTkhnTTBQNm1TY0U1QnQiLCJyaWQiOiJ1c2VyXzJ1TmszY2FDNkc4dGxvaHJncmtwd2Z6UXdZdiIsImluaXRpYWxzIjoiTkgifQ", "is_staff": true, "username": "Test123", "is_active": true, "created_at": "2025-05-23T06:45:00.468049+00:00", "manager_id": null, "updated_at": "2025-06-12T10:12:28.428792+00:00", "clerk_user_id": "user_2uNk3caC6G8tlohrgrkpwfzQwYv", "deactivated_at": null, "deactivated_by": null}	{"id": "d9ac8a7b-f679-49a1-8c99-837eb977578b", "name": "Nathan Harris", "role": "admin", "email": "nathan.harris02@gmail.com", "image": "https://img.clerk.com/eyJ0eXBlIjoicHJveHkiLCJzcmMiOiJodHRwczovL2xoMy5nb29nbGV1c2VyY29udGVudC5jb20vYS9BQ2c4b2NMejE1UlFaTHFhUnA3WGpQaFdEbWIwMWVsX3FZVWhkbE9WemFxd2k2cjlISVhHUzgwaGhnPXMxMDAwLWMiLCJzIjoiSGwvSEx2aGQyakJoQWNFelNKWjVHdzZtYWlFMFJQYnNHTEZCZ0dia2VkSSJ9", "is_staff": true, "username": "Test1234", "is_active": true, "created_at": "2025-05-23T06:45:00.468049+00:00", "manager_id": null, "updated_at": "2025-06-12T10:27:30.244003+00:00", "clerk_user_id": "user_2uNk3caC6G8tlohrgrkpwfzQwYv", "deactivated_at": null, "deactivated_by": null}	\N	\N	\N	\N	t	\N	\N	2025-06-12 10:27:30.244003+00
87f97c85-8386-4ffd-9be2-59c904c6ab8c	2025-06-12 10:27:58.730883+00	\N	\N	\N	UPDATE	users	d9ac8a7b-f679-49a1-8c99-837eb977578b	{"id": "d9ac8a7b-f679-49a1-8c99-837eb977578b", "name": "Nathan Harris", "role": "admin", "email": "nathan.harris02@gmail.com", "image": "https://img.clerk.com/eyJ0eXBlIjoicHJveHkiLCJzcmMiOiJodHRwczovL2xoMy5nb29nbGV1c2VyY29udGVudC5jb20vYS9BQ2c4b2NMejE1UlFaTHFhUnA3WGpQaFdEbWIwMWVsX3FZVWhkbE9WemFxd2k2cjlISVhHUzgwaGhnPXMxMDAwLWMiLCJzIjoiSGwvSEx2aGQyakJoQWNFelNKWjVHdzZtYWlFMFJQYnNHTEZCZ0dia2VkSSJ9", "is_staff": true, "username": "Test1234", "is_active": true, "created_at": "2025-05-23T06:45:00.468049+00:00", "manager_id": null, "updated_at": "2025-06-12T10:27:30.244003+00:00", "clerk_user_id": "user_2uNk3caC6G8tlohrgrkpwfzQwYv", "deactivated_at": null, "deactivated_by": null}	{"id": "d9ac8a7b-f679-49a1-8c99-837eb977578b", "name": "Nathan Harris", "role": "admin", "email": "nathan.harris02@gmail.com", "image": "https://img.clerk.com/eyJ0eXBlIjoicHJveHkiLCJzcmMiOiJodHRwczovL2xoMy5nb29nbGV1c2VyY29udGVudC5jb20vYS9BQ2c4b2NMejE1UlFaTHFhUnA3WGpQaFdEbWIwMWVsX3FZVWhkbE9WemFxd2k2cjlISVhHUzgwaGhnPXMxMDAwLWMiLCJzIjoiSGwvSEx2aGQyakJoQWNFelNKWjVHdzZtYWlFMFJQYnNHTEZCZ0dia2VkSSJ9", "is_staff": true, "username": "Test123", "is_active": true, "created_at": "2025-05-23T06:45:00.468049+00:00", "manager_id": null, "updated_at": "2025-06-12T10:27:58.730883+00:00", "clerk_user_id": "user_2uNk3caC6G8tlohrgrkpwfzQwYv", "deactivated_at": null, "deactivated_by": null}	\N	\N	\N	\N	t	\N	\N	2025-06-12 10:27:58.730883+00
943d517d-ff4c-4058-ab14-817ad1b8374f	2025-06-12 10:45:49.238412+00	\N	\N	\N	UPDATE	users	d9ac8a7b-f679-49a1-8c99-837eb977578b	{"id": "d9ac8a7b-f679-49a1-8c99-837eb977578b", "name": "Nathan Harris", "role": "admin", "email": "nathan.harris02@gmail.com", "image": "https://img.clerk.com/eyJ0eXBlIjoicHJveHkiLCJzcmMiOiJodHRwczovL2xoMy5nb29nbGV1c2VyY29udGVudC5jb20vYS9BQ2c4b2NMejE1UlFaTHFhUnA3WGpQaFdEbWIwMWVsX3FZVWhkbE9WemFxd2k2cjlISVhHUzgwaGhnPXMxMDAwLWMiLCJzIjoiSGwvSEx2aGQyakJoQWNFelNKWjVHdzZtYWlFMFJQYnNHTEZCZ0dia2VkSSJ9", "is_staff": true, "username": "Test123", "is_active": true, "created_at": "2025-05-23T06:45:00.468049+00:00", "manager_id": null, "updated_at": "2025-06-12T10:27:58.730883+00:00", "clerk_user_id": "user_2uNk3caC6G8tlohrgrkpwfzQwYv", "deactivated_at": null, "deactivated_by": null}	{"id": "d9ac8a7b-f679-49a1-8c99-837eb977578b", "name": "Nathan Harris", "role": "admin", "email": "nathan.harris02@gmail.com", "image": "https://img.clerk.com/eyJ0eXBlIjoicHJveHkiLCJzcmMiOiJodHRwczovL2xoMy5nb29nbGV1c2VyY29udGVudC5jb20vYS9BQ2c4b2NMejE1UlFaTHFhUnA3WGpQaFdEbWIwMWVsX3FZVWhkbE9WemFxd2k2cjlISVhHUzgwaGhnPXMxMDAwLWMiLCJzIjoiSGwvSEx2aGQyakJoQWNFelNKWjVHdzZtYWlFMFJQYnNHTEZCZ0dia2VkSSJ9", "is_staff": true, "username": "Test1234", "is_active": true, "created_at": "2025-05-23T06:45:00.468049+00:00", "manager_id": null, "updated_at": "2025-06-12T10:45:49.238412+00:00", "clerk_user_id": "user_2uNk3caC6G8tlohrgrkpwfzQwYv", "deactivated_at": null, "deactivated_by": null}	\N	\N	\N	\N	t	\N	\N	2025-06-12 10:45:49.238412+00
d884c085-7c0d-4eec-b329-db5ed0830e79	2025-06-12 10:48:48.708996+00	\N	\N	\N	UPDATE	users	d9ac8a7b-f679-49a1-8c99-837eb977578b	{"id": "d9ac8a7b-f679-49a1-8c99-837eb977578b", "name": "Nathan Harris", "role": "admin", "email": "nathan.harris02@gmail.com", "image": "https://img.clerk.com/eyJ0eXBlIjoicHJveHkiLCJzcmMiOiJodHRwczovL2xoMy5nb29nbGV1c2VyY29udGVudC5jb20vYS9BQ2c4b2NMejE1UlFaTHFhUnA3WGpQaFdEbWIwMWVsX3FZVWhkbE9WemFxd2k2cjlISVhHUzgwaGhnPXMxMDAwLWMiLCJzIjoiSGwvSEx2aGQyakJoQWNFelNKWjVHdzZtYWlFMFJQYnNHTEZCZ0dia2VkSSJ9", "is_staff": true, "username": "Test1234", "is_active": true, "created_at": "2025-05-23T06:45:00.468049+00:00", "manager_id": null, "updated_at": "2025-06-12T10:45:49.238412+00:00", "clerk_user_id": "user_2uNk3caC6G8tlohrgrkpwfzQwYv", "deactivated_at": null, "deactivated_by": null}	{"id": "d9ac8a7b-f679-49a1-8c99-837eb977578b", "name": "Nathan Harris", "role": "admin", "email": "nathan.harris02@gmail.com", "image": "https://img.clerk.com/eyJ0eXBlIjoicHJveHkiLCJzcmMiOiJodHRwczovL2xoMy5nb29nbGV1c2VyY29udGVudC5jb20vYS9BQ2c4b2NMejE1UlFaTHFhUnA3WGpQaFdEbWIwMWVsX3FZVWhkbE9WemFxd2k2cjlISVhHUzgwaGhnPXMxMDAwLWMiLCJzIjoiSGwvSEx2aGQyakJoQWNFelNKWjVHdzZtYWlFMFJQYnNHTEZCZ0dia2VkSSJ9", "is_staff": true, "username": "", "is_active": true, "created_at": "2025-05-23T06:45:00.468049+00:00", "manager_id": null, "updated_at": "2025-06-12T10:48:48.708996+00:00", "clerk_user_id": "user_2uNk3caC6G8tlohrgrkpwfzQwYv", "deactivated_at": null, "deactivated_by": null}	\N	\N	\N	\N	t	\N	\N	2025-06-12 10:48:48.708996+00
a224443e-1553-457b-a7ee-f8c3eee30f96	2025-06-14 05:33:18.845411+00	\N	\N	\N	UPDATE	payrolls	17f681eb-3c58-4aa7-b6c1-9e75e2771a1d	{"id": "17f681eb-3c58-4aa7-b6c1-9e75e2771a1d", "name": "Weekly Payroll - Tuesday Moving", "status": "Active", "cycle_id": "713e04b1-e876-4169-8a05-f6846b51eb68", "client_id": "65e17d2e-df6e-448b-abb3-eea9d566a239", "created_at": "2025-05-31T12:31:33.576415+00:00", "date_value": 2, "updated_at": "2025-06-02T07:57:50.328+00:00", "date_type_id": "7e7d4966-eb52-4ea9-b5c2-9943d67b5cc7", "go_live_date": "2024-02-01", "employee_count": 18, "payroll_system": null, "version_number": 1, "version_reason": null, "manager_user_id": "0727c441-3fa7-44c2-b8f3-4e0b77986ac1", "processing_time": 4, "superseded_date": null, "parent_payroll_id": null, "created_by_user_id": null, "backup_consultant_user_id": "22a368d4-5d3f-4026-840c-55af6fb16972", "primary_consultant_user_id": "22a368d4-5d3f-4026-840c-55af6fb16972", "processing_days_before_eft": 5}	{"id": "17f681eb-3c58-4aa7-b6c1-9e75e2771a1d", "name": "Weekly Payroll - Tuesday Moving", "status": "Active", "cycle_id": "713e04b1-e876-4169-8a05-f6846b51eb68", "client_id": "65e17d2e-df6e-448b-abb3-eea9d566a239", "created_at": "2025-05-31T12:31:33.576415+00:00", "date_value": 2, "updated_at": "2025-06-14T05:33:18.784+00:00", "date_type_id": "7e7d4966-eb52-4ea9-b5c2-9943d67b5cc7", "go_live_date": "2024-02-01", "employee_count": 18, "payroll_system": null, "version_number": 1, "version_reason": null, "manager_user_id": "0727c441-3fa7-44c2-b8f3-4e0b77986ac1", "processing_time": 4, "superseded_date": null, "parent_payroll_id": null, "created_by_user_id": null, "backup_consultant_user_id": "22a368d4-5d3f-4026-840c-55af6fb16972", "primary_consultant_user_id": "7898704c-ee5c-4ade-81f3-80a4388413fb", "processing_days_before_eft": 5}	\N	\N	\N	\N	t	\N	\N	2025-06-14 05:33:18.845411+00
cc3429db-3ae5-4b02-9592-9204a4961d28	2025-06-14 14:34:27.794888+00	\N	\N	\N	UPDATE	users	d9ac8a7b-f679-49a1-8c99-837eb977578b	{"id": "d9ac8a7b-f679-49a1-8c99-837eb977578b", "name": "Nathan Harris", "role": "admin", "email": "nathan.harris02@gmail.com", "image": "https://img.clerk.com/eyJ0eXBlIjoicHJveHkiLCJzcmMiOiJodHRwczovL2xoMy5nb29nbGV1c2VyY29udGVudC5jb20vYS9BQ2c4b2NMejE1UlFaTHFhUnA3WGpQaFdEbWIwMWVsX3FZVWhkbE9WemFxd2k2cjlISVhHUzgwaGhnPXMxMDAwLWMiLCJzIjoiSGwvSEx2aGQyakJoQWNFelNKWjVHdzZtYWlFMFJQYnNHTEZCZ0dia2VkSSJ9", "is_staff": true, "username": "", "is_active": true, "created_at": "2025-05-23T06:45:00.468049+00:00", "manager_id": null, "updated_at": "2025-06-12T10:48:48.708996+00:00", "clerk_user_id": "user_2uNk3caC6G8tlohrgrkpwfzQwYv", "deactivated_at": null, "deactivated_by": null}	{"id": "d9ac8a7b-f679-49a1-8c99-837eb977578b", "name": "Nathan Harris", "role": "admin", "email": "nathan.harris02@gmail.com", "image": "https://img.clerk.com/eyJ0eXBlIjoicHJveHkiLCJzcmMiOiJodHRwczovL2xoMy5nb29nbGV1c2VyY29udGVudC5jb20vYS9BQ2c4b2NMejE1UlFaTHFhUnA3WGpQaFdEbWIwMWVsX3FZVWhkbE9WemFxd2k2cjlISVhHUzgwaGhnPXMxMDAwLWMiLCJzIjoiSGwvSEx2aGQyakJoQWNFelNKWjVHdzZtYWlFMFJQYnNHTEZCZ0dia2VkSSJ9", "is_staff": true, "username": "", "is_active": true, "created_at": "2025-05-23T06:45:00.468049+00:00", "manager_id": null, "updated_at": "2025-06-12T10:48:48.708996+00:00", "clerk_user_id": "user_2yU7Nspg9Nemmy1FdKE1SFIofms", "deactivated_at": null, "deactivated_by": null}	\N	\N	\N	\N	t	\N	\N	2025-06-14 14:34:27.794888+00
576c4e79-c2b4-463f-b319-18915752473b	2025-06-15 11:27:40.731723+00	\N	\N	\N	UPDATE	users	7898704c-ee5c-4ade-81f3-80a4388413fb	{"id": "7898704c-ee5c-4ade-81f3-80a4388413fb", "name": "Test User", "role": "consultant", "email": "nathan.harris@invenco.net", "image": "https://img.clerk.com/eyJ0eXBlIjoiZGVmYXVsdCIsImlpZCI6Imluc18ydUNFWFhtQXhBcXNZTkhnTTBQNm1TY0U1QnQiLCJyaWQiOiJ1c2VyXzJ4cUlkQmNQSldiUHNNZzc1Tklkc0VsbW9VVCIsImluaXRpYWxzIjoiVFUifQ", "is_staff": true, "username": null, "is_active": true, "created_at": "2025-05-31T02:40:37.787341+00:00", "manager_id": null, "updated_at": "2025-05-31T03:30:23.914982+00:00", "clerk_user_id": "user_2xqIdBcPJWbPsMg75NIdsElmoUT", "deactivated_at": null, "deactivated_by": null}	{"id": "7898704c-ee5c-4ade-81f3-80a4388413fb", "name": "Test User", "role": "consultant", "email": "nathan.harris@invenco.net", "image": "https://img.clerk.com/eyJ0eXBlIjoiZGVmYXVsdCIsImlpZCI6Imluc18ydUNFWFhtQXhBcXNZTkhnTTBQNm1TY0U1QnQiLCJyaWQiOiJ1c2VyXzJ4cUlkQmNQSldiUHNNZzc1Tklkc0VsbW9VVCIsImluaXRpYWxzIjoiVFUifQ", "is_staff": true, "username": null, "is_active": true, "created_at": "2025-05-31T02:40:37.787341+00:00", "manager_id": null, "updated_at": "2025-05-31T03:30:23.914982+00:00", "clerk_user_id": "user_2yXhEiNJEhLR25QDFnqD4dzpkkL", "deactivated_at": null, "deactivated_by": null}	\N	\N	\N	\N	t	\N	\N	2025-06-15 11:27:40.731723+00
0aff2fa6-ed0e-4338-89f6-1ce2ddf42a75	2025-06-15 11:27:40.767712+00	\N	\N	\N	UPDATE	users	e4313314-b89e-4346-9bb5-3aaf464c7152	{"id": "e4313314-b89e-4346-9bb5-3aaf464c7152", "name": "Jill Viewer", "role": "viewer", "email": "viewer@example.com", "image": "https://img.clerk.com/eyJ0eXBlIjoiZGVmYXVsdCIsImlpZCI6Imluc18ydUNFWFhtQXhBcXNZTkhnTTBQNm1TY0U1QnQiLCJyaWQiOiJ1c2VyXzJ1Q1VFS1N4Y2xkczc0TnYwaWZDZW5iOWs4dyIsImluaXRpYWxzIjoiSlYifQ", "is_staff": false, "username": null, "is_active": true, "created_at": "2025-05-23T06:45:00.468049+00:00", "manager_id": null, "updated_at": "2025-05-23T06:45:00.468049+00:00", "clerk_user_id": "user_2uCUEKSxclds74Nv0ifCenb9k8w", "deactivated_at": null, "deactivated_by": null}	{"id": "e4313314-b89e-4346-9bb5-3aaf464c7152", "name": "Jill Viewer", "role": "viewer", "email": "viewer@example.com", "image": "https://img.clerk.com/eyJ0eXBlIjoiZGVmYXVsdCIsImlpZCI6Imluc18ydUNFWFhtQXhBcXNZTkhnTTBQNm1TY0U1QnQiLCJyaWQiOiJ1c2VyXzJ1Q1VFS1N4Y2xkczc0TnYwaWZDZW5iOWs4dyIsImluaXRpYWxzIjoiSlYifQ", "is_staff": false, "username": null, "is_active": true, "created_at": "2025-05-23T06:45:00.468049+00:00", "manager_id": null, "updated_at": "2025-05-23T06:45:00.468049+00:00", "clerk_user_id": "user_2yXhB08hGyXX7p8C8pWg5yPceIx", "deactivated_at": null, "deactivated_by": null}	\N	\N	\N	\N	t	\N	\N	2025-06-15 11:27:40.767712+00
5003428c-1ee8-4d53-904f-1ecd71507630	2025-06-15 11:27:40.78472+00	\N	\N	\N	UPDATE	users	22a368d4-5d3f-4026-840c-55af6fb16972	{"id": "22a368d4-5d3f-4026-840c-55af6fb16972", "name": "Jim Consultant", "role": "consultant", "email": "consultant@example.com", "image": "https://img.clerk.com/eyJ0eXBlIjoiZGVmYXVsdCIsImlpZCI6Imluc18ydUNFWFhtQXhBcXNZTkhnTTBQNm1TY0U1QnQiLCJyaWQiOiJ1c2VyXzJ1Q1U5cEtmN1JQMkZpT1JISlZNNUlIMFBkMSIsImluaXRpYWxzIjoiSkMifQ", "is_staff": true, "username": null, "is_active": true, "created_at": "2025-05-23T06:45:00.468049+00:00", "manager_id": null, "updated_at": "2025-05-31T00:28:51.38901+00:00", "clerk_user_id": "user_2uCU9pKf7RP2FiORHJVM5IH0Pd1", "deactivated_at": null, "deactivated_by": null}	{"id": "22a368d4-5d3f-4026-840c-55af6fb16972", "name": "Jim Consultant", "role": "consultant", "email": "consultant@example.com", "image": "https://img.clerk.com/eyJ0eXBlIjoiZGVmYXVsdCIsImlpZCI6Imluc18ydUNFWFhtQXhBcXNZTkhnTTBQNm1TY0U1QnQiLCJyaWQiOiJ1c2VyXzJ1Q1U5cEtmN1JQMkZpT1JISlZNNUlIMFBkMSIsImluaXRpYWxzIjoiSkMifQ", "is_staff": true, "username": null, "is_active": true, "created_at": "2025-05-23T06:45:00.468049+00:00", "manager_id": null, "updated_at": "2025-05-31T00:28:51.38901+00:00", "clerk_user_id": "user_2yXh6Wu8FUd7VbPEB56M0XfXsio", "deactivated_at": null, "deactivated_by": null}	\N	\N	\N	\N	t	\N	\N	2025-06-15 11:27:40.78472+00
6cbe1db4-2ec4-40af-a658-b5008ef2b5cc	2025-06-29 01:08:00.552167+00	\N	\N	\N	INSERT	clients	e9f0f635-c229-45cd-9f2b-8e0c461601f4	\N	{"id": "e9f0f635-c229-45cd-9f2b-8e0c461601f4", "name": "Test 2", "active": true, "created_at": "2025-06-29T01:08:00.552167+00:00", "updated_at": "2025-06-29T01:08:00.552167+00:00", "contact_email": "test2@test.com", "contact_phone": "0400000000", "contact_person": "Test 2"}	\N	\N	\N	\N	t	\N	\N	2025-06-29 01:08:00.552167+00
54e39a9a-1a0c-4022-842f-a55c6fa6c643	2025-07-05 08:22:45.006761+00	\N	\N	\N	INSERT	role_permissions	467b1bc1-c9f0-40a7-92f9-803696ab8549	\N	{"id": "467b1bc1-c9f0-40a7-92f9-803696ab8549", "role_id": "7950e369-5257-4cc4-94ea-53ceecaf91a3", "conditions": null, "created_at": "2025-07-05T08:22:45.006761+00:00", "updated_at": "2025-07-05T08:22:45.006761+00:00", "permission_id": "ae003b52-467a-48a1-8a9a-3c845756b39e"}	\N	\N	\N	\N	t	\N	\N	2025-07-05 08:22:45.006761+00
9fecac1c-c067-4b75-8edc-1830238eed07	2025-06-15 11:27:40.795706+00	\N	\N	\N	UPDATE	users	0727c441-3fa7-44c2-b8f3-4e0b77986ac1	{"id": "0727c441-3fa7-44c2-b8f3-4e0b77986ac1", "name": "Jane Manager", "role": "manager", "email": "manager@example.com", "image": "https://img.clerk.com/eyJ0eXBlIjoiZGVmYXVsdCIsImlpZCI6Imluc18ydUNFWFhtQXhBcXNZTkhnTTBQNm1TY0U1QnQiLCJyaWQiOiJ1c2VyXzJ1Q1U1TzV2Z0xwcXd0Tzh4Y3JTWHRSRWcySyIsImluaXRpYWxzIjoiSk0ifQ", "is_staff": true, "username": null, "is_active": true, "created_at": "2025-05-23T06:45:00.468049+00:00", "manager_id": null, "updated_at": "2025-05-23T06:45:00.468049+00:00", "clerk_user_id": "user_2uCU5O5vgLpqwtO8xcrSXtREg2K", "deactivated_at": null, "deactivated_by": null}	{"id": "0727c441-3fa7-44c2-b8f3-4e0b77986ac1", "name": "Jane Manager", "role": "manager", "email": "manager@example.com", "image": "https://img.clerk.com/eyJ0eXBlIjoiZGVmYXVsdCIsImlpZCI6Imluc18ydUNFWFhtQXhBcXNZTkhnTTBQNm1TY0U1QnQiLCJyaWQiOiJ1c2VyXzJ1Q1U1TzV2Z0xwcXd0Tzh4Y3JTWHRSRWcySyIsImluaXRpYWxzIjoiSk0ifQ", "is_staff": true, "username": null, "is_active": true, "created_at": "2025-05-23T06:45:00.468049+00:00", "manager_id": null, "updated_at": "2025-05-23T06:45:00.468049+00:00", "clerk_user_id": "user_2yXh2JHR2xtsfp16fkTdXHF9P3c", "deactivated_at": null, "deactivated_by": null}	\N	\N	\N	\N	t	\N	\N	2025-06-15 11:27:40.795706+00
0eb83675-2c6c-40a0-81c7-275a93f09814	2025-06-15 11:27:40.812793+00	\N	\N	\N	UPDATE	users	9aed2a64-0407-4dff-a621-2b7013e1713a	{"id": "9aed2a64-0407-4dff-a621-2b7013e1713a", "name": "John Admin", "role": "org_admin", "email": "admin@example.com", "image": "https://img.clerk.com/eyJ0eXBlIjoiZGVmYXVsdCIsImlpZCI6Imluc18ydUNFWFhtQXhBcXNZTkhnTTBQNm1TY0U1QnQiLCJyaWQiOiJ1c2VyXzJ1Q1R0RUJlbzcwdEFUMEdJaGliV2FRUTRpViIsImluaXRpYWxzIjoiSkEifQ", "is_staff": true, "username": null, "is_active": true, "created_at": "2025-05-23T06:45:00.468049+00:00", "manager_id": null, "updated_at": "2025-05-23T06:45:00.468049+00:00", "clerk_user_id": "user_2uCTtEBeo70tAT0GIhibWaQQ4iV", "deactivated_at": null, "deactivated_by": null}	{"id": "9aed2a64-0407-4dff-a621-2b7013e1713a", "name": "John Admin", "role": "org_admin", "email": "admin@example.com", "image": "https://img.clerk.com/eyJ0eXBlIjoiZGVmYXVsdCIsImlpZCI6Imluc18ydUNFWFhtQXhBcXNZTkhnTTBQNm1TY0U1QnQiLCJyaWQiOiJ1c2VyXzJ1Q1R0RUJlbzcwdEFUMEdJaGliV2FRUTRpViIsImluaXRpYWxzIjoiSkEifQ", "is_staff": true, "username": null, "is_active": true, "created_at": "2025-05-23T06:45:00.468049+00:00", "manager_id": null, "updated_at": "2025-05-23T06:45:00.468049+00:00", "clerk_user_id": "user_2yXgxgRHxUilIyqE04jWreCRoO4", "deactivated_at": null, "deactivated_by": null}	\N	\N	\N	\N	t	\N	\N	2025-06-15 11:27:40.812793+00
3759bae4-d6d1-4156-8647-23c0ae28629e	2025-06-15 12:08:43.356573+00	\N	\N	\N	DELETE	users	f07a0f7d-2af1-4464-a93a-4353d99ecdd7	{"id": "f07a0f7d-2af1-4464-a93a-4353d99ecdd7", "name": "Katrina Harris", "role": "org_admin", "email": "katrina.harris@findex.com.au", "image": null, "is_staff": true, "username": null, "is_active": true, "created_at": "2025-06-02T09:35:08.804314+00:00", "manager_id": null, "updated_at": "2025-06-02T09:35:08.804314+00:00", "clerk_user_id": null, "deactivated_at": null, "deactivated_by": null}	\N	\N	\N	\N	\N	t	\N	\N	2025-06-15 12:08:43.356573+00
0f819363-f0c1-4303-8b3f-61690d36b64d	2025-06-16 03:06:30.988734+00	\N	\N	\N	UPDATE	payrolls	17f681eb-3c58-4aa7-b6c1-9e75e2771a1d	{"id": "17f681eb-3c58-4aa7-b6c1-9e75e2771a1d", "name": "Weekly Payroll - Tuesday Moving", "status": "Active", "cycle_id": "713e04b1-e876-4169-8a05-f6846b51eb68", "client_id": "65e17d2e-df6e-448b-abb3-eea9d566a239", "created_at": "2025-05-31T12:31:33.576415+00:00", "date_value": 2, "updated_at": "2025-06-14T05:33:18.784+00:00", "date_type_id": "7e7d4966-eb52-4ea9-b5c2-9943d67b5cc7", "go_live_date": "2024-02-01", "employee_count": 18, "payroll_system": null, "version_number": 1, "version_reason": null, "manager_user_id": "0727c441-3fa7-44c2-b8f3-4e0b77986ac1", "processing_time": 4, "superseded_date": null, "parent_payroll_id": null, "created_by_user_id": null, "backup_consultant_user_id": "22a368d4-5d3f-4026-840c-55af6fb16972", "primary_consultant_user_id": "7898704c-ee5c-4ade-81f3-80a4388413fb", "processing_days_before_eft": 5}	{"id": "17f681eb-3c58-4aa7-b6c1-9e75e2771a1d", "name": "Weekly Payroll - Tuesday Moving", "status": "Active", "cycle_id": "713e04b1-e876-4169-8a05-f6846b51eb68", "client_id": "65e17d2e-df6e-448b-abb3-eea9d566a239", "created_at": "2025-05-31T12:31:33.576415+00:00", "date_value": 2, "updated_at": "2025-06-16T03:06:30.988734+00:00", "date_type_id": "7e7d4966-eb52-4ea9-b5c2-9943d67b5cc7", "go_live_date": "2024-02-01", "employee_count": 18, "payroll_system": null, "version_number": 1, "version_reason": null, "manager_user_id": "0727c441-3fa7-44c2-b8f3-4e0b77986ac1", "processing_time": 4, "superseded_date": null, "parent_payroll_id": null, "created_by_user_id": null, "backup_consultant_user_id": "7898704c-ee5c-4ade-81f3-80a4388413fb", "primary_consultant_user_id": "22a368d4-5d3f-4026-840c-55af6fb16972", "processing_days_before_eft": 5}	\N	\N	\N	\N	t	\N	\N	2025-06-16 03:06:30.988734+00
83a21abf-0d80-47d6-985b-acf62dfe79e8	2025-06-16 06:43:57.776055+00	\N	\N	\N	UPDATE	payrolls	17f681eb-3c58-4aa7-b6c1-9e75e2771a1d	{"id": "17f681eb-3c58-4aa7-b6c1-9e75e2771a1d", "name": "Weekly Payroll - Tuesday Moving", "status": "Active", "cycle_id": "713e04b1-e876-4169-8a05-f6846b51eb68", "client_id": "65e17d2e-df6e-448b-abb3-eea9d566a239", "created_at": "2025-05-31T12:31:33.576415+00:00", "date_value": 2, "updated_at": "2025-06-16T03:06:30.988734+00:00", "date_type_id": "7e7d4966-eb52-4ea9-b5c2-9943d67b5cc7", "go_live_date": "2024-02-01", "employee_count": 18, "payroll_system": null, "version_number": 1, "version_reason": null, "manager_user_id": "0727c441-3fa7-44c2-b8f3-4e0b77986ac1", "processing_time": 4, "superseded_date": null, "parent_payroll_id": null, "created_by_user_id": null, "backup_consultant_user_id": "7898704c-ee5c-4ade-81f3-80a4388413fb", "primary_consultant_user_id": "22a368d4-5d3f-4026-840c-55af6fb16972", "processing_days_before_eft": 5}	{"id": "17f681eb-3c58-4aa7-b6c1-9e75e2771a1d", "name": "Weekly Payroll - Tuesday Moving", "status": "Active", "cycle_id": "713e04b1-e876-4169-8a05-f6846b51eb68", "client_id": "65e17d2e-df6e-448b-abb3-eea9d566a239", "created_at": "2025-05-31T12:31:33.576415+00:00", "date_value": 2, "updated_at": "2025-06-16T06:43:57.776055+00:00", "date_type_id": "7e7d4966-eb52-4ea9-b5c2-9943d67b5cc7", "go_live_date": "2024-02-01", "employee_count": 18, "payroll_system": null, "version_number": 1, "version_reason": null, "manager_user_id": "0727c441-3fa7-44c2-b8f3-4e0b77986ac1", "processing_time": 4, "superseded_date": null, "parent_payroll_id": null, "created_by_user_id": null, "backup_consultant_user_id": "0727c441-3fa7-44c2-b8f3-4e0b77986ac1", "primary_consultant_user_id": "7898704c-ee5c-4ade-81f3-80a4388413fb", "processing_days_before_eft": 5}	\N	\N	\N	\N	t	\N	\N	2025-06-16 06:43:57.776055+00
04956426-895f-402d-b10f-20a86e5b3cc2	2025-07-05 08:22:45.006761+00	\N	\N	\N	INSERT	role_permissions	db6fb636-0690-45df-b884-9aaa68a03e2e	\N	{"id": "db6fb636-0690-45df-b884-9aaa68a03e2e", "role_id": "7950e369-5257-4cc4-94ea-53ceecaf91a3", "conditions": null, "created_at": "2025-07-05T08:22:45.006761+00:00", "updated_at": "2025-07-05T08:22:45.006761+00:00", "permission_id": "c84f5481-1802-4599-b531-20666c14cba4"}	\N	\N	\N	\N	t	\N	\N	2025-07-05 08:22:45.006761+00
aaf2eb45-3477-4b04-9e3d-efd088e303c6	2025-07-05 08:22:45.006761+00	\N	\N	\N	INSERT	role_permissions	cd78dfbd-734e-4103-a78e-b1012daf3c30	\N	{"id": "cd78dfbd-734e-4103-a78e-b1012daf3c30", "role_id": "7950e369-5257-4cc4-94ea-53ceecaf91a3", "conditions": null, "created_at": "2025-07-05T08:22:45.006761+00:00", "updated_at": "2025-07-05T08:22:45.006761+00:00", "permission_id": "48e073f6-837c-42ba-afb4-ae5d11f5e52e"}	\N	\N	\N	\N	t	\N	\N	2025-07-05 08:22:45.006761+00
646466c6-e544-42ba-86cd-12b5e88f460d	2025-07-05 08:22:45.006761+00	\N	\N	\N	INSERT	role_permissions	5cef7a1d-f0ec-4295-890e-028f534f01ba	\N	{"id": "5cef7a1d-f0ec-4295-890e-028f534f01ba", "role_id": "7950e369-5257-4cc4-94ea-53ceecaf91a3", "conditions": null, "created_at": "2025-07-05T08:22:45.006761+00:00", "updated_at": "2025-07-05T08:22:45.006761+00:00", "permission_id": "01d343d4-3ad9-4ccc-a501-8c2f083c4e73"}	\N	\N	\N	\N	t	\N	\N	2025-07-05 08:22:45.006761+00
e79dd5cf-858e-46ad-8b1f-325b705ccf23	2025-06-16 06:47:15.930885+00	\N	\N	\N	UPDATE	payrolls	17f681eb-3c58-4aa7-b6c1-9e75e2771a1d	{"id": "17f681eb-3c58-4aa7-b6c1-9e75e2771a1d", "name": "Weekly Payroll - Tuesday Moving", "status": "Active", "cycle_id": "713e04b1-e876-4169-8a05-f6846b51eb68", "client_id": "65e17d2e-df6e-448b-abb3-eea9d566a239", "created_at": "2025-05-31T12:31:33.576415+00:00", "date_value": 2, "updated_at": "2025-06-16T06:43:57.776055+00:00", "date_type_id": "7e7d4966-eb52-4ea9-b5c2-9943d67b5cc7", "go_live_date": "2024-02-01", "employee_count": 18, "payroll_system": null, "version_number": 1, "version_reason": null, "manager_user_id": "0727c441-3fa7-44c2-b8f3-4e0b77986ac1", "processing_time": 4, "superseded_date": null, "parent_payroll_id": null, "created_by_user_id": null, "backup_consultant_user_id": "0727c441-3fa7-44c2-b8f3-4e0b77986ac1", "primary_consultant_user_id": "7898704c-ee5c-4ade-81f3-80a4388413fb", "processing_days_before_eft": 5}	{"id": "17f681eb-3c58-4aa7-b6c1-9e75e2771a1d", "name": "Weekly Payroll - Tuesday Moving", "status": "Active", "cycle_id": "713e04b1-e876-4169-8a05-f6846b51eb68", "client_id": "65e17d2e-df6e-448b-abb3-eea9d566a239", "created_at": "2025-05-31T12:31:33.576415+00:00", "date_value": 2, "updated_at": "2025-06-16T06:47:15.930885+00:00", "date_type_id": "7e7d4966-eb52-4ea9-b5c2-9943d67b5cc7", "go_live_date": "2024-02-01", "employee_count": 18, "payroll_system": null, "version_number": 1, "version_reason": null, "manager_user_id": "0727c441-3fa7-44c2-b8f3-4e0b77986ac1", "processing_time": 4, "superseded_date": null, "parent_payroll_id": null, "created_by_user_id": null, "backup_consultant_user_id": "9aed2a64-0407-4dff-a621-2b7013e1713a", "primary_consultant_user_id": "22a368d4-5d3f-4026-840c-55af6fb16972", "processing_days_before_eft": 5}	\N	\N	\N	\N	t	\N	\N	2025-06-16 06:47:15.930885+00
d187b53d-9f6a-41aa-b258-cb574e6e9a70	2025-06-16 08:14:15.88828+00	\N	\N	\N	UPDATE	payrolls	17f681eb-3c58-4aa7-b6c1-9e75e2771a1d	{"id": "17f681eb-3c58-4aa7-b6c1-9e75e2771a1d", "name": "Weekly Payroll - Tuesday Moving", "status": "Active", "cycle_id": "713e04b1-e876-4169-8a05-f6846b51eb68", "client_id": "65e17d2e-df6e-448b-abb3-eea9d566a239", "created_at": "2025-05-31T12:31:33.576415+00:00", "date_value": 2, "updated_at": "2025-06-16T06:47:15.930885+00:00", "date_type_id": "7e7d4966-eb52-4ea9-b5c2-9943d67b5cc7", "go_live_date": "2024-02-01", "employee_count": 18, "payroll_system": null, "version_number": 1, "version_reason": null, "manager_user_id": "0727c441-3fa7-44c2-b8f3-4e0b77986ac1", "processing_time": 4, "superseded_date": null, "parent_payroll_id": null, "created_by_user_id": null, "backup_consultant_user_id": "9aed2a64-0407-4dff-a621-2b7013e1713a", "primary_consultant_user_id": "22a368d4-5d3f-4026-840c-55af6fb16972", "processing_days_before_eft": 5}	{"id": "17f681eb-3c58-4aa7-b6c1-9e75e2771a1d", "name": "Weekly Payroll - Tuesday", "status": "Active", "cycle_id": "713e04b1-e876-4169-8a05-f6846b51eb68", "client_id": "65e17d2e-df6e-448b-abb3-eea9d566a239", "created_at": "2025-05-31T12:31:33.576415+00:00", "date_value": 2, "updated_at": "2025-06-16T08:14:15.88828+00:00", "date_type_id": "7e7d4966-eb52-4ea9-b5c2-9943d67b5cc7", "go_live_date": "2024-02-01", "employee_count": 18, "payroll_system": null, "version_number": 1, "version_reason": null, "manager_user_id": "0727c441-3fa7-44c2-b8f3-4e0b77986ac1", "processing_time": 4, "superseded_date": null, "parent_payroll_id": null, "created_by_user_id": null, "backup_consultant_user_id": "9aed2a64-0407-4dff-a621-2b7013e1713a", "primary_consultant_user_id": "22a368d4-5d3f-4026-840c-55af6fb16972", "processing_days_before_eft": 5}	\N	\N	\N	\N	t	\N	\N	2025-06-16 08:14:15.88828+00
5769e35d-c536-4a6a-9471-8eaca4ecdaff	2025-06-16 11:12:16.198006+00	\N	\N	\N	UPDATE	users	d9ac8a7b-f679-49a1-8c99-837eb977578b	{"id": "d9ac8a7b-f679-49a1-8c99-837eb977578b", "name": "Nathan Harris", "role": "admin", "email": "nathan.harris02@gmail.com", "image": "https://img.clerk.com/eyJ0eXBlIjoicHJveHkiLCJzcmMiOiJodHRwczovL2xoMy5nb29nbGV1c2VyY29udGVudC5jb20vYS9BQ2c4b2NMejE1UlFaTHFhUnA3WGpQaFdEbWIwMWVsX3FZVWhkbE9WemFxd2k2cjlISVhHUzgwaGhnPXMxMDAwLWMiLCJzIjoiSGwvSEx2aGQyakJoQWNFelNKWjVHdzZtYWlFMFJQYnNHTEZCZ0dia2VkSSJ9", "is_staff": true, "username": "", "is_active": true, "created_at": "2025-05-23T06:45:00.468049+00:00", "manager_id": null, "updated_at": "2025-06-12T10:48:48.708996+00:00", "clerk_user_id": "user_2yU7Nspg9Nemmy1FdKE1SFIofms", "deactivated_at": null, "deactivated_by": null}	{"id": "d9ac8a7b-f679-49a1-8c99-837eb977578b", "name": "Nathan Harris", "role": "admin", "email": "nathan.harris02@gmail.com", "image": "https://img.clerk.com/eyJ0eXBlIjoiZGVmYXVsdCIsImlpZCI6Imluc18ydUNSSGZicEpnZXJwUUJwZTUyYnZGT1V4a0IiLCJyaWQiOiJ1c2VyXzJ5VTdOc3BnOU5lbW15MUZkS0UxU0ZJb2ZtcyIsImluaXRpYWxzIjoiTkgifQ", "is_staff": true, "username": "", "is_active": true, "created_at": "2025-05-23T06:45:00.468049+00:00", "manager_id": null, "updated_at": "2025-06-16T11:12:16.198006+00:00", "clerk_user_id": "user_2yU7Nspg9Nemmy1FdKE1SFIofms", "deactivated_at": null, "deactivated_by": null}	\N	\N	\N	\N	t	\N	\N	2025-06-16 11:12:16.198006+00
82623575-7496-4a3d-9650-6ac0fbf2c03d	2025-06-17 04:55:12.724268+00	\N	\N	\N	UPDATE	users	d9ac8a7b-f679-49a1-8c99-837eb977578b	{"id": "d9ac8a7b-f679-49a1-8c99-837eb977578b", "name": "Nathan Harris", "role": "admin", "email": "nathan.harris02@gmail.com", "image": "https://img.clerk.com/eyJ0eXBlIjoiZGVmYXVsdCIsImlpZCI6Imluc18ydUNSSGZicEpnZXJwUUJwZTUyYnZGT1V4a0IiLCJyaWQiOiJ1c2VyXzJ5VTdOc3BnOU5lbW15MUZkS0UxU0ZJb2ZtcyIsImluaXRpYWxzIjoiTkgifQ", "is_staff": true, "username": "", "is_active": true, "created_at": "2025-05-23T06:45:00.468049+00:00", "manager_id": null, "updated_at": "2025-06-16T11:12:16.198006+00:00", "clerk_user_id": "user_2yU7Nspg9Nemmy1FdKE1SFIofms", "deactivated_at": null, "deactivated_by": null}	{"id": "d9ac8a7b-f679-49a1-8c99-837eb977578b", "name": "Nathan Harris", "role": "org_admin", "email": "nathan.harris02@gmail.com", "image": "https://img.clerk.com/eyJ0eXBlIjoiZGVmYXVsdCIsImlpZCI6Imluc18ydUNSSGZicEpnZXJwUUJwZTUyYnZGT1V4a0IiLCJyaWQiOiJ1c2VyXzJ5VTdOc3BnOU5lbW15MUZkS0UxU0ZJb2ZtcyIsImluaXRpYWxzIjoiTkgifQ", "is_staff": true, "username": "", "is_active": true, "created_at": "2025-05-23T06:45:00.468049+00:00", "manager_id": null, "updated_at": "2025-06-16T11:12:16.198006+00:00", "clerk_user_id": "user_2yU7Nspg9Nemmy1FdKE1SFIofms", "deactivated_at": null, "deactivated_by": null}	\N	\N	\N	\N	t	\N	\N	2025-06-17 04:55:12.724268+00
eb8c9cc0-d20b-44ee-819f-78c834801f0b	2025-06-17 04:57:00.654567+00	\N	\N	\N	UPDATE	users	d9ac8a7b-f679-49a1-8c99-837eb977578b	{"id": "d9ac8a7b-f679-49a1-8c99-837eb977578b", "name": "Nathan Harris", "role": "org_admin", "email": "nathan.harris02@gmail.com", "image": "https://img.clerk.com/eyJ0eXBlIjoiZGVmYXVsdCIsImlpZCI6Imluc18ydUNSSGZicEpnZXJwUUJwZTUyYnZGT1V4a0IiLCJyaWQiOiJ1c2VyXzJ5VTdOc3BnOU5lbW15MUZkS0UxU0ZJb2ZtcyIsImluaXRpYWxzIjoiTkgifQ", "is_staff": true, "username": "", "is_active": true, "created_at": "2025-05-23T06:45:00.468049+00:00", "manager_id": null, "updated_at": "2025-06-16T11:12:16.198006+00:00", "clerk_user_id": "user_2yU7Nspg9Nemmy1FdKE1SFIofms", "deactivated_at": null, "deactivated_by": null}	{"id": "d9ac8a7b-f679-49a1-8c99-837eb977578b", "name": "Nathan Harris", "role": "admin", "email": "nathan.harris02@gmail.com", "image": "https://img.clerk.com/eyJ0eXBlIjoiZGVmYXVsdCIsImlpZCI6Imluc18ydUNSSGZicEpnZXJwUUJwZTUyYnZGT1V4a0IiLCJyaWQiOiJ1c2VyXzJ5VTdOc3BnOU5lbW15MUZkS0UxU0ZJb2ZtcyIsImluaXRpYWxzIjoiTkgifQ", "is_staff": true, "username": "", "is_active": true, "created_at": "2025-05-23T06:45:00.468049+00:00", "manager_id": null, "updated_at": "2025-06-16T11:12:16.198006+00:00", "clerk_user_id": "user_2yU7Nspg9Nemmy1FdKE1SFIofms", "deactivated_at": null, "deactivated_by": null}	\N	\N	\N	\N	t	\N	\N	2025-06-17 04:57:00.654567+00
c3f21a2b-6ff5-4266-967d-fbbd78b640ad	2025-06-17 05:02:38.188229+00	\N	\N	\N	UPDATE	users	d9ac8a7b-f679-49a1-8c99-837eb977578b	{"id": "d9ac8a7b-f679-49a1-8c99-837eb977578b", "name": "Nathan Harris", "role": "admin", "email": "nathan.harris02@gmail.com", "image": "https://img.clerk.com/eyJ0eXBlIjoiZGVmYXVsdCIsImlpZCI6Imluc18ydUNSSGZicEpnZXJwUUJwZTUyYnZGT1V4a0IiLCJyaWQiOiJ1c2VyXzJ5VTdOc3BnOU5lbW15MUZkS0UxU0ZJb2ZtcyIsImluaXRpYWxzIjoiTkgifQ", "is_staff": true, "username": "", "is_active": true, "created_at": "2025-05-23T06:45:00.468049+00:00", "manager_id": null, "updated_at": "2025-06-16T11:12:16.198006+00:00", "clerk_user_id": "user_2yU7Nspg9Nemmy1FdKE1SFIofms", "deactivated_at": null, "deactivated_by": null}	{"id": "d9ac8a7b-f679-49a1-8c99-837eb977578b", "name": "Nathan Harris", "role": "developer", "email": "nathan.harris02@gmail.com", "image": "https://img.clerk.com/eyJ0eXBlIjoiZGVmYXVsdCIsImlpZCI6Imluc18ydUNSSGZicEpnZXJwUUJwZTUyYnZGT1V4a0IiLCJyaWQiOiJ1c2VyXzJ5VTdOc3BnOU5lbW15MUZkS0UxU0ZJb2ZtcyIsImluaXRpYWxzIjoiTkgifQ", "is_staff": true, "username": "", "is_active": true, "created_at": "2025-05-23T06:45:00.468049+00:00", "manager_id": null, "updated_at": "2025-06-16T11:12:16.198006+00:00", "clerk_user_id": "user_2yU7Nspg9Nemmy1FdKE1SFIofms", "deactivated_at": null, "deactivated_by": null}	\N	\N	\N	\N	t	\N	\N	2025-06-17 05:02:38.188229+00
34de3711-eb3e-4552-8506-d2ca435138ec	2025-06-22 02:05:20.44584+00	\N	\N	\N	UPDATE	users	d9ac8a7b-f679-49a1-8c99-837eb977578b	{"id": "d9ac8a7b-f679-49a1-8c99-837eb977578b", "name": "Nathan Harris", "role": "developer", "email": "nathan.harris02@gmail.com", "image": "https://img.clerk.com/eyJ0eXBlIjoiZGVmYXVsdCIsImlpZCI6Imluc18ydUNSSGZicEpnZXJwUUJwZTUyYnZGT1V4a0IiLCJyaWQiOiJ1c2VyXzJ5VTdOc3BnOU5lbW15MUZkS0UxU0ZJb2ZtcyIsImluaXRpYWxzIjoiTkgifQ", "is_staff": true, "username": "", "is_active": true, "created_at": "2025-05-23T06:45:00.468049+00:00", "manager_id": null, "updated_at": "2025-06-16T11:12:16.198006+00:00", "clerk_user_id": "user_2yU7Nspg9Nemmy1FdKE1SFIofms", "deactivated_at": null, "deactivated_by": null}	{"id": "d9ac8a7b-f679-49a1-8c99-837eb977578b", "name": "Nathan Harris", "role": "developer", "email": "nathan.harris02@gmail.com", "image": "https://img.clerk.com/eyJ0eXBlIjoiZGVmYXVsdCIsImlpZCI6Imluc18ydUNSSGZicEpnZXJwUUJwZTUyYnZGT1V4a0IiLCJyaWQiOiJ1c2VyXzJ5VTdOc3BnOU5lbW15MUZkS0UxU0ZJb2ZtcyIsImluaXRpYWxzIjoiTkgifQ", "is_staff": true, "username": "null", "is_active": true, "created_at": "2025-05-23T06:45:00.468049+00:00", "manager_id": null, "updated_at": "2025-06-16T11:12:16.198006+00:00", "clerk_user_id": "user_2yU7Nspg9Nemmy1FdKE1SFIofms", "deactivated_at": null, "deactivated_by": null}	\N	\N	\N	\N	t	\N	\N	2025-06-22 02:05:20.44584+00
b4f9a9e0-009a-412a-ae52-15e44795ee8a	2025-06-22 02:05:32.154845+00	\N	\N	\N	UPDATE	users	d9ac8a7b-f679-49a1-8c99-837eb977578b	{"id": "d9ac8a7b-f679-49a1-8c99-837eb977578b", "name": "Nathan Harris", "role": "developer", "email": "nathan.harris02@gmail.com", "image": "https://img.clerk.com/eyJ0eXBlIjoiZGVmYXVsdCIsImlpZCI6Imluc18ydUNSSGZicEpnZXJwUUJwZTUyYnZGT1V4a0IiLCJyaWQiOiJ1c2VyXzJ5VTdOc3BnOU5lbW15MUZkS0UxU0ZJb2ZtcyIsImluaXRpYWxzIjoiTkgifQ", "is_staff": true, "username": "null", "is_active": true, "created_at": "2025-05-23T06:45:00.468049+00:00", "manager_id": null, "updated_at": "2025-06-16T11:12:16.198006+00:00", "clerk_user_id": "user_2yU7Nspg9Nemmy1FdKE1SFIofms", "deactivated_at": null, "deactivated_by": null}	{"id": "d9ac8a7b-f679-49a1-8c99-837eb977578b", "name": "Nathan Harris", "role": "developer", "email": "nathan.harris02@gmail.com", "image": "https://img.clerk.com/eyJ0eXBlIjoiZGVmYXVsdCIsImlpZCI6Imluc18ydUNSSGZicEpnZXJwUUJwZTUyYnZGT1V4a0IiLCJyaWQiOiJ1c2VyXzJ5VTdOc3BnOU5lbW15MUZkS0UxU0ZJb2ZtcyIsImluaXRpYWxzIjoiTkgifQ", "is_staff": true, "username": null, "is_active": true, "created_at": "2025-05-23T06:45:00.468049+00:00", "manager_id": null, "updated_at": "2025-06-16T11:12:16.198006+00:00", "clerk_user_id": "user_2yU7Nspg9Nemmy1FdKE1SFIofms", "deactivated_at": null, "deactivated_by": null}	\N	\N	\N	\N	t	\N	\N	2025-06-22 02:05:32.154845+00
71909300-8611-4ee6-9f30-c2f98b0dbe4e	2025-06-22 12:54:33.636157+00	\N	\N	\N	INSERT	users	8c39b855-e980-42ee-a5f4-f1b6111d4491	\N	{"id": "8c39b855-e980-42ee-a5f4-f1b6111d4491", "name": "test insert", "role": "developer", "email": "test@test.com", "image": null, "is_staff": true, "username": null, "is_active": true, "created_at": "2025-06-22T12:54:33.636157+00:00", "manager_id": null, "updated_at": "2025-06-22T12:54:33.636157+00:00", "clerk_user_id": null, "deactivated_at": null, "deactivated_by": null}	\N	\N	\N	\N	t	\N	\N	2025-06-22 12:54:33.636157+00
cb9bf1ff-dbe1-40f9-ad5b-31ec6dd96e95	2025-06-22 13:52:15.494367+00	\N	\N	\N	DELETE	users	8c39b855-e980-42ee-a5f4-f1b6111d4491	{"id": "8c39b855-e980-42ee-a5f4-f1b6111d4491", "name": "test insert", "role": "developer", "email": "test@test.com", "image": null, "is_staff": true, "username": null, "is_active": true, "created_at": "2025-06-22T12:54:33.636157+00:00", "manager_id": null, "updated_at": "2025-06-22T12:54:33.636157+00:00", "clerk_user_id": null, "deactivated_at": null, "deactivated_by": null}	\N	\N	\N	\N	\N	t	\N	\N	2025-06-22 13:52:15.494367+00
4f5c7568-19c8-453c-acf9-451b7d534d40	2025-06-26 15:41:41.774454+00	\N	\N	\N	INSERT	users	5a2e201f-84c2-4127-99fd-d12bedc783a5	\N	{"id": "5a2e201f-84c2-4127-99fd-d12bedc783a5", "name": "Test User GraphQL", "role": "viewer", "email": "test-graphql@example.com", "image": null, "is_staff": true, "username": null, "is_active": true, "created_at": "2025-06-26T15:41:41.774454+00:00", "manager_id": null, "updated_at": "2025-06-26T15:41:41.774454+00:00", "clerk_user_id": null, "deactivated_at": null, "deactivated_by": null}	\N	\N	\N	\N	t	\N	\N	2025-06-26 15:41:41.774454+00
5a806e91-7c47-4b17-b9ba-200d72196012	2025-06-26 15:44:32.755661+00	\N	\N	\N	INSERT	users	fa529cdd-3249-46ea-af2e-6ec3e3f0d393	\N	{"id": "fa529cdd-3249-46ea-af2e-6ec3e3f0d393", "name": "Test User GraphQL Fixed", "role": "viewer", "email": "test-graphql-fixed@example.com", "image": null, "is_staff": true, "username": null, "is_active": true, "created_at": "2025-06-26T15:44:32.755661+00:00", "manager_id": null, "updated_at": "2025-06-26T15:44:32.755661+00:00", "clerk_user_id": null, "deactivated_at": null, "deactivated_by": null}	\N	\N	\N	\N	t	\N	\N	2025-06-26 15:44:32.755661+00
8a62c6f6-1013-4ce2-899e-8af91a7d7d57	2025-06-26 21:55:18.775867+00	\N	\N	\N	DELETE	users	5a2e201f-84c2-4127-99fd-d12bedc783a5	{"id": "5a2e201f-84c2-4127-99fd-d12bedc783a5", "name": "Test User GraphQL", "role": "viewer", "email": "test-graphql@example.com", "image": null, "is_staff": true, "username": null, "is_active": true, "created_at": "2025-06-26T15:41:41.774454+00:00", "manager_id": null, "updated_at": "2025-06-26T15:41:41.774454+00:00", "clerk_user_id": null, "deactivated_at": null, "deactivated_by": null}	\N	\N	\N	\N	\N	t	\N	\N	2025-06-26 21:55:18.775867+00
49ad2b27-1d8f-4b86-b03c-c2beafff03fe	2025-06-26 21:55:18.775867+00	\N	\N	\N	DELETE	users	fa529cdd-3249-46ea-af2e-6ec3e3f0d393	{"id": "fa529cdd-3249-46ea-af2e-6ec3e3f0d393", "name": "Test User GraphQL Fixed", "role": "viewer", "email": "test-graphql-fixed@example.com", "image": null, "is_staff": true, "username": null, "is_active": true, "created_at": "2025-06-26T15:44:32.755661+00:00", "manager_id": null, "updated_at": "2025-06-26T15:44:32.755661+00:00", "clerk_user_id": null, "deactivated_at": null, "deactivated_by": null}	\N	\N	\N	\N	\N	t	\N	\N	2025-06-26 21:55:18.775867+00
2136f536-7a7f-4436-b3fa-1030e126c3e3	2025-06-28 04:02:49.128806+00	\N	\N	\N	INSERT	clients	cbc88fa8-de26-49b7-972b-c89310469da4	\N	{"id": "cbc88fa8-de26-49b7-972b-c89310469da4", "name": "Test", "active": true, "created_at": "2025-06-28T04:02:49.128806+00:00", "updated_at": "2025-06-28T04:02:49.128806+00:00", "contact_email": "test@test.com", "contact_phone": "0400000000", "contact_person": "Johnny Test"}	\N	\N	\N	\N	t	\N	\N	2025-06-28 04:02:49.128806+00
2ef8756c-d27c-4860-88c2-549b0fa7d84e	2025-06-28 12:21:38.981892+00	d9ac8a7b-f679-49a1-8c99-837eb977578b	\N	developer	READ	api_route	/api/staff/create	\N	\N	116.255.12.183	Mozilla/5.0 (Macintosh; Intel Mac OS X 10_15_7) AppleWebKit/537.36 (KHTML, like Gecko) Chrome/137.0.	\N	2ee3a2df-ef7e-4db5-b5e8-88313f245a7b	t	\N	\N	2025-06-28 12:21:38.981892+00
6fc60a9e-d845-422c-a9b5-f836a1271bf1	2025-06-28 12:47:40.177687+00	d9ac8a7b-f679-49a1-8c99-837eb977578b	\N	developer	READ	api_route	/api/staff/create	\N	\N	116.255.12.183	Mozilla/5.0 (Macintosh; Intel Mac OS X 10_15_7) AppleWebKit/537.36 (KHTML, like Gecko) Chrome/137.0.	\N	e66c79c3-9128-4579-ba75-d91f394b56d5	t	\N	\N	2025-06-28 12:47:40.177687+00
a7e7a37f-41da-45d1-8aa0-38164c76bcd0	2025-06-30 02:56:18.62365+00	\N	\N	\N	UPDATE	payrolls	3a03ada0-e7d0-4f2b-aa5a-a3adde11432e	{"id": "3a03ada0-e7d0-4f2b-aa5a-a3adde11432e", "name": "Monthly Payroll - SOM", "status": "Active", "cycle_id": "d96980a2-3146-4969-87bc-d50fdf4fccd3", "client_id": "92ff771d-d468-4c91-ae58-d66b3ce1bd22", "created_at": "2025-05-31T12:32:46.823525+00:00", "date_value": null, "updated_at": "2025-06-02T05:24:24.374+00:00", "date_type_id": "f9914e22-da9e-4743-8d5d-365ba51ef854", "go_live_date": "2024-05-01", "employee_count": 45, "payroll_system": null, "version_number": 1, "version_reason": null, "manager_user_id": "0727c441-3fa7-44c2-b8f3-4e0b77986ac1", "processing_time": 16, "superseded_date": null, "parent_payroll_id": null, "created_by_user_id": null, "backup_consultant_user_id": "22a368d4-5d3f-4026-840c-55af6fb16972", "primary_consultant_user_id": "22a368d4-5d3f-4026-840c-55af6fb16972", "processing_days_before_eft": 5}	{"id": "3a03ada0-e7d0-4f2b-aa5a-a3adde11432e", "name": "Monthly Payroll - SOM", "status": "Active", "cycle_id": "d96980a2-3146-4969-87bc-d50fdf4fccd3", "client_id": "92ff771d-d468-4c91-ae58-d66b3ce1bd22", "created_at": "2025-05-31T12:32:46.823525+00:00", "date_value": null, "updated_at": "2025-06-02T05:24:24.374+00:00", "date_type_id": "f9914e22-da9e-4743-8d5d-365ba51ef854", "go_live_date": "2024-05-01", "employee_count": 45, "payroll_system": null, "version_number": 1, "version_reason": null, "manager_user_id": "0727c441-3fa7-44c2-b8f3-4e0b77986ac1", "processing_time": 16, "superseded_date": null, "parent_payroll_id": null, "created_by_user_id": null, "backup_consultant_user_id": "22a368d4-5d3f-4026-840c-55af6fb16972", "primary_consultant_user_id": "7898704c-ee5c-4ade-81f3-80a4388413fb", "processing_days_before_eft": 5}	\N	\N	\N	\N	t	\N	\N	2025-06-30 02:56:18.62365+00
18e2602b-4e43-4820-a0f3-450ea4f24a90	2025-06-30 03:58:28.822698+00	\N	\N	\N	INSERT	payrolls	5636f4db-90e9-46c5-aaae-bfc7dc82ae60	\N	{"id": "5636f4db-90e9-46c5-aaae-bfc7dc82ae60", "name": "Test 2 Payroll", "status": "Implementation", "cycle_id": "713e04b1-e876-4169-8a05-f6846b51eb68", "client_id": "e9f0f635-c229-45cd-9f2b-8e0c461601f4", "created_at": "2025-06-30T03:58:28.822698+00:00", "date_value": 1, "updated_at": "2025-06-30T03:58:28.822698+00:00", "date_type_id": "7e7d4966-eb52-4ea9-b5c2-9943d67b5cc7", "go_live_date": null, "employee_count": null, "payroll_system": null, "version_number": 1, "version_reason": null, "manager_user_id": "0727c441-3fa7-44c2-b8f3-4e0b77986ac1", "processing_time": 1, "superseded_date": null, "parent_payroll_id": null, "created_by_user_id": null, "backup_consultant_user_id": "22a368d4-5d3f-4026-840c-55af6fb16972", "primary_consultant_user_id": "7898704c-ee5c-4ade-81f3-80a4388413fb", "processing_days_before_eft": 3}	\N	\N	\N	\N	t	\N	\N	2025-06-30 03:58:28.822698+00
544c1814-57c6-4611-af93-992f9a758373	2025-06-30 23:13:07.284897+00	\N	\N	\N	UPDATE	payrolls	5636f4db-90e9-46c5-aaae-bfc7dc82ae60	{"id": "5636f4db-90e9-46c5-aaae-bfc7dc82ae60", "name": "Test 2 Payroll", "status": "Implementation", "cycle_id": "713e04b1-e876-4169-8a05-f6846b51eb68", "client_id": "e9f0f635-c229-45cd-9f2b-8e0c461601f4", "created_at": "2025-06-30T03:58:28.822698+00:00", "date_value": 1, "updated_at": "2025-06-30T03:58:28.822698+00:00", "date_type_id": "7e7d4966-eb52-4ea9-b5c2-9943d67b5cc7", "go_live_date": null, "employee_count": null, "payroll_system": null, "version_number": 1, "version_reason": null, "manager_user_id": "0727c441-3fa7-44c2-b8f3-4e0b77986ac1", "processing_time": 1, "superseded_date": null, "parent_payroll_id": null, "created_by_user_id": null, "backup_consultant_user_id": "22a368d4-5d3f-4026-840c-55af6fb16972", "primary_consultant_user_id": "7898704c-ee5c-4ade-81f3-80a4388413fb", "processing_days_before_eft": 3}	{"id": "5636f4db-90e9-46c5-aaae-bfc7dc82ae60", "name": "Test 2 Payroll", "status": "Active", "cycle_id": "713e04b1-e876-4169-8a05-f6846b51eb68", "client_id": "e9f0f635-c229-45cd-9f2b-8e0c461601f4", "created_at": "2025-06-30T03:58:28.822698+00:00", "date_value": 1, "updated_at": "2025-06-30T03:58:28.822698+00:00", "date_type_id": "7e7d4966-eb52-4ea9-b5c2-9943d67b5cc7", "go_live_date": "2025-06-30", "employee_count": 200, "payroll_system": null, "version_number": 1, "version_reason": null, "manager_user_id": "0727c441-3fa7-44c2-b8f3-4e0b77986ac1", "processing_time": 1, "superseded_date": null, "parent_payroll_id": null, "created_by_user_id": null, "backup_consultant_user_id": "22a368d4-5d3f-4026-840c-55af6fb16972", "primary_consultant_user_id": "7898704c-ee5c-4ade-81f3-80a4388413fb", "processing_days_before_eft": 3}	\N	\N	\N	\N	t	\N	\N	2025-06-30 23:13:07.284897+00
708a130e-c90b-4501-b189-8b108e037f45	2025-06-30 23:15:28.664603+00	\N	\N	\N	UPDATE	payrolls	5636f4db-90e9-46c5-aaae-bfc7dc82ae60	{"id": "5636f4db-90e9-46c5-aaae-bfc7dc82ae60", "name": "Test 2 Payroll", "status": "Active", "cycle_id": "713e04b1-e876-4169-8a05-f6846b51eb68", "client_id": "e9f0f635-c229-45cd-9f2b-8e0c461601f4", "created_at": "2025-06-30T03:58:28.822698+00:00", "date_value": 1, "updated_at": "2025-06-30T03:58:28.822698+00:00", "date_type_id": "7e7d4966-eb52-4ea9-b5c2-9943d67b5cc7", "go_live_date": "2025-06-30", "employee_count": 200, "payroll_system": null, "version_number": 1, "version_reason": null, "manager_user_id": "0727c441-3fa7-44c2-b8f3-4e0b77986ac1", "processing_time": 1, "superseded_date": null, "parent_payroll_id": null, "created_by_user_id": null, "backup_consultant_user_id": "22a368d4-5d3f-4026-840c-55af6fb16972", "primary_consultant_user_id": "7898704c-ee5c-4ade-81f3-80a4388413fb", "processing_days_before_eft": 3}	{"id": "5636f4db-90e9-46c5-aaae-bfc7dc82ae60", "name": "Test 2 Payroll", "status": "Implementation", "cycle_id": "713e04b1-e876-4169-8a05-f6846b51eb68", "client_id": "e9f0f635-c229-45cd-9f2b-8e0c461601f4", "created_at": "2025-06-30T03:58:28.822698+00:00", "date_value": 1, "updated_at": "2025-06-30T03:58:28.822698+00:00", "date_type_id": "7e7d4966-eb52-4ea9-b5c2-9943d67b5cc7", "go_live_date": "2025-06-30", "employee_count": 200, "payroll_system": null, "version_number": 1, "version_reason": null, "manager_user_id": "0727c441-3fa7-44c2-b8f3-4e0b77986ac1", "processing_time": 1, "superseded_date": null, "parent_payroll_id": null, "created_by_user_id": null, "backup_consultant_user_id": "22a368d4-5d3f-4026-840c-55af6fb16972", "primary_consultant_user_id": "7898704c-ee5c-4ade-81f3-80a4388413fb", "processing_days_before_eft": 3}	\N	\N	\N	\N	t	\N	\N	2025-06-30 23:15:28.664603+00
a8faf363-298b-49fe-a2d3-4ed40ea28ec5	2025-07-05 08:22:45.006761+00	\N	\N	\N	INSERT	role_permissions	af7cbe11-bf0f-4bf4-a0f9-880982228cbd	\N	{"id": "af7cbe11-bf0f-4bf4-a0f9-880982228cbd", "role_id": "7950e369-5257-4cc4-94ea-53ceecaf91a3", "conditions": null, "created_at": "2025-07-05T08:22:45.006761+00:00", "updated_at": "2025-07-05T08:22:45.006761+00:00", "permission_id": "4ff27905-11eb-4cbb-be65-f50d78649b28"}	\N	\N	\N	\N	t	\N	\N	2025-07-05 08:22:45.006761+00
1e233e35-0b90-4819-b8e0-0b1ecdf847b4	2025-07-05 08:22:45.006761+00	\N	\N	\N	INSERT	role_permissions	80e9adc4-472b-445e-a3fc-d6962d5e6581	\N	{"id": "80e9adc4-472b-445e-a3fc-d6962d5e6581", "role_id": "7950e369-5257-4cc4-94ea-53ceecaf91a3", "conditions": null, "created_at": "2025-07-05T08:22:45.006761+00:00", "updated_at": "2025-07-05T08:22:45.006761+00:00", "permission_id": "5c3e9d72-260d-46f8-8404-cf28eba6bb6a"}	\N	\N	\N	\N	t	\N	\N	2025-07-05 08:22:45.006761+00
9186c0c9-de8f-41e1-b166-d74c81c556c5	2025-07-05 08:22:45.006761+00	\N	\N	\N	INSERT	role_permissions	c234fa96-b80e-44e5-8a3a-adf67d83d702	\N	{"id": "c234fa96-b80e-44e5-8a3a-adf67d83d702", "role_id": "7950e369-5257-4cc4-94ea-53ceecaf91a3", "conditions": null, "created_at": "2025-07-05T08:22:45.006761+00:00", "updated_at": "2025-07-05T08:22:45.006761+00:00", "permission_id": "cd851a9c-d937-43bd-ac98-56173092972a"}	\N	\N	\N	\N	t	\N	\N	2025-07-05 08:22:45.006761+00
7bc398bf-f86e-4535-a0ab-b1897fabe51c	2025-06-30 23:28:39.127057+00	\N	\N	\N	UPDATE	payrolls	5636f4db-90e9-46c5-aaae-bfc7dc82ae60	{"id": "5636f4db-90e9-46c5-aaae-bfc7dc82ae60", "name": "Test 2 Payroll", "status": "Implementation", "cycle_id": "713e04b1-e876-4169-8a05-f6846b51eb68", "client_id": "e9f0f635-c229-45cd-9f2b-8e0c461601f4", "created_at": "2025-06-30T03:58:28.822698+00:00", "date_value": 1, "updated_at": "2025-06-30T03:58:28.822698+00:00", "date_type_id": "7e7d4966-eb52-4ea9-b5c2-9943d67b5cc7", "go_live_date": "2025-06-30", "employee_count": 200, "payroll_system": null, "version_number": 1, "version_reason": null, "manager_user_id": "0727c441-3fa7-44c2-b8f3-4e0b77986ac1", "processing_time": 1, "superseded_date": null, "parent_payroll_id": null, "created_by_user_id": null, "backup_consultant_user_id": "22a368d4-5d3f-4026-840c-55af6fb16972", "primary_consultant_user_id": "7898704c-ee5c-4ade-81f3-80a4388413fb", "processing_days_before_eft": 3}	{"id": "5636f4db-90e9-46c5-aaae-bfc7dc82ae60", "name": "Test 2 Payroll", "status": "Active", "cycle_id": "713e04b1-e876-4169-8a05-f6846b51eb68", "client_id": "e9f0f635-c229-45cd-9f2b-8e0c461601f4", "created_at": "2025-06-30T03:58:28.822698+00:00", "date_value": 1, "updated_at": "2025-06-30T03:58:28.822698+00:00", "date_type_id": "7e7d4966-eb52-4ea9-b5c2-9943d67b5cc7", "go_live_date": "2025-06-30", "employee_count": 200, "payroll_system": null, "version_number": 1, "version_reason": null, "manager_user_id": "0727c441-3fa7-44c2-b8f3-4e0b77986ac1", "processing_time": 1, "superseded_date": null, "parent_payroll_id": null, "created_by_user_id": null, "backup_consultant_user_id": "22a368d4-5d3f-4026-840c-55af6fb16972", "primary_consultant_user_id": "7898704c-ee5c-4ade-81f3-80a4388413fb", "processing_days_before_eft": 3}	\N	\N	\N	\N	t	\N	\N	2025-06-30 23:28:39.127057+00
e440bbd7-b150-4d9d-a9da-f45f4b124688	2025-07-02 11:53:12.954527+00	\N	\N	\N	UPDATE	users	d9ac8a7b-f679-49a1-8c99-837eb977578b	{"id": "d9ac8a7b-f679-49a1-8c99-837eb977578b", "name": "Nathan Harris", "role": "developer", "email": "nathan.harris02@gmail.com", "image": "https://img.clerk.com/eyJ0eXBlIjoiZGVmYXVsdCIsImlpZCI6Imluc18ydUNSSGZicEpnZXJwUUJwZTUyYnZGT1V4a0IiLCJyaWQiOiJ1c2VyXzJ5VTdOc3BnOU5lbW15MUZkS0UxU0ZJb2ZtcyIsImluaXRpYWxzIjoiTkgifQ", "status": "active", "is_staff": true, "position": "consultant", "username": null, "is_active": true, "created_at": "2025-05-23T06:45:00.468049+00:00", "manager_id": null, "updated_at": "2025-06-16T11:12:16.198006+00:00", "clerk_user_id": "user_2yU7Nspg9Nemmy1FdKE1SFIofms", "deactivated_at": null, "deactivated_by": null, "status_changed_at": "2025-06-28T05:32:28.086733+00:00", "status_changed_by": null, "status_change_reason": null, "default_admin_time_percentage": 15.00}	{"id": "d9ac8a7b-f679-49a1-8c99-837eb977578b", "name": "Nathan Harris", "role": "developer", "email": "nathan.harris02@gmail.com", "image": "https://img.clerk.com/eyJ0eXBlIjoiZGVmYXVsdCIsImlpZCI6Imluc18ydUNSSGZicEpnZXJwUUJwZTUyYnZGT1V4a0IiLCJyaWQiOiJ1c2VyXzJ5VTdOc3BnOU5lbW15MUZkS0UxU0ZJb2ZtcyIsImluaXRpYWxzIjoiTkgifQ", "status": "active", "is_staff": true, "position": "partner", "username": null, "is_active": true, "created_at": "2025-05-23T06:45:00.468049+00:00", "manager_id": null, "updated_at": "2025-06-16T11:12:16.198006+00:00", "clerk_user_id": "user_2yU7Nspg9Nemmy1FdKE1SFIofms", "deactivated_at": null, "deactivated_by": null, "status_changed_at": "2025-06-28T05:32:28.086733+00:00", "status_changed_by": null, "status_change_reason": null, "default_admin_time_percentage": 15.00}	\N	\N	\N	\N	t	\N	\N	2025-07-02 11:53:12.954527+00
199a9983-4960-4b38-9bc1-17c105b72c2c	2025-07-02 11:53:12.983646+00	\N	\N	\N	UPDATE	users	9aed2a64-0407-4dff-a621-2b7013e1713a	{"id": "9aed2a64-0407-4dff-a621-2b7013e1713a", "name": "John Admin", "role": "org_admin", "email": "admin@example.com", "image": "https://img.clerk.com/eyJ0eXBlIjoiZGVmYXVsdCIsImlpZCI6Imluc18ydUNFWFhtQXhBcXNZTkhnTTBQNm1TY0U1QnQiLCJyaWQiOiJ1c2VyXzJ1Q1R0RUJlbzcwdEFUMEdJaGliV2FRUTRpViIsImluaXRpYWxzIjoiSkEifQ", "status": "active", "is_staff": true, "position": "consultant", "username": null, "is_active": true, "created_at": "2025-05-23T06:45:00.468049+00:00", "manager_id": null, "updated_at": "2025-05-23T06:45:00.468049+00:00", "clerk_user_id": "user_2yXgxgRHxUilIyqE04jWreCRoO4", "deactivated_at": null, "deactivated_by": null, "status_changed_at": "2025-06-28T05:32:28.086733+00:00", "status_changed_by": null, "status_change_reason": null, "default_admin_time_percentage": 15.00}	{"id": "9aed2a64-0407-4dff-a621-2b7013e1713a", "name": "John Admin", "role": "org_admin", "email": "admin@example.com", "image": "https://img.clerk.com/eyJ0eXBlIjoiZGVmYXVsdCIsImlpZCI6Imluc18ydUNFWFhtQXhBcXNZTkhnTTBQNm1TY0U1QnQiLCJyaWQiOiJ1c2VyXzJ1Q1R0RUJlbzcwdEFUMEdJaGliV2FRUTRpViIsImluaXRpYWxzIjoiSkEifQ", "status": "active", "is_staff": true, "position": "senior_manager", "username": null, "is_active": true, "created_at": "2025-05-23T06:45:00.468049+00:00", "manager_id": null, "updated_at": "2025-05-23T06:45:00.468049+00:00", "clerk_user_id": "user_2yXgxgRHxUilIyqE04jWreCRoO4", "deactivated_at": null, "deactivated_by": null, "status_changed_at": "2025-06-28T05:32:28.086733+00:00", "status_changed_by": null, "status_change_reason": null, "default_admin_time_percentage": 15.00}	\N	\N	\N	\N	t	\N	\N	2025-07-02 11:53:12.983646+00
fc4fa092-b673-452d-8bcf-fcf2d3b694bc	2025-07-02 11:53:12.995633+00	\N	\N	\N	UPDATE	users	7898704c-ee5c-4ade-81f3-80a4388413fb	{"id": "7898704c-ee5c-4ade-81f3-80a4388413fb", "name": "Test User", "role": "consultant", "email": "nathan.harris@invenco.net", "image": "https://img.clerk.com/eyJ0eXBlIjoiZGVmYXVsdCIsImlpZCI6Imluc18ydUNFWFhtQXhBcXNZTkhnTTBQNm1TY0U1QnQiLCJyaWQiOiJ1c2VyXzJ4cUlkQmNQSldiUHNNZzc1Tklkc0VsbW9VVCIsImluaXRpYWxzIjoiVFUifQ", "status": "active", "is_staff": true, "position": "consultant", "username": null, "is_active": true, "created_at": "2025-05-31T02:40:37.787341+00:00", "manager_id": null, "updated_at": "2025-05-31T03:30:23.914982+00:00", "clerk_user_id": "user_2yXhEiNJEhLR25QDFnqD4dzpkkL", "deactivated_at": null, "deactivated_by": null, "status_changed_at": "2025-06-28T05:32:28.086733+00:00", "status_changed_by": null, "status_change_reason": null, "default_admin_time_percentage": 15.00}	{"id": "7898704c-ee5c-4ade-81f3-80a4388413fb", "name": "Test User", "role": "consultant", "email": "nathan.harris@invenco.net", "image": "https://img.clerk.com/eyJ0eXBlIjoiZGVmYXVsdCIsImlpZCI6Imluc18ydUNFWFhtQXhBcXNZTkhnTTBQNm1TY0U1QnQiLCJyaWQiOiJ1c2VyXzJ4cUlkQmNQSldiUHNNZzc1Tklkc0VsbW9VVCIsImluaXRpYWxzIjoiVFUifQ", "status": "active", "is_staff": true, "position": "manager", "username": null, "is_active": true, "created_at": "2025-05-31T02:40:37.787341+00:00", "manager_id": null, "updated_at": "2025-05-31T03:30:23.914982+00:00", "clerk_user_id": "user_2yXhEiNJEhLR25QDFnqD4dzpkkL", "deactivated_at": null, "deactivated_by": null, "status_changed_at": "2025-06-28T05:32:28.086733+00:00", "status_changed_by": null, "status_change_reason": null, "default_admin_time_percentage": 15.00}	\N	\N	\N	\N	t	\N	\N	2025-07-02 11:53:12.995633+00
8e1221d2-31b5-4679-8180-4c48eb56fe78	2025-07-05 08:22:45.006761+00	\N	\N	\N	INSERT	role_permissions	cb57129a-165a-40a0-b871-548f95249391	\N	{"id": "cb57129a-165a-40a0-b871-548f95249391", "role_id": "7950e369-5257-4cc4-94ea-53ceecaf91a3", "conditions": null, "created_at": "2025-07-05T08:22:45.006761+00:00", "updated_at": "2025-07-05T08:22:45.006761+00:00", "permission_id": "432b409a-4dad-411e-afd0-76e6ac16d181"}	\N	\N	\N	\N	t	\N	\N	2025-07-05 08:22:45.006761+00
762552d1-56cc-4a2e-b768-a4a8a0853bb6	2025-07-05 08:22:45.006761+00	\N	\N	\N	INSERT	role_permissions	fb03b8d9-b8dd-4324-9a47-8de25f2cbfb7	\N	{"id": "fb03b8d9-b8dd-4324-9a47-8de25f2cbfb7", "role_id": "7950e369-5257-4cc4-94ea-53ceecaf91a3", "conditions": null, "created_at": "2025-07-05T08:22:45.006761+00:00", "updated_at": "2025-07-05T08:22:45.006761+00:00", "permission_id": "d98ef1c2-31cf-4d6a-981f-d60999891fe1"}	\N	\N	\N	\N	t	\N	\N	2025-07-05 08:22:45.006761+00
c19b3344-75de-41b1-804e-b46fbdb925c6	2025-07-02 11:53:13.010639+00	\N	\N	\N	UPDATE	users	22a368d4-5d3f-4026-840c-55af6fb16972	{"id": "22a368d4-5d3f-4026-840c-55af6fb16972", "name": "Jim Consultant", "role": "consultant", "email": "consultant@example.com", "image": "https://img.clerk.com/eyJ0eXBlIjoiZGVmYXVsdCIsImlpZCI6Imluc18ydUNFWFhtQXhBcXNZTkhnTTBQNm1TY0U1QnQiLCJyaWQiOiJ1c2VyXzJ1Q1U5cEtmN1JQMkZpT1JISlZNNUlIMFBkMSIsImluaXRpYWxzIjoiSkMifQ", "status": "active", "is_staff": true, "position": "consultant", "username": null, "is_active": true, "created_at": "2025-05-23T06:45:00.468049+00:00", "manager_id": null, "updated_at": "2025-05-31T00:28:51.38901+00:00", "clerk_user_id": "user_2yXh6Wu8FUd7VbPEB56M0XfXsio", "deactivated_at": null, "deactivated_by": null, "status_changed_at": "2025-06-28T05:32:28.086733+00:00", "status_changed_by": null, "status_change_reason": null, "default_admin_time_percentage": 15.00}	{"id": "22a368d4-5d3f-4026-840c-55af6fb16972", "name": "Jim Consultant", "role": "consultant", "email": "consultant@example.com", "image": "https://img.clerk.com/eyJ0eXBlIjoiZGVmYXVsdCIsImlpZCI6Imluc18ydUNFWFhtQXhBcXNZTkhnTTBQNm1TY0U1QnQiLCJyaWQiOiJ1c2VyXzJ1Q1U5cEtmN1JQMkZpT1JISlZNNUlIMFBkMSIsImluaXRpYWxzIjoiSkMifQ", "status": "active", "is_staff": true, "position": "senior_consultant", "username": null, "is_active": true, "created_at": "2025-05-23T06:45:00.468049+00:00", "manager_id": null, "updated_at": "2025-05-31T00:28:51.38901+00:00", "clerk_user_id": "user_2yXh6Wu8FUd7VbPEB56M0XfXsio", "deactivated_at": null, "deactivated_by": null, "status_changed_at": "2025-06-28T05:32:28.086733+00:00", "status_changed_by": null, "status_change_reason": null, "default_admin_time_percentage": 15.00}	\N	\N	\N	\N	t	\N	\N	2025-07-02 11:53:13.010639+00
f77d8e84-5007-4f3c-bb53-192b3d5d0bfe	2025-07-02 11:53:13.026545+00	\N	\N	\N	UPDATE	users	e4313314-b89e-4346-9bb5-3aaf464c7152	{"id": "e4313314-b89e-4346-9bb5-3aaf464c7152", "name": "Jill Viewer", "role": "viewer", "email": "viewer@example.com", "image": "https://img.clerk.com/eyJ0eXBlIjoiZGVmYXVsdCIsImlpZCI6Imluc18ydUNFWFhtQXhBcXNZTkhnTTBQNm1TY0U1QnQiLCJyaWQiOiJ1c2VyXzJ1Q1VFS1N4Y2xkczc0TnYwaWZDZW5iOWs4dyIsImluaXRpYWxzIjoiSlYifQ", "status": "active", "is_staff": false, "position": "consultant", "username": null, "is_active": true, "created_at": "2025-05-23T06:45:00.468049+00:00", "manager_id": null, "updated_at": "2025-05-23T06:45:00.468049+00:00", "clerk_user_id": "user_2yXhB08hGyXX7p8C8pWg5yPceIx", "deactivated_at": null, "deactivated_by": null, "status_changed_at": "2025-06-28T05:32:28.086733+00:00", "status_changed_by": null, "status_change_reason": null, "default_admin_time_percentage": 15.00}	{"id": "e4313314-b89e-4346-9bb5-3aaf464c7152", "name": "Jill Viewer", "role": "viewer", "email": "viewer@example.com", "image": "https://img.clerk.com/eyJ0eXBlIjoiZGVmYXVsdCIsImlpZCI6Imluc18ydUNFWFhtQXhBcXNZTkhnTTBQNm1TY0U1QnQiLCJyaWQiOiJ1c2VyXzJ1Q1VFS1N4Y2xkczc0TnYwaWZDZW5iOWs4dyIsImluaXRpYWxzIjoiSlYifQ", "status": "active", "is_staff": false, "position": "senior_partner", "username": null, "is_active": true, "created_at": "2025-05-23T06:45:00.468049+00:00", "manager_id": null, "updated_at": "2025-05-23T06:45:00.468049+00:00", "clerk_user_id": "user_2yXhB08hGyXX7p8C8pWg5yPceIx", "deactivated_at": null, "deactivated_by": null, "status_changed_at": "2025-06-28T05:32:28.086733+00:00", "status_changed_by": null, "status_change_reason": null, "default_admin_time_percentage": 15.00}	\N	\N	\N	\N	t	\N	\N	2025-07-02 11:53:13.026545+00
58d826dd-6802-45dd-bfbd-7265f8910efd	2025-07-02 11:53:58.621271+00	\N	\N	\N	UPDATE	users	7898704c-ee5c-4ade-81f3-80a4388413fb	{"id": "7898704c-ee5c-4ade-81f3-80a4388413fb", "name": "Test User", "role": "consultant", "email": "nathan.harris@invenco.net", "image": "https://img.clerk.com/eyJ0eXBlIjoiZGVmYXVsdCIsImlpZCI6Imluc18ydUNFWFhtQXhBcXNZTkhnTTBQNm1TY0U1QnQiLCJyaWQiOiJ1c2VyXzJ4cUlkQmNQSldiUHNNZzc1Tklkc0VsbW9VVCIsImluaXRpYWxzIjoiVFUifQ", "status": "active", "is_staff": true, "position": "manager", "username": null, "is_active": true, "created_at": "2025-05-31T02:40:37.787341+00:00", "manager_id": null, "updated_at": "2025-05-31T03:30:23.914982+00:00", "clerk_user_id": "user_2yXhEiNJEhLR25QDFnqD4dzpkkL", "deactivated_at": null, "deactivated_by": null, "status_changed_at": "2025-06-28T05:32:28.086733+00:00", "status_changed_by": null, "status_change_reason": null, "default_admin_time_percentage": 15.00}	{"id": "7898704c-ee5c-4ade-81f3-80a4388413fb", "name": "Test User", "role": "consultant", "email": "nathan.harris@invenco.net", "image": "https://img.clerk.com/eyJ0eXBlIjoiZGVmYXVsdCIsImlpZCI6Imluc18ydUNFWFhtQXhBcXNZTkhnTTBQNm1TY0U1QnQiLCJyaWQiOiJ1c2VyXzJ4cUlkQmNQSldiUHNNZzc1Tklkc0VsbW9VVCIsImluaXRpYWxzIjoiVFUifQ", "status": "active", "is_staff": true, "position": "manager", "username": null, "is_active": true, "created_at": "2025-05-31T02:40:37.787341+00:00", "manager_id": null, "updated_at": "2025-05-31T03:30:23.914982+00:00", "clerk_user_id": "user_2yXhEiNJEhLR25QDFnqD4dzpkkL", "deactivated_at": null, "deactivated_by": null, "status_changed_at": "2025-06-28T05:32:28.086733+00:00", "status_changed_by": null, "status_change_reason": null, "default_admin_time_percentage": 30.00}	\N	\N	\N	\N	t	\N	\N	2025-07-02 11:53:58.621271+00
c2b06a58-3731-412d-bae7-5718c9452081	2025-07-02 11:53:58.637244+00	\N	\N	\N	UPDATE	users	9aed2a64-0407-4dff-a621-2b7013e1713a	{"id": "9aed2a64-0407-4dff-a621-2b7013e1713a", "name": "John Admin", "role": "org_admin", "email": "admin@example.com", "image": "https://img.clerk.com/eyJ0eXBlIjoiZGVmYXVsdCIsImlpZCI6Imluc18ydUNFWFhtQXhBcXNZTkhnTTBQNm1TY0U1QnQiLCJyaWQiOiJ1c2VyXzJ1Q1R0RUJlbzcwdEFUMEdJaGliV2FRUTRpViIsImluaXRpYWxzIjoiSkEifQ", "status": "active", "is_staff": true, "position": "senior_manager", "username": null, "is_active": true, "created_at": "2025-05-23T06:45:00.468049+00:00", "manager_id": null, "updated_at": "2025-05-23T06:45:00.468049+00:00", "clerk_user_id": "user_2yXgxgRHxUilIyqE04jWreCRoO4", "deactivated_at": null, "deactivated_by": null, "status_changed_at": "2025-06-28T05:32:28.086733+00:00", "status_changed_by": null, "status_change_reason": null, "default_admin_time_percentage": 15.00}	{"id": "9aed2a64-0407-4dff-a621-2b7013e1713a", "name": "John Admin", "role": "org_admin", "email": "admin@example.com", "image": "https://img.clerk.com/eyJ0eXBlIjoiZGVmYXVsdCIsImlpZCI6Imluc18ydUNFWFhtQXhBcXNZTkhnTTBQNm1TY0U1QnQiLCJyaWQiOiJ1c2VyXzJ1Q1R0RUJlbzcwdEFUMEdJaGliV2FRUTRpViIsImluaXRpYWxzIjoiSkEifQ", "status": "active", "is_staff": true, "position": "senior_manager", "username": null, "is_active": true, "created_at": "2025-05-23T06:45:00.468049+00:00", "manager_id": null, "updated_at": "2025-05-23T06:45:00.468049+00:00", "clerk_user_id": "user_2yXgxgRHxUilIyqE04jWreCRoO4", "deactivated_at": null, "deactivated_by": null, "status_changed_at": "2025-06-28T05:32:28.086733+00:00", "status_changed_by": null, "status_change_reason": null, "default_admin_time_percentage": 50.00}	\N	\N	\N	\N	t	\N	\N	2025-07-02 11:53:58.637244+00
a311b6c9-7ad9-4ab0-904d-277bd7d26032	2025-07-05 08:22:45.006761+00	\N	\N	\N	INSERT	role_permissions	32b0b4ed-3960-49f3-a590-7fc8d45727c5	\N	{"id": "32b0b4ed-3960-49f3-a590-7fc8d45727c5", "role_id": "7950e369-5257-4cc4-94ea-53ceecaf91a3", "conditions": null, "created_at": "2025-07-05T08:22:45.006761+00:00", "updated_at": "2025-07-05T08:22:45.006761+00:00", "permission_id": "2e202ccc-f493-4bfa-a28f-425c7f506105"}	\N	\N	\N	\N	t	\N	\N	2025-07-05 08:22:45.006761+00
086619e5-fd89-4a0d-9df1-017e23655aab	2025-07-05 08:22:45.006761+00	\N	\N	\N	INSERT	role_permissions	b8b6e3b1-d190-49c4-a2e1-aac2308d578e	\N	{"id": "b8b6e3b1-d190-49c4-a2e1-aac2308d578e", "role_id": "7950e369-5257-4cc4-94ea-53ceecaf91a3", "conditions": null, "created_at": "2025-07-05T08:22:45.006761+00:00", "updated_at": "2025-07-05T08:22:45.006761+00:00", "permission_id": "04f44fc2-86d1-4f06-ba21-5e6a01471a65"}	\N	\N	\N	\N	t	\N	\N	2025-07-05 08:22:45.006761+00
2f0636bb-5371-4017-b1e4-bca31b0e8ce8	2025-07-05 08:22:45.006761+00	\N	\N	\N	INSERT	role_permissions	7c840026-7c33-457e-ba6b-711109d30752	\N	{"id": "7c840026-7c33-457e-ba6b-711109d30752", "role_id": "7950e369-5257-4cc4-94ea-53ceecaf91a3", "conditions": null, "created_at": "2025-07-05T08:22:45.006761+00:00", "updated_at": "2025-07-05T08:22:45.006761+00:00", "permission_id": "3932f66d-69c8-4975-99e6-68b3d240d652"}	\N	\N	\N	\N	t	\N	\N	2025-07-05 08:22:45.006761+00
76caa043-45e7-4bbb-9483-6d590e82ba2f	2025-07-02 11:53:58.648264+00	\N	\N	\N	UPDATE	users	d9ac8a7b-f679-49a1-8c99-837eb977578b	{"id": "d9ac8a7b-f679-49a1-8c99-837eb977578b", "name": "Nathan Harris", "role": "developer", "email": "nathan.harris02@gmail.com", "image": "https://img.clerk.com/eyJ0eXBlIjoiZGVmYXVsdCIsImlpZCI6Imluc18ydUNSSGZicEpnZXJwUUJwZTUyYnZGT1V4a0IiLCJyaWQiOiJ1c2VyXzJ5VTdOc3BnOU5lbW15MUZkS0UxU0ZJb2ZtcyIsImluaXRpYWxzIjoiTkgifQ", "status": "active", "is_staff": true, "position": "partner", "username": null, "is_active": true, "created_at": "2025-05-23T06:45:00.468049+00:00", "manager_id": null, "updated_at": "2025-06-16T11:12:16.198006+00:00", "clerk_user_id": "user_2yU7Nspg9Nemmy1FdKE1SFIofms", "deactivated_at": null, "deactivated_by": null, "status_changed_at": "2025-06-28T05:32:28.086733+00:00", "status_changed_by": null, "status_change_reason": null, "default_admin_time_percentage": 15.00}	{"id": "d9ac8a7b-f679-49a1-8c99-837eb977578b", "name": "Nathan Harris", "role": "developer", "email": "nathan.harris02@gmail.com", "image": "https://img.clerk.com/eyJ0eXBlIjoiZGVmYXVsdCIsImlpZCI6Imluc18ydUNSSGZicEpnZXJwUUJwZTUyYnZGT1V4a0IiLCJyaWQiOiJ1c2VyXzJ5VTdOc3BnOU5lbW15MUZkS0UxU0ZJb2ZtcyIsImluaXRpYWxzIjoiTkgifQ", "status": "active", "is_staff": true, "position": "partner", "username": null, "is_active": true, "created_at": "2025-05-23T06:45:00.468049+00:00", "manager_id": null, "updated_at": "2025-06-16T11:12:16.198006+00:00", "clerk_user_id": "user_2yU7Nspg9Nemmy1FdKE1SFIofms", "deactivated_at": null, "deactivated_by": null, "status_changed_at": "2025-06-28T05:32:28.086733+00:00", "status_changed_by": null, "status_change_reason": null, "default_admin_time_percentage": 70.00}	\N	\N	\N	\N	t	\N	\N	2025-07-02 11:53:58.648264+00
872a7823-c036-469e-ba1d-b3ebe6425335	2025-07-02 11:53:58.663255+00	\N	\N	\N	UPDATE	users	e4313314-b89e-4346-9bb5-3aaf464c7152	{"id": "e4313314-b89e-4346-9bb5-3aaf464c7152", "name": "Jill Viewer", "role": "viewer", "email": "viewer@example.com", "image": "https://img.clerk.com/eyJ0eXBlIjoiZGVmYXVsdCIsImlpZCI6Imluc18ydUNFWFhtQXhBcXNZTkhnTTBQNm1TY0U1QnQiLCJyaWQiOiJ1c2VyXzJ1Q1VFS1N4Y2xkczc0TnYwaWZDZW5iOWs4dyIsImluaXRpYWxzIjoiSlYifQ", "status": "active", "is_staff": false, "position": "senior_partner", "username": null, "is_active": true, "created_at": "2025-05-23T06:45:00.468049+00:00", "manager_id": null, "updated_at": "2025-05-23T06:45:00.468049+00:00", "clerk_user_id": "user_2yXhB08hGyXX7p8C8pWg5yPceIx", "deactivated_at": null, "deactivated_by": null, "status_changed_at": "2025-06-28T05:32:28.086733+00:00", "status_changed_by": null, "status_change_reason": null, "default_admin_time_percentage": 15.00}	{"id": "e4313314-b89e-4346-9bb5-3aaf464c7152", "name": "Jill Viewer", "role": "viewer", "email": "viewer@example.com", "image": "https://img.clerk.com/eyJ0eXBlIjoiZGVmYXVsdCIsImlpZCI6Imluc18ydUNFWFhtQXhBcXNZTkhnTTBQNm1TY0U1QnQiLCJyaWQiOiJ1c2VyXzJ1Q1VFS1N4Y2xkczc0TnYwaWZDZW5iOWs4dyIsImluaXRpYWxzIjoiSlYifQ", "status": "active", "is_staff": false, "position": "senior_partner", "username": null, "is_active": true, "created_at": "2025-05-23T06:45:00.468049+00:00", "manager_id": null, "updated_at": "2025-05-23T06:45:00.468049+00:00", "clerk_user_id": "user_2yXhB08hGyXX7p8C8pWg5yPceIx", "deactivated_at": null, "deactivated_by": null, "status_changed_at": "2025-06-28T05:32:28.086733+00:00", "status_changed_by": null, "status_change_reason": null, "default_admin_time_percentage": 80.00}	\N	\N	\N	\N	t	\N	\N	2025-07-02 11:53:58.663255+00
749ef9be-ebfe-4b3c-bfc2-8dc07ccb2de2	2025-07-02 11:53:58.674213+00	\N	\N	\N	UPDATE	users	22a368d4-5d3f-4026-840c-55af6fb16972	{"id": "22a368d4-5d3f-4026-840c-55af6fb16972", "name": "Jim Consultant", "role": "consultant", "email": "consultant@example.com", "image": "https://img.clerk.com/eyJ0eXBlIjoiZGVmYXVsdCIsImlpZCI6Imluc18ydUNFWFhtQXhBcXNZTkhnTTBQNm1TY0U1QnQiLCJyaWQiOiJ1c2VyXzJ1Q1U5cEtmN1JQMkZpT1JISlZNNUlIMFBkMSIsImluaXRpYWxzIjoiSkMifQ", "status": "active", "is_staff": true, "position": "senior_consultant", "username": null, "is_active": true, "created_at": "2025-05-23T06:45:00.468049+00:00", "manager_id": null, "updated_at": "2025-05-31T00:28:51.38901+00:00", "clerk_user_id": "user_2yXh6Wu8FUd7VbPEB56M0XfXsio", "deactivated_at": null, "deactivated_by": null, "status_changed_at": "2025-06-28T05:32:28.086733+00:00", "status_changed_by": null, "status_change_reason": null, "default_admin_time_percentage": 15.00}	{"id": "22a368d4-5d3f-4026-840c-55af6fb16972", "name": "Jim Consultant", "role": "consultant", "email": "consultant@example.com", "image": "https://img.clerk.com/eyJ0eXBlIjoiZGVmYXVsdCIsImlpZCI6Imluc18ydUNFWFhtQXhBcXNZTkhnTTBQNm1TY0U1QnQiLCJyaWQiOiJ1c2VyXzJ1Q1U5cEtmN1JQMkZpT1JISlZNNUlIMFBkMSIsImluaXRpYWxzIjoiSkMifQ", "status": "active", "is_staff": true, "position": "senior_consultant", "username": null, "is_active": true, "created_at": "2025-05-23T06:45:00.468049+00:00", "manager_id": null, "updated_at": "2025-05-31T00:28:51.38901+00:00", "clerk_user_id": "user_2yXh6Wu8FUd7VbPEB56M0XfXsio", "deactivated_at": null, "deactivated_by": null, "status_changed_at": "2025-06-28T05:32:28.086733+00:00", "status_changed_by": null, "status_change_reason": null, "default_admin_time_percentage": 20.00}	\N	\N	\N	\N	t	\N	\N	2025-07-02 11:53:58.674213+00
d5236ce4-7726-4ec0-960b-f354025dafd5	2025-07-02 11:53:58.687243+00	\N	\N	\N	UPDATE	users	0727c441-3fa7-44c2-b8f3-4e0b77986ac1	{"id": "0727c441-3fa7-44c2-b8f3-4e0b77986ac1", "name": "Jane Manager", "role": "manager", "email": "manager@example.com", "image": "https://img.clerk.com/eyJ0eXBlIjoiZGVmYXVsdCIsImlpZCI6Imluc18ydUNFWFhtQXhBcXNZTkhnTTBQNm1TY0U1QnQiLCJyaWQiOiJ1c2VyXzJ1Q1U1TzV2Z0xwcXd0Tzh4Y3JTWHRSRWcySyIsImluaXRpYWxzIjoiSk0ifQ", "status": "active", "is_staff": true, "position": "consultant", "username": null, "is_active": true, "created_at": "2025-05-23T06:45:00.468049+00:00", "manager_id": null, "updated_at": "2025-05-23T06:45:00.468049+00:00", "clerk_user_id": "user_2yXh2JHR2xtsfp16fkTdXHF9P3c", "deactivated_at": null, "deactivated_by": null, "status_changed_at": "2025-06-28T05:32:28.086733+00:00", "status_changed_by": null, "status_change_reason": null, "default_admin_time_percentage": 15.00}	{"id": "0727c441-3fa7-44c2-b8f3-4e0b77986ac1", "name": "Jane Manager", "role": "manager", "email": "manager@example.com", "image": "https://img.clerk.com/eyJ0eXBlIjoiZGVmYXVsdCIsImlpZCI6Imluc18ydUNFWFhtQXhBcXNZTkhnTTBQNm1TY0U1QnQiLCJyaWQiOiJ1c2VyXzJ1Q1U1TzV2Z0xwcXd0Tzh4Y3JTWHRSRWcySyIsImluaXRpYWxzIjoiSk0ifQ", "status": "active", "is_staff": true, "position": "consultant", "username": null, "is_active": true, "created_at": "2025-05-23T06:45:00.468049+00:00", "manager_id": null, "updated_at": "2025-05-23T06:45:00.468049+00:00", "clerk_user_id": "user_2yXh2JHR2xtsfp16fkTdXHF9P3c", "deactivated_at": null, "deactivated_by": null, "status_changed_at": "2025-06-28T05:32:28.086733+00:00", "status_changed_by": null, "status_change_reason": null, "default_admin_time_percentage": 10.00}	\N	\N	\N	\N	t	\N	\N	2025-07-02 11:53:58.687243+00
952ac9ff-a9db-4f7c-b708-0896c5ae5a1d	2025-07-05 08:22:45.006761+00	\N	\N	\N	INSERT	role_permissions	2402ceb6-f324-4d00-8f2f-7323db5ada6e	\N	{"id": "2402ceb6-f324-4d00-8f2f-7323db5ada6e", "role_id": "7950e369-5257-4cc4-94ea-53ceecaf91a3", "conditions": null, "created_at": "2025-07-05T08:22:45.006761+00:00", "updated_at": "2025-07-05T08:22:45.006761+00:00", "permission_id": "c74844cd-cf85-4718-8da3-d23a808a7acc"}	\N	\N	\N	\N	t	\N	\N	2025-07-05 08:22:45.006761+00
ce378673-f01c-4263-bc8c-df27045e9055	2025-07-05 08:22:45.006761+00	\N	\N	\N	INSERT	role_permissions	b0dd954d-f447-414c-af4a-bcc853df3ea1	\N	{"id": "b0dd954d-f447-414c-af4a-bcc853df3ea1", "role_id": "7950e369-5257-4cc4-94ea-53ceecaf91a3", "conditions": null, "created_at": "2025-07-05T08:22:45.006761+00:00", "updated_at": "2025-07-05T08:22:45.006761+00:00", "permission_id": "18229e44-2d7e-4aa6-a2e5-15d2adc7990c"}	\N	\N	\N	\N	t	\N	\N	2025-07-05 08:22:45.006761+00
85295622-493e-451a-8514-19763d46c890	2025-07-05 08:22:45.006761+00	\N	\N	\N	INSERT	role_permissions	48a772be-2ddc-46b9-9e13-35df940b2b15	\N	{"id": "48a772be-2ddc-46b9-9e13-35df940b2b15", "role_id": "7950e369-5257-4cc4-94ea-53ceecaf91a3", "conditions": null, "created_at": "2025-07-05T08:22:45.006761+00:00", "updated_at": "2025-07-05T08:22:45.006761+00:00", "permission_id": "c89a62a1-72ba-4358-a0ff-789935f5b2fb"}	\N	\N	\N	\N	t	\N	\N	2025-07-05 08:22:45.006761+00
9ccdc232-dbf5-4465-afb9-b20e69acc74c	2025-07-03 14:55:43.047724+00	\N	\N	\N	UPDATE	payrolls	17f681eb-3c58-4aa7-b6c1-9e75e2771a1d	{"id": "17f681eb-3c58-4aa7-b6c1-9e75e2771a1d", "name": "Weekly Payroll - Tuesday", "status": "Active", "cycle_id": "713e04b1-e876-4169-8a05-f6846b51eb68", "client_id": "65e17d2e-df6e-448b-abb3-eea9d566a239", "created_at": "2025-05-31T12:31:33.576415+00:00", "date_value": 2, "updated_at": "2025-06-16T08:14:15.88828+00:00", "date_type_id": "7e7d4966-eb52-4ea9-b5c2-9943d67b5cc7", "go_live_date": "2024-02-01", "employee_count": 18, "payroll_system": null, "version_number": 1, "version_reason": null, "manager_user_id": "0727c441-3fa7-44c2-b8f3-4e0b77986ac1", "processing_time": 4, "superseded_date": null, "parent_payroll_id": null, "created_by_user_id": null, "backup_consultant_user_id": "9aed2a64-0407-4dff-a621-2b7013e1713a", "primary_consultant_user_id": "22a368d4-5d3f-4026-840c-55af6fb16972", "processing_days_before_eft": 5}	{"id": "17f681eb-3c58-4aa7-b6c1-9e75e2771a1d", "name": "Weekly Payroll - Tuesday", "status": "Active", "cycle_id": "713e04b1-e876-4169-8a05-f6846b51eb68", "client_id": "65e17d2e-df6e-448b-abb3-eea9d566a239", "created_at": "2025-05-31T12:31:33.576415+00:00", "date_value": 2, "updated_at": "2025-07-03T14:55:43.047724+00:00", "date_type_id": "7e7d4966-eb52-4ea9-b5c2-9943d67b5cc7", "go_live_date": "2024-02-01", "employee_count": 18, "payroll_system": null, "version_number": 1, "version_reason": null, "manager_user_id": "d9ac8a7b-f679-49a1-8c99-837eb977578b", "processing_time": 4, "superseded_date": null, "parent_payroll_id": null, "created_by_user_id": null, "backup_consultant_user_id": null, "primary_consultant_user_id": "7898704c-ee5c-4ade-81f3-80a4388413fb", "processing_days_before_eft": 5}	\N	\N	\N	\N	t	\N	\N	2025-07-03 14:55:43.047724+00
d733cf46-0f2a-4c75-b5d8-6a4c05185ed0	2025-07-03 14:55:44.264747+00	\N	\N	\N	UPDATE	payrolls	17f681eb-3c58-4aa7-b6c1-9e75e2771a1d	{"id": "17f681eb-3c58-4aa7-b6c1-9e75e2771a1d", "name": "Weekly Payroll - Tuesday", "status": "Active", "cycle_id": "713e04b1-e876-4169-8a05-f6846b51eb68", "client_id": "65e17d2e-df6e-448b-abb3-eea9d566a239", "created_at": "2025-05-31T12:31:33.576415+00:00", "date_value": 2, "updated_at": "2025-07-03T14:55:43.047724+00:00", "date_type_id": "7e7d4966-eb52-4ea9-b5c2-9943d67b5cc7", "go_live_date": "2024-02-01", "employee_count": 18, "payroll_system": null, "version_number": 1, "version_reason": null, "manager_user_id": "d9ac8a7b-f679-49a1-8c99-837eb977578b", "processing_time": 4, "superseded_date": null, "parent_payroll_id": null, "created_by_user_id": null, "backup_consultant_user_id": null, "primary_consultant_user_id": "7898704c-ee5c-4ade-81f3-80a4388413fb", "processing_days_before_eft": 5}	{"id": "17f681eb-3c58-4aa7-b6c1-9e75e2771a1d", "name": "Weekly Payroll - Tuesday", "status": "Active", "cycle_id": "713e04b1-e876-4169-8a05-f6846b51eb68", "client_id": "65e17d2e-df6e-448b-abb3-eea9d566a239", "created_at": "2025-05-31T12:31:33.576415+00:00", "date_value": 2, "updated_at": "2025-07-03T14:55:44.264747+00:00", "date_type_id": "7e7d4966-eb52-4ea9-b5c2-9943d67b5cc7", "go_live_date": "2024-02-01", "employee_count": 18, "payroll_system": null, "version_number": 1, "version_reason": null, "manager_user_id": "d9ac8a7b-f679-49a1-8c99-837eb977578b", "processing_time": 4, "superseded_date": null, "parent_payroll_id": null, "created_by_user_id": null, "backup_consultant_user_id": null, "primary_consultant_user_id": "7898704c-ee5c-4ade-81f3-80a4388413fb", "processing_days_before_eft": 5}	\N	\N	\N	\N	t	\N	\N	2025-07-03 14:55:44.264747+00
1801ae81-38a8-4d2d-b55a-8a291f529894	2025-07-03 14:55:55.494159+00	\N	\N	\N	UPDATE	payrolls	17f681eb-3c58-4aa7-b6c1-9e75e2771a1d	{"id": "17f681eb-3c58-4aa7-b6c1-9e75e2771a1d", "name": "Weekly Payroll - Tuesday", "status": "Active", "cycle_id": "713e04b1-e876-4169-8a05-f6846b51eb68", "client_id": "65e17d2e-df6e-448b-abb3-eea9d566a239", "created_at": "2025-05-31T12:31:33.576415+00:00", "date_value": 2, "updated_at": "2025-07-03T14:55:44.264747+00:00", "date_type_id": "7e7d4966-eb52-4ea9-b5c2-9943d67b5cc7", "go_live_date": "2024-02-01", "employee_count": 18, "payroll_system": null, "version_number": 1, "version_reason": null, "manager_user_id": "d9ac8a7b-f679-49a1-8c99-837eb977578b", "processing_time": 4, "superseded_date": null, "parent_payroll_id": null, "created_by_user_id": null, "backup_consultant_user_id": null, "primary_consultant_user_id": "7898704c-ee5c-4ade-81f3-80a4388413fb", "processing_days_before_eft": 5}	{"id": "17f681eb-3c58-4aa7-b6c1-9e75e2771a1d", "name": "Weekly Payroll - Tuesday", "status": "Active", "cycle_id": "713e04b1-e876-4169-8a05-f6846b51eb68", "client_id": "65e17d2e-df6e-448b-abb3-eea9d566a239", "created_at": "2025-05-31T12:31:33.576415+00:00", "date_value": 2, "updated_at": "2025-07-03T14:55:55.494159+00:00", "date_type_id": "7e7d4966-eb52-4ea9-b5c2-9943d67b5cc7", "go_live_date": "2024-02-01", "employee_count": 18, "payroll_system": null, "version_number": 1, "version_reason": null, "manager_user_id": "d9ac8a7b-f679-49a1-8c99-837eb977578b", "processing_time": 4, "superseded_date": null, "parent_payroll_id": null, "created_by_user_id": null, "backup_consultant_user_id": null, "primary_consultant_user_id": "d9ac8a7b-f679-49a1-8c99-837eb977578b", "processing_days_before_eft": 5}	\N	\N	\N	\N	t	\N	\N	2025-07-03 14:55:55.494159+00
85da4f1b-87e1-40ac-9f99-3add6a64ccc9	2025-07-03 14:55:57.500612+00	\N	\N	\N	UPDATE	payrolls	17f681eb-3c58-4aa7-b6c1-9e75e2771a1d	{"id": "17f681eb-3c58-4aa7-b6c1-9e75e2771a1d", "name": "Weekly Payroll - Tuesday", "status": "Active", "cycle_id": "713e04b1-e876-4169-8a05-f6846b51eb68", "client_id": "65e17d2e-df6e-448b-abb3-eea9d566a239", "created_at": "2025-05-31T12:31:33.576415+00:00", "date_value": 2, "updated_at": "2025-07-03T14:55:55.494159+00:00", "date_type_id": "7e7d4966-eb52-4ea9-b5c2-9943d67b5cc7", "go_live_date": "2024-02-01", "employee_count": 18, "payroll_system": null, "version_number": 1, "version_reason": null, "manager_user_id": "d9ac8a7b-f679-49a1-8c99-837eb977578b", "processing_time": 4, "superseded_date": null, "parent_payroll_id": null, "created_by_user_id": null, "backup_consultant_user_id": null, "primary_consultant_user_id": "d9ac8a7b-f679-49a1-8c99-837eb977578b", "processing_days_before_eft": 5}	{"id": "17f681eb-3c58-4aa7-b6c1-9e75e2771a1d", "name": "Weekly Payroll - Tuesday", "status": "Active", "cycle_id": "713e04b1-e876-4169-8a05-f6846b51eb68", "client_id": "65e17d2e-df6e-448b-abb3-eea9d566a239", "created_at": "2025-05-31T12:31:33.576415+00:00", "date_value": 2, "updated_at": "2025-07-03T14:55:57.500612+00:00", "date_type_id": "7e7d4966-eb52-4ea9-b5c2-9943d67b5cc7", "go_live_date": "2024-02-01", "employee_count": 18, "payroll_system": null, "version_number": 1, "version_reason": null, "manager_user_id": "d9ac8a7b-f679-49a1-8c99-837eb977578b", "processing_time": 4, "superseded_date": null, "parent_payroll_id": null, "created_by_user_id": null, "backup_consultant_user_id": null, "primary_consultant_user_id": "d9ac8a7b-f679-49a1-8c99-837eb977578b", "processing_days_before_eft": 5}	\N	\N	\N	\N	t	\N	\N	2025-07-03 14:55:57.500612+00
574ac138-6c60-49ad-abbf-cc47b76510c2	2025-07-05 08:22:45.006761+00	\N	\N	\N	INSERT	role_permissions	6808acad-26f5-4599-868c-adde37f98750	\N	{"id": "6808acad-26f5-4599-868c-adde37f98750", "role_id": "7950e369-5257-4cc4-94ea-53ceecaf91a3", "conditions": null, "created_at": "2025-07-05T08:22:45.006761+00:00", "updated_at": "2025-07-05T08:22:45.006761+00:00", "permission_id": "cf7a15ea-ad24-430a-b3f6-c71e59d6fb5e"}	\N	\N	\N	\N	t	\N	\N	2025-07-05 08:22:45.006761+00
dbee356d-96c9-4880-87a2-2d9585b58756	2025-07-05 08:22:45.006761+00	\N	\N	\N	INSERT	role_permissions	eec9dcce-22e5-475c-928c-33df6dc72da2	\N	{"id": "eec9dcce-22e5-475c-928c-33df6dc72da2", "role_id": "7950e369-5257-4cc4-94ea-53ceecaf91a3", "conditions": null, "created_at": "2025-07-05T08:22:45.006761+00:00", "updated_at": "2025-07-05T08:22:45.006761+00:00", "permission_id": "5c570f06-d634-429b-96aa-35a93057d48e"}	\N	\N	\N	\N	t	\N	\N	2025-07-05 08:22:45.006761+00
359860cc-1332-40a1-8f9b-a106a4052bee	2025-07-03 14:56:06.279697+00	\N	\N	\N	UPDATE	payrolls	3a03ada0-e7d0-4f2b-aa5a-a3adde11432e	{"id": "3a03ada0-e7d0-4f2b-aa5a-a3adde11432e", "name": "Monthly Payroll - SOM", "status": "Active", "cycle_id": "d96980a2-3146-4969-87bc-d50fdf4fccd3", "client_id": "92ff771d-d468-4c91-ae58-d66b3ce1bd22", "created_at": "2025-05-31T12:32:46.823525+00:00", "date_value": null, "updated_at": "2025-06-02T05:24:24.374+00:00", "date_type_id": "f9914e22-da9e-4743-8d5d-365ba51ef854", "go_live_date": "2024-05-01", "employee_count": 45, "payroll_system": null, "version_number": 1, "version_reason": null, "manager_user_id": "0727c441-3fa7-44c2-b8f3-4e0b77986ac1", "processing_time": 16, "superseded_date": null, "parent_payroll_id": null, "created_by_user_id": null, "backup_consultant_user_id": "22a368d4-5d3f-4026-840c-55af6fb16972", "primary_consultant_user_id": "7898704c-ee5c-4ade-81f3-80a4388413fb", "processing_days_before_eft": 5}	{"id": "3a03ada0-e7d0-4f2b-aa5a-a3adde11432e", "name": "Monthly Payroll - SOM", "status": "Active", "cycle_id": "d96980a2-3146-4969-87bc-d50fdf4fccd3", "client_id": "92ff771d-d468-4c91-ae58-d66b3ce1bd22", "created_at": "2025-05-31T12:32:46.823525+00:00", "date_value": null, "updated_at": "2025-07-03T14:56:06.279697+00:00", "date_type_id": "f9914e22-da9e-4743-8d5d-365ba51ef854", "go_live_date": "2024-05-01", "employee_count": 45, "payroll_system": null, "version_number": 1, "version_reason": null, "manager_user_id": "d9ac8a7b-f679-49a1-8c99-837eb977578b", "processing_time": 16, "superseded_date": null, "parent_payroll_id": null, "created_by_user_id": null, "backup_consultant_user_id": null, "primary_consultant_user_id": "0727c441-3fa7-44c2-b8f3-4e0b77986ac1", "processing_days_before_eft": 5}	\N	\N	\N	\N	t	\N	\N	2025-07-03 14:56:06.279697+00
1011feb3-422b-422a-98bf-3556ef904b98	2025-07-03 14:56:06.279697+00	\N	\N	\N	UPDATE	payrolls	d619e823-c753-425c-88e4-5e797d2bff48	{"id": "d619e823-c753-425c-88e4-5e797d2bff48", "name": "Quarterly Payroll - SOM", "status": "Active", "cycle_id": "12570d45-fa3f-406a-80bc-1f412fe2d5f3", "client_id": "92ff771d-d468-4c91-ae58-d66b3ce1bd22", "created_at": "2025-05-31T12:33:27.091685+00:00", "date_value": null, "updated_at": "2025-05-31T12:33:27.091685+00:00", "date_type_id": "f9914e22-da9e-4743-8d5d-365ba51ef854", "go_live_date": "2024-07-01", "employee_count": 65, "payroll_system": null, "version_number": 1, "version_reason": null, "manager_user_id": "0727c441-3fa7-44c2-b8f3-4e0b77986ac1", "processing_time": 8, "superseded_date": null, "parent_payroll_id": null, "created_by_user_id": null, "backup_consultant_user_id": "7898704c-ee5c-4ade-81f3-80a4388413fb", "primary_consultant_user_id": "22a368d4-5d3f-4026-840c-55af6fb16972", "processing_days_before_eft": 3}	{"id": "d619e823-c753-425c-88e4-5e797d2bff48", "name": "Quarterly Payroll - SOM", "status": "Active", "cycle_id": "12570d45-fa3f-406a-80bc-1f412fe2d5f3", "client_id": "92ff771d-d468-4c91-ae58-d66b3ce1bd22", "created_at": "2025-05-31T12:33:27.091685+00:00", "date_value": null, "updated_at": "2025-07-03T14:56:06.279697+00:00", "date_type_id": "f9914e22-da9e-4743-8d5d-365ba51ef854", "go_live_date": "2024-07-01", "employee_count": 65, "payroll_system": null, "version_number": 1, "version_reason": null, "manager_user_id": "d9ac8a7b-f679-49a1-8c99-837eb977578b", "processing_time": 8, "superseded_date": null, "parent_payroll_id": null, "created_by_user_id": null, "backup_consultant_user_id": null, "primary_consultant_user_id": "0727c441-3fa7-44c2-b8f3-4e0b77986ac1", "processing_days_before_eft": 3}	\N	\N	\N	\N	t	\N	\N	2025-07-03 14:56:06.279697+00
20973e08-8bb2-4ba3-b4f5-9592930debb1	2025-07-03 14:56:06.279697+00	\N	\N	\N	UPDATE	payrolls	2b70eb57-bd0f-4b4c-9341-870fb9df1f60	{"id": "2b70eb57-bd0f-4b4c-9341-870fb9df1f60", "name": "Quarterly Payroll - 1st", "status": "Active", "cycle_id": "12570d45-fa3f-406a-80bc-1f412fe2d5f3", "client_id": "65e17d2e-df6e-448b-abb3-eea9d566a239", "created_at": "2025-05-31T12:33:44.347623+00:00", "date_value": 1, "updated_at": "2025-05-31T12:33:44.347623+00:00", "date_type_id": "b29b56fc-b098-4cac-8dab-868d935986f2", "go_live_date": "2024-12-10", "employee_count": 89, "payroll_system": null, "version_number": 1, "version_reason": null, "manager_user_id": "0727c441-3fa7-44c2-b8f3-4e0b77986ac1", "processing_time": 1, "superseded_date": null, "parent_payroll_id": null, "created_by_user_id": null, "backup_consultant_user_id": "7898704c-ee5c-4ade-81f3-80a4388413fb", "primary_consultant_user_id": "22a368d4-5d3f-4026-840c-55af6fb16972", "processing_days_before_eft": 5}	{"id": "2b70eb57-bd0f-4b4c-9341-870fb9df1f60", "name": "Quarterly Payroll - 1st", "status": "Active", "cycle_id": "12570d45-fa3f-406a-80bc-1f412fe2d5f3", "client_id": "65e17d2e-df6e-448b-abb3-eea9d566a239", "created_at": "2025-05-31T12:33:44.347623+00:00", "date_value": 1, "updated_at": "2025-07-03T14:56:06.279697+00:00", "date_type_id": "b29b56fc-b098-4cac-8dab-868d935986f2", "go_live_date": "2024-12-10", "employee_count": 89, "payroll_system": null, "version_number": 1, "version_reason": null, "manager_user_id": "d9ac8a7b-f679-49a1-8c99-837eb977578b", "processing_time": 1, "superseded_date": null, "parent_payroll_id": null, "created_by_user_id": null, "backup_consultant_user_id": null, "primary_consultant_user_id": "0727c441-3fa7-44c2-b8f3-4e0b77986ac1", "processing_days_before_eft": 5}	\N	\N	\N	\N	t	\N	\N	2025-07-03 14:56:06.279697+00
4f8d6ca8-7520-48e3-bafa-182eda396ad9	2025-07-03 14:56:06.279697+00	\N	\N	\N	UPDATE	payrolls	539cda98-21f9-4f37-b314-c7b791d8093c	{"id": "539cda98-21f9-4f37-b314-c7b791d8093c", "name": "Monthly Payroll - EOM", "status": "Active", "cycle_id": "d96980a2-3146-4969-87bc-d50fdf4fccd3", "client_id": "69cb7e99-72a2-41b2-9fe0-08b4a2d6857c", "created_at": "2025-05-31T12:32:54.347572+00:00", "date_value": null, "updated_at": "2025-05-31T12:32:54.347572+00:00", "date_type_id": "68001232-8ac9-442d-bbe0-287569f2b144", "go_live_date": "2024-05-31", "employee_count": 52, "payroll_system": null, "version_number": 1, "version_reason": null, "manager_user_id": "0727c441-3fa7-44c2-b8f3-4e0b77986ac1", "processing_time": 1, "superseded_date": null, "parent_payroll_id": null, "created_by_user_id": null, "backup_consultant_user_id": "7898704c-ee5c-4ade-81f3-80a4388413fb", "primary_consultant_user_id": "22a368d4-5d3f-4026-840c-55af6fb16972", "processing_days_before_eft": 7}	{"id": "539cda98-21f9-4f37-b314-c7b791d8093c", "name": "Monthly Payroll - EOM", "status": "Active", "cycle_id": "d96980a2-3146-4969-87bc-d50fdf4fccd3", "client_id": "69cb7e99-72a2-41b2-9fe0-08b4a2d6857c", "created_at": "2025-05-31T12:32:54.347572+00:00", "date_value": null, "updated_at": "2025-07-03T14:56:06.279697+00:00", "date_type_id": "68001232-8ac9-442d-bbe0-287569f2b144", "go_live_date": "2024-05-31", "employee_count": 52, "payroll_system": null, "version_number": 1, "version_reason": null, "manager_user_id": "d9ac8a7b-f679-49a1-8c99-837eb977578b", "processing_time": 1, "superseded_date": null, "parent_payroll_id": null, "created_by_user_id": null, "backup_consultant_user_id": null, "primary_consultant_user_id": "0727c441-3fa7-44c2-b8f3-4e0b77986ac1", "processing_days_before_eft": 7}	\N	\N	\N	\N	t	\N	\N	2025-07-03 14:56:06.279697+00
88023020-8704-428f-a138-d0185db9ea51	2025-07-05 08:22:45.006761+00	\N	\N	\N	INSERT	role_permissions	28f63a51-637f-4c5c-888d-8ac77d9d24a6	\N	{"id": "28f63a51-637f-4c5c-888d-8ac77d9d24a6", "role_id": "7950e369-5257-4cc4-94ea-53ceecaf91a3", "conditions": null, "created_at": "2025-07-05T08:22:45.006761+00:00", "updated_at": "2025-07-05T08:22:45.006761+00:00", "permission_id": "9948ca31-95ff-416c-8f27-47b9cd9c716d"}	\N	\N	\N	\N	t	\N	\N	2025-07-05 08:22:45.006761+00
9948b778-81e8-4cdd-8f4f-5d2687b8385a	2025-07-03 14:56:06.279697+00	\N	\N	\N	UPDATE	payrolls	c963a50e-f21e-48b3-8357-fa116b770ab8	{"id": "c963a50e-f21e-48b3-8357-fa116b770ab8", "name": "Quarterly Payroll - EOM", "status": "Active", "cycle_id": "12570d45-fa3f-406a-80bc-1f412fe2d5f3", "client_id": "69cb7e99-72a2-41b2-9fe0-08b4a2d6857c", "created_at": "2025-05-31T12:33:35.86555+00:00", "date_value": null, "updated_at": "2025-05-31T12:33:35.86555+00:00", "date_type_id": "68001232-8ac9-442d-bbe0-287569f2b144", "go_live_date": "2024-09-30", "employee_count": 78, "payroll_system": null, "version_number": 1, "version_reason": null, "manager_user_id": "0727c441-3fa7-44c2-b8f3-4e0b77986ac1", "processing_time": 1, "superseded_date": null, "parent_payroll_id": null, "created_by_user_id": null, "backup_consultant_user_id": "22a368d4-5d3f-4026-840c-55af6fb16972", "primary_consultant_user_id": "7898704c-ee5c-4ade-81f3-80a4388413fb", "processing_days_before_eft": 2}	{"id": "c963a50e-f21e-48b3-8357-fa116b770ab8", "name": "Quarterly Payroll - EOM", "status": "Active", "cycle_id": "12570d45-fa3f-406a-80bc-1f412fe2d5f3", "client_id": "69cb7e99-72a2-41b2-9fe0-08b4a2d6857c", "created_at": "2025-05-31T12:33:35.86555+00:00", "date_value": null, "updated_at": "2025-07-03T14:56:06.279697+00:00", "date_type_id": "68001232-8ac9-442d-bbe0-287569f2b144", "go_live_date": "2024-09-30", "employee_count": 78, "payroll_system": null, "version_number": 1, "version_reason": null, "manager_user_id": "d9ac8a7b-f679-49a1-8c99-837eb977578b", "processing_time": 1, "superseded_date": null, "parent_payroll_id": null, "created_by_user_id": null, "backup_consultant_user_id": null, "primary_consultant_user_id": "0727c441-3fa7-44c2-b8f3-4e0b77986ac1", "processing_days_before_eft": 2}	\N	\N	\N	\N	t	\N	\N	2025-07-03 14:56:06.279697+00
731dec8e-4332-486a-b971-454d89edf2a1	2025-07-03 14:56:06.279697+00	\N	\N	\N	UPDATE	payrolls	f4024875-34a3-4f82-a49d-e35a44726cda	{"id": "f4024875-34a3-4f82-a49d-e35a44726cda", "name": "Monthly Payroll - 26th", "status": "Active", "cycle_id": "d96980a2-3146-4969-87bc-d50fdf4fccd3", "client_id": "65e17d2e-df6e-448b-abb3-eea9d566a239", "created_at": "2025-05-31T12:33:02.67459+00:00", "date_value": 26, "updated_at": "2025-06-01T10:09:02.65561+00:00", "date_type_id": "b29b56fc-b098-4cac-8dab-868d935986f2", "go_live_date": "2024-06-05", "employee_count": 38, "payroll_system": null, "version_number": 1, "version_reason": null, "manager_user_id": "0727c441-3fa7-44c2-b8f3-4e0b77986ac1", "processing_time": 13, "superseded_date": null, "parent_payroll_id": null, "created_by_user_id": null, "backup_consultant_user_id": "22a368d4-5d3f-4026-840c-55af6fb16972", "primary_consultant_user_id": "7898704c-ee5c-4ade-81f3-80a4388413fb", "processing_days_before_eft": 1}	{"id": "f4024875-34a3-4f82-a49d-e35a44726cda", "name": "Monthly Payroll - 26th", "status": "Active", "cycle_id": "d96980a2-3146-4969-87bc-d50fdf4fccd3", "client_id": "65e17d2e-df6e-448b-abb3-eea9d566a239", "created_at": "2025-05-31T12:33:02.67459+00:00", "date_value": 26, "updated_at": "2025-07-03T14:56:06.279697+00:00", "date_type_id": "b29b56fc-b098-4cac-8dab-868d935986f2", "go_live_date": "2024-06-05", "employee_count": 38, "payroll_system": null, "version_number": 1, "version_reason": null, "manager_user_id": "d9ac8a7b-f679-49a1-8c99-837eb977578b", "processing_time": 13, "superseded_date": null, "parent_payroll_id": null, "created_by_user_id": null, "backup_consultant_user_id": null, "primary_consultant_user_id": "0727c441-3fa7-44c2-b8f3-4e0b77986ac1", "processing_days_before_eft": 1}	\N	\N	\N	\N	t	\N	\N	2025-07-03 14:56:06.279697+00
3430421d-7bf2-46fe-814d-1e2683edf736	2025-07-03 14:56:06.279697+00	\N	\N	\N	UPDATE	payrolls	5636f4db-90e9-46c5-aaae-bfc7dc82ae60	{"id": "5636f4db-90e9-46c5-aaae-bfc7dc82ae60", "name": "Test 2 Payroll", "status": "Active", "cycle_id": "713e04b1-e876-4169-8a05-f6846b51eb68", "client_id": "e9f0f635-c229-45cd-9f2b-8e0c461601f4", "created_at": "2025-06-30T03:58:28.822698+00:00", "date_value": 1, "updated_at": "2025-06-30T03:58:28.822698+00:00", "date_type_id": "7e7d4966-eb52-4ea9-b5c2-9943d67b5cc7", "go_live_date": "2025-06-30", "employee_count": 200, "payroll_system": null, "version_number": 1, "version_reason": null, "manager_user_id": "0727c441-3fa7-44c2-b8f3-4e0b77986ac1", "processing_time": 1, "superseded_date": null, "parent_payroll_id": null, "created_by_user_id": null, "backup_consultant_user_id": "22a368d4-5d3f-4026-840c-55af6fb16972", "primary_consultant_user_id": "7898704c-ee5c-4ade-81f3-80a4388413fb", "processing_days_before_eft": 3}	{"id": "5636f4db-90e9-46c5-aaae-bfc7dc82ae60", "name": "Test 2 Payroll", "status": "Active", "cycle_id": "713e04b1-e876-4169-8a05-f6846b51eb68", "client_id": "e9f0f635-c229-45cd-9f2b-8e0c461601f4", "created_at": "2025-06-30T03:58:28.822698+00:00", "date_value": 1, "updated_at": "2025-07-03T14:56:06.279697+00:00", "date_type_id": "7e7d4966-eb52-4ea9-b5c2-9943d67b5cc7", "go_live_date": "2025-06-30", "employee_count": 200, "payroll_system": null, "version_number": 1, "version_reason": null, "manager_user_id": "d9ac8a7b-f679-49a1-8c99-837eb977578b", "processing_time": 1, "superseded_date": null, "parent_payroll_id": null, "created_by_user_id": null, "backup_consultant_user_id": null, "primary_consultant_user_id": "0727c441-3fa7-44c2-b8f3-4e0b77986ac1", "processing_days_before_eft": 3}	\N	\N	\N	\N	t	\N	\N	2025-07-03 14:56:06.279697+00
2c40a74f-8273-454d-bd1f-de87872115ba	2025-07-03 14:56:06.401713+00	\N	\N	\N	UPDATE	payrolls	f45e433b-fce5-4c95-bf24-364c66792709	{"id": "f45e433b-fce5-4c95-bf24-364c66792709", "name": "Monthly Payroll - 25th", "status": "Active", "cycle_id": "d96980a2-3146-4969-87bc-d50fdf4fccd3", "client_id": "4ecd4666-c94e-43ba-97dc-3c78c8badffb", "created_at": "2025-05-31T12:33:17.777573+00:00", "date_value": 25, "updated_at": "2025-05-31T12:33:17.777573+00:00", "date_type_id": "b29b56fc-b098-4cac-8dab-868d935986f2", "go_live_date": "2024-06-20", "employee_count": 41, "payroll_system": null, "version_number": 1, "version_reason": null, "manager_user_id": "0727c441-3fa7-44c2-b8f3-4e0b77986ac1", "processing_time": 1, "superseded_date": null, "parent_payroll_id": null, "created_by_user_id": null, "backup_consultant_user_id": "22a368d4-5d3f-4026-840c-55af6fb16972", "primary_consultant_user_id": "7898704c-ee5c-4ade-81f3-80a4388413fb", "processing_days_before_eft": 6}	{"id": "f45e433b-fce5-4c95-bf24-364c66792709", "name": "Monthly Payroll - 25th", "status": "Active", "cycle_id": "d96980a2-3146-4969-87bc-d50fdf4fccd3", "client_id": "4ecd4666-c94e-43ba-97dc-3c78c8badffb", "created_at": "2025-05-31T12:33:17.777573+00:00", "date_value": 25, "updated_at": "2025-07-03T14:56:06.401713+00:00", "date_type_id": "b29b56fc-b098-4cac-8dab-868d935986f2", "go_live_date": "2024-06-20", "employee_count": 41, "payroll_system": null, "version_number": 1, "version_reason": null, "manager_user_id": "d9ac8a7b-f679-49a1-8c99-837eb977578b", "processing_time": 1, "superseded_date": null, "parent_payroll_id": null, "created_by_user_id": null, "backup_consultant_user_id": null, "primary_consultant_user_id": "d9ac8a7b-f679-49a1-8c99-837eb977578b", "processing_days_before_eft": 6}	\N	\N	\N	\N	t	\N	\N	2025-07-03 14:56:06.401713+00
a4724392-6eb9-4683-9e3b-08e965b09313	2025-07-05 08:22:45.006761+00	\N	\N	\N	INSERT	role_permissions	94cd6339-0928-46a6-9561-5cbe8843016b	\N	{"id": "94cd6339-0928-46a6-9561-5cbe8843016b", "role_id": "7950e369-5257-4cc4-94ea-53ceecaf91a3", "conditions": null, "created_at": "2025-07-05T08:22:45.006761+00:00", "updated_at": "2025-07-05T08:22:45.006761+00:00", "permission_id": "6039239c-a3f9-4576-955c-a2a16d8f7c99"}	\N	\N	\N	\N	t	\N	\N	2025-07-05 08:22:45.006761+00
5cdb3c7a-39f0-4f52-892e-465571403516	2025-07-03 14:56:06.401713+00	\N	\N	\N	UPDATE	payrolls	17f681eb-3c58-4aa7-b6c1-9e75e2771a1d	{"id": "17f681eb-3c58-4aa7-b6c1-9e75e2771a1d", "name": "Weekly Payroll - Tuesday", "status": "Active", "cycle_id": "713e04b1-e876-4169-8a05-f6846b51eb68", "client_id": "65e17d2e-df6e-448b-abb3-eea9d566a239", "created_at": "2025-05-31T12:31:33.576415+00:00", "date_value": 2, "updated_at": "2025-07-03T14:55:57.500612+00:00", "date_type_id": "7e7d4966-eb52-4ea9-b5c2-9943d67b5cc7", "go_live_date": "2024-02-01", "employee_count": 18, "payroll_system": null, "version_number": 1, "version_reason": null, "manager_user_id": "d9ac8a7b-f679-49a1-8c99-837eb977578b", "processing_time": 4, "superseded_date": null, "parent_payroll_id": null, "created_by_user_id": null, "backup_consultant_user_id": null, "primary_consultant_user_id": "d9ac8a7b-f679-49a1-8c99-837eb977578b", "processing_days_before_eft": 5}	{"id": "17f681eb-3c58-4aa7-b6c1-9e75e2771a1d", "name": "Weekly Payroll - Tuesday", "status": "Active", "cycle_id": "713e04b1-e876-4169-8a05-f6846b51eb68", "client_id": "65e17d2e-df6e-448b-abb3-eea9d566a239", "created_at": "2025-05-31T12:31:33.576415+00:00", "date_value": 2, "updated_at": "2025-07-03T14:56:06.401713+00:00", "date_type_id": "7e7d4966-eb52-4ea9-b5c2-9943d67b5cc7", "go_live_date": "2024-02-01", "employee_count": 18, "payroll_system": null, "version_number": 1, "version_reason": null, "manager_user_id": "d9ac8a7b-f679-49a1-8c99-837eb977578b", "processing_time": 4, "superseded_date": null, "parent_payroll_id": null, "created_by_user_id": null, "backup_consultant_user_id": null, "primary_consultant_user_id": "d9ac8a7b-f679-49a1-8c99-837eb977578b", "processing_days_before_eft": 5}	\N	\N	\N	\N	t	\N	\N	2025-07-03 14:56:06.401713+00
33de4ea0-4163-453f-b478-151192cf8f13	2025-07-03 14:56:06.401713+00	\N	\N	\N	UPDATE	payrolls	90070d99-0c19-448f-a940-8afb852cf106	{"id": "90070d99-0c19-448f-a940-8afb852cf106", "name": "Bi-Monthly Payroll - SOM", "status": "Active", "cycle_id": "60490f74-a5b9-430a-ad4a-ade8f7393007", "client_id": "65e17d2e-df6e-448b-abb3-eea9d566a239", "created_at": "2025-05-31T12:32:20.874498+00:00", "date_value": null, "updated_at": "2025-05-31T12:32:20.874498+00:00", "date_type_id": "f9914e22-da9e-4743-8d5d-365ba51ef854", "go_live_date": "2024-03-01", "employee_count": 40, "payroll_system": null, "version_number": 1, "version_reason": null, "manager_user_id": "0727c441-3fa7-44c2-b8f3-4e0b77986ac1", "processing_time": 1, "superseded_date": null, "parent_payroll_id": null, "created_by_user_id": null, "backup_consultant_user_id": "7898704c-ee5c-4ade-81f3-80a4388413fb", "primary_consultant_user_id": "22a368d4-5d3f-4026-840c-55af6fb16972", "processing_days_before_eft": 6}	{"id": "90070d99-0c19-448f-a940-8afb852cf106", "name": "Bi-Monthly Payroll - SOM", "status": "Active", "cycle_id": "60490f74-a5b9-430a-ad4a-ade8f7393007", "client_id": "65e17d2e-df6e-448b-abb3-eea9d566a239", "created_at": "2025-05-31T12:32:20.874498+00:00", "date_value": null, "updated_at": "2025-07-03T14:56:06.401713+00:00", "date_type_id": "f9914e22-da9e-4743-8d5d-365ba51ef854", "go_live_date": "2024-03-01", "employee_count": 40, "payroll_system": null, "version_number": 1, "version_reason": null, "manager_user_id": "d9ac8a7b-f679-49a1-8c99-837eb977578b", "processing_time": 1, "superseded_date": null, "parent_payroll_id": null, "created_by_user_id": null, "backup_consultant_user_id": null, "primary_consultant_user_id": "d9ac8a7b-f679-49a1-8c99-837eb977578b", "processing_days_before_eft": 6}	\N	\N	\N	\N	t	\N	\N	2025-07-03 14:56:06.401713+00
44ad6891-f5f2-41ca-920c-88a116eabe87	2025-07-03 14:56:06.401713+00	\N	\N	\N	UPDATE	payrolls	9f8bddfa-e60e-4a7d-8227-51e66d964028	{"id": "9f8bddfa-e60e-4a7d-8227-51e66d964028", "name": "Fortnightly Payroll - Week A - Thursday", "status": "Active", "cycle_id": "769d0c73-f918-4734-8cc9-45b1284c9ce8", "client_id": "4ecd4666-c94e-43ba-97dc-3c78c8badffb", "created_at": "2025-06-02T04:30:17.461051+00:00", "date_value": 4, "updated_at": "2025-06-02T04:30:17.461051+00:00", "date_type_id": "d11a8b82-ec8f-4300-a397-37e8b0d54114", "go_live_date": "2025-06-02", "employee_count": 12, "payroll_system": null, "version_number": 2, "version_reason": "schedule_change", "manager_user_id": "0727c441-3fa7-44c2-b8f3-4e0b77986ac1", "processing_time": 1, "superseded_date": null, "parent_payroll_id": "076f830b-de4b-47c9-b0ae-988556c48725", "created_by_user_id": "d9ac8a7b-f679-49a1-8c99-837eb977578b", "backup_consultant_user_id": "22a368d4-5d3f-4026-840c-55af6fb16972", "primary_consultant_user_id": "7898704c-ee5c-4ade-81f3-80a4388413fb", "processing_days_before_eft": 7}	{"id": "9f8bddfa-e60e-4a7d-8227-51e66d964028", "name": "Fortnightly Payroll - Week A - Thursday", "status": "Active", "cycle_id": "769d0c73-f918-4734-8cc9-45b1284c9ce8", "client_id": "4ecd4666-c94e-43ba-97dc-3c78c8badffb", "created_at": "2025-06-02T04:30:17.461051+00:00", "date_value": 4, "updated_at": "2025-07-03T14:56:06.401713+00:00", "date_type_id": "d11a8b82-ec8f-4300-a397-37e8b0d54114", "go_live_date": "2025-06-02", "employee_count": 12, "payroll_system": null, "version_number": 2, "version_reason": "schedule_change", "manager_user_id": "d9ac8a7b-f679-49a1-8c99-837eb977578b", "processing_time": 1, "superseded_date": null, "parent_payroll_id": "076f830b-de4b-47c9-b0ae-988556c48725", "created_by_user_id": "d9ac8a7b-f679-49a1-8c99-837eb977578b", "backup_consultant_user_id": null, "primary_consultant_user_id": "d9ac8a7b-f679-49a1-8c99-837eb977578b", "processing_days_before_eft": 7}	\N	\N	\N	\N	t	\N	\N	2025-07-03 14:56:06.401713+00
cee04389-c09c-43d8-a806-43eb4417af1d	2025-07-03 14:56:06.401713+00	\N	\N	\N	UPDATE	payrolls	a18b9637-c20f-428e-b6b7-a4a688e5b21a	{"id": "a18b9637-c20f-428e-b6b7-a4a688e5b21a", "name": "Weekly Payroll - Thursday", "status": "Active", "cycle_id": "713e04b1-e876-4169-8a05-f6846b51eb68", "client_id": "69cb7e99-72a2-41b2-9fe0-08b4a2d6857c", "created_at": "2025-06-02T04:35:38.428441+00:00", "date_value": 4, "updated_at": "2025-06-02T04:35:38.428441+00:00", "date_type_id": "7e7d4966-eb52-4ea9-b5c2-9943d67b5cc7", "go_live_date": "2025-06-02", "employee_count": 25, "payroll_system": null, "version_number": 3, "version_reason": "schedule_change", "manager_user_id": "0727c441-3fa7-44c2-b8f3-4e0b77986ac1", "processing_time": 1, "superseded_date": null, "parent_payroll_id": "fabe13b6-395a-489f-8003-69668a89cfe5", "created_by_user_id": "d9ac8a7b-f679-49a1-8c99-837eb977578b", "backup_consultant_user_id": "7898704c-ee5c-4ade-81f3-80a4388413fb", "primary_consultant_user_id": "22a368d4-5d3f-4026-840c-55af6fb16972", "processing_days_before_eft": 3}	{"id": "a18b9637-c20f-428e-b6b7-a4a688e5b21a", "name": "Weekly Payroll - Thursday", "status": "Active", "cycle_id": "713e04b1-e876-4169-8a05-f6846b51eb68", "client_id": "69cb7e99-72a2-41b2-9fe0-08b4a2d6857c", "created_at": "2025-06-02T04:35:38.428441+00:00", "date_value": 4, "updated_at": "2025-07-03T14:56:06.401713+00:00", "date_type_id": "7e7d4966-eb52-4ea9-b5c2-9943d67b5cc7", "go_live_date": "2025-06-02", "employee_count": 25, "payroll_system": null, "version_number": 3, "version_reason": "schedule_change", "manager_user_id": "d9ac8a7b-f679-49a1-8c99-837eb977578b", "processing_time": 1, "superseded_date": null, "parent_payroll_id": "fabe13b6-395a-489f-8003-69668a89cfe5", "created_by_user_id": "d9ac8a7b-f679-49a1-8c99-837eb977578b", "backup_consultant_user_id": null, "primary_consultant_user_id": "d9ac8a7b-f679-49a1-8c99-837eb977578b", "processing_days_before_eft": 3}	\N	\N	\N	\N	t	\N	\N	2025-07-03 14:56:06.401713+00
abae1047-bc3e-4338-ac09-a13fdc7f7174	2025-07-05 08:22:45.006761+00	\N	\N	\N	INSERT	role_permissions	a37e280a-24df-4d18-a635-7b366cc10668	\N	{"id": "a37e280a-24df-4d18-a635-7b366cc10668", "role_id": "7950e369-5257-4cc4-94ea-53ceecaf91a3", "conditions": null, "created_at": "2025-07-05T08:22:45.006761+00:00", "updated_at": "2025-07-05T08:22:45.006761+00:00", "permission_id": "61dd104d-b839-427e-a741-e3d375b1b43c"}	\N	\N	\N	\N	t	\N	\N	2025-07-05 08:22:45.006761+00
e4f8bb92-c545-473c-bf00-72f2ceaaf1af	2025-07-05 08:22:45.006761+00	\N	\N	\N	INSERT	role_permissions	a1ef5297-6045-4455-b16d-de306e45cf41	\N	{"id": "a1ef5297-6045-4455-b16d-de306e45cf41", "role_id": "7950e369-5257-4cc4-94ea-53ceecaf91a3", "conditions": null, "created_at": "2025-07-05T08:22:45.006761+00:00", "updated_at": "2025-07-05T08:22:45.006761+00:00", "permission_id": "1a5e7dd3-1714-4ed3-854d-e8e7df4ac948"}	\N	\N	\N	\N	t	\N	\N	2025-07-05 08:22:45.006761+00
93718135-ece5-4cc7-a6a2-57817c9e1e6b	2025-07-05 08:22:45.006761+00	\N	\N	\N	INSERT	role_permissions	7da22dea-d254-4d1e-91af-cb2f157e82aa	\N	{"id": "7da22dea-d254-4d1e-91af-cb2f157e82aa", "role_id": "7950e369-5257-4cc4-94ea-53ceecaf91a3", "conditions": null, "created_at": "2025-07-05T08:22:45.006761+00:00", "updated_at": "2025-07-05T08:22:45.006761+00:00", "permission_id": "3a2ca03a-3de7-4017-857c-9105cef3dc8d"}	\N	\N	\N	\N	t	\N	\N	2025-07-05 08:22:45.006761+00
6a24cfa6-4add-479a-ae1e-a777b229aa2b	2025-07-03 14:56:06.401713+00	\N	\N	\N	UPDATE	payrolls	6caecf93-0b00-4776-8bfd-943bf05fd7d4	{"id": "6caecf93-0b00-4776-8bfd-943bf05fd7d4", "name": "Bi-Monthly Payroll - EOM", "status": "Active", "cycle_id": "60490f74-a5b9-430a-ad4a-ade8f7393007", "client_id": "4ecd4666-c94e-43ba-97dc-3c78c8badffb", "created_at": "2025-05-31T12:32:37.2955+00:00", "date_value": null, "updated_at": "2025-05-31T12:32:37.2955+00:00", "date_type_id": "68001232-8ac9-442d-bbe0-287569f2b144", "go_live_date": "2024-04-30", "employee_count": 33, "payroll_system": null, "version_number": 1, "version_reason": null, "manager_user_id": "0727c441-3fa7-44c2-b8f3-4e0b77986ac1", "processing_time": 1, "superseded_date": null, "parent_payroll_id": null, "created_by_user_id": null, "backup_consultant_user_id": "7898704c-ee5c-4ade-81f3-80a4388413fb", "primary_consultant_user_id": "22a368d4-5d3f-4026-840c-55af6fb16972", "processing_days_before_eft": 2}	{"id": "6caecf93-0b00-4776-8bfd-943bf05fd7d4", "name": "Bi-Monthly Payroll - EOM", "status": "Active", "cycle_id": "60490f74-a5b9-430a-ad4a-ade8f7393007", "client_id": "4ecd4666-c94e-43ba-97dc-3c78c8badffb", "created_at": "2025-05-31T12:32:37.2955+00:00", "date_value": null, "updated_at": "2025-07-03T14:56:06.401713+00:00", "date_type_id": "68001232-8ac9-442d-bbe0-287569f2b144", "go_live_date": "2024-04-30", "employee_count": 33, "payroll_system": null, "version_number": 1, "version_reason": null, "manager_user_id": "d9ac8a7b-f679-49a1-8c99-837eb977578b", "processing_time": 1, "superseded_date": null, "parent_payroll_id": null, "created_by_user_id": null, "backup_consultant_user_id": null, "primary_consultant_user_id": "d9ac8a7b-f679-49a1-8c99-837eb977578b", "processing_days_before_eft": 2}	\N	\N	\N	\N	t	\N	\N	2025-07-03 14:56:06.401713+00
869bec78-52e4-4a61-b363-da517125b346	2025-07-03 14:56:06.401713+00	\N	\N	\N	UPDATE	payrolls	dfb29321-c8e8-473d-941f-64406beace52	{"id": "dfb29321-c8e8-473d-941f-64406beace52", "name": "Fortnightly Payroll - Week B - Friday", "status": "Active", "cycle_id": "769d0c73-f918-4734-8cc9-45b1284c9ce8", "client_id": "69cb7e99-72a2-41b2-9fe0-08b4a2d6857c", "created_at": "2025-05-31T12:32:10.946486+00:00", "date_value": 5, "updated_at": "2025-05-31T12:32:10.946486+00:00", "date_type_id": "2af96485-ff65-42e8-b300-3ad9308a7e2b", "go_live_date": "2024-02-22", "employee_count": 35, "payroll_system": null, "version_number": 1, "version_reason": null, "manager_user_id": "0727c441-3fa7-44c2-b8f3-4e0b77986ac1", "processing_time": 1, "superseded_date": null, "parent_payroll_id": null, "created_by_user_id": null, "backup_consultant_user_id": "22a368d4-5d3f-4026-840c-55af6fb16972", "primary_consultant_user_id": "7898704c-ee5c-4ade-81f3-80a4388413fb", "processing_days_before_eft": 1}	{"id": "dfb29321-c8e8-473d-941f-64406beace52", "name": "Fortnightly Payroll - Week B - Friday", "status": "Active", "cycle_id": "769d0c73-f918-4734-8cc9-45b1284c9ce8", "client_id": "69cb7e99-72a2-41b2-9fe0-08b4a2d6857c", "created_at": "2025-05-31T12:32:10.946486+00:00", "date_value": 5, "updated_at": "2025-07-03T14:56:06.401713+00:00", "date_type_id": "2af96485-ff65-42e8-b300-3ad9308a7e2b", "go_live_date": "2024-02-22", "employee_count": 35, "payroll_system": null, "version_number": 1, "version_reason": null, "manager_user_id": "d9ac8a7b-f679-49a1-8c99-837eb977578b", "processing_time": 1, "superseded_date": null, "parent_payroll_id": null, "created_by_user_id": null, "backup_consultant_user_id": null, "primary_consultant_user_id": "d9ac8a7b-f679-49a1-8c99-837eb977578b", "processing_days_before_eft": 1}	\N	\N	\N	\N	t	\N	\N	2025-07-03 14:56:06.401713+00
408044cf-96eb-4fc6-ae06-08644f108370	2025-07-03 14:56:06.520604+00	\N	\N	\N	UPDATE	payrolls	6cae0f5c-d909-4e24-ab78-ccf3543ed7f5	{"id": "6cae0f5c-d909-4e24-ab78-ccf3543ed7f5", "name": "Fortnightly Payroll - Week A - Monday", "status": "Active", "cycle_id": "769d0c73-f918-4734-8cc9-45b1284c9ce8", "client_id": "ed90f235-e212-4ecd-aedf-402a2a91125f", "created_at": "2025-06-02T03:56:42.423474+00:00", "date_value": 1, "updated_at": "2025-06-02T03:56:42.423474+00:00", "date_type_id": "d11a8b82-ec8f-4300-a397-37e8b0d54114", "go_live_date": "2025-06-02", "employee_count": 30, "payroll_system": null, "version_number": 1, "version_reason": "schedule_change", "manager_user_id": "0727c441-3fa7-44c2-b8f3-4e0b77986ac1", "processing_time": 1, "superseded_date": null, "parent_payroll_id": "fa68604a-99ab-4336-93ed-1bafeee40e8d", "created_by_user_id": "d9ac8a7b-f679-49a1-8c99-837eb977578b", "backup_consultant_user_id": "7898704c-ee5c-4ade-81f3-80a4388413fb", "primary_consultant_user_id": "22a368d4-5d3f-4026-840c-55af6fb16972", "processing_days_before_eft": 2}	{"id": "6cae0f5c-d909-4e24-ab78-ccf3543ed7f5", "name": "Fortnightly Payroll - Week A - Monday", "status": "Active", "cycle_id": "769d0c73-f918-4734-8cc9-45b1284c9ce8", "client_id": "ed90f235-e212-4ecd-aedf-402a2a91125f", "created_at": "2025-06-02T03:56:42.423474+00:00", "date_value": 1, "updated_at": "2025-07-03T14:56:06.520604+00:00", "date_type_id": "d11a8b82-ec8f-4300-a397-37e8b0d54114", "go_live_date": "2025-06-02", "employee_count": 30, "payroll_system": null, "version_number": 1, "version_reason": "schedule_change", "manager_user_id": "d9ac8a7b-f679-49a1-8c99-837eb977578b", "processing_time": 1, "superseded_date": null, "parent_payroll_id": "fa68604a-99ab-4336-93ed-1bafeee40e8d", "created_by_user_id": "d9ac8a7b-f679-49a1-8c99-837eb977578b", "backup_consultant_user_id": null, "primary_consultant_user_id": "9aed2a64-0407-4dff-a621-2b7013e1713a", "processing_days_before_eft": 2}	\N	\N	\N	\N	t	\N	\N	2025-07-03 14:56:06.520604+00
72bd291c-1a80-4dcf-a53c-3e05aba379e2	2025-07-03 14:56:06.520604+00	\N	\N	\N	UPDATE	payrolls	5c2ef179-308f-4545-bf7b-40c83b55f0c8	{"id": "5c2ef179-308f-4545-bf7b-40c83b55f0c8", "name": "Monthly Payroll - 29th", "status": "Active", "cycle_id": "d96980a2-3146-4969-87bc-d50fdf4fccd3", "client_id": "ed90f235-e212-4ecd-aedf-402a2a91125f", "created_at": "2025-05-31T12:33:09.761684+00:00", "date_value": 29, "updated_at": "2025-06-02T04:22:11.745022+00:00", "date_type_id": "b29b56fc-b098-4cac-8dab-868d935986f2", "go_live_date": "2024-06-12", "employee_count": 29, "payroll_system": null, "version_number": 1, "version_reason": null, "manager_user_id": "0727c441-3fa7-44c2-b8f3-4e0b77986ac1", "processing_time": 5, "superseded_date": null, "parent_payroll_id": null, "created_by_user_id": null, "backup_consultant_user_id": "7898704c-ee5c-4ade-81f3-80a4388413fb", "primary_consultant_user_id": "22a368d4-5d3f-4026-840c-55af6fb16972", "processing_days_before_eft": 4}	{"id": "5c2ef179-308f-4545-bf7b-40c83b55f0c8", "name": "Monthly Payroll - 29th", "status": "Active", "cycle_id": "d96980a2-3146-4969-87bc-d50fdf4fccd3", "client_id": "ed90f235-e212-4ecd-aedf-402a2a91125f", "created_at": "2025-05-31T12:33:09.761684+00:00", "date_value": 29, "updated_at": "2025-07-03T14:56:06.520604+00:00", "date_type_id": "b29b56fc-b098-4cac-8dab-868d935986f2", "go_live_date": "2024-06-12", "employee_count": 29, "payroll_system": null, "version_number": 1, "version_reason": null, "manager_user_id": "d9ac8a7b-f679-49a1-8c99-837eb977578b", "processing_time": 5, "superseded_date": null, "parent_payroll_id": null, "created_by_user_id": null, "backup_consultant_user_id": null, "primary_consultant_user_id": "9aed2a64-0407-4dff-a621-2b7013e1713a", "processing_days_before_eft": 4}	\N	\N	\N	\N	t	\N	\N	2025-07-03 14:56:06.520604+00
82ad816b-9f1e-43b0-9440-b5f91ef58b60	2025-07-03 14:56:06.520604+00	\N	\N	\N	UPDATE	payrolls	06b63aa8-53d4-458d-bdb2-95227585cc0b	{"id": "06b63aa8-53d4-458d-bdb2-95227585cc0b", "name": "Fortnightly Payroll - Week B - Tuesday", "status": "Active", "cycle_id": "769d0c73-f918-4734-8cc9-45b1284c9ce8", "client_id": "92ff771d-d468-4c91-ae58-d66b3ce1bd22", "created_at": "2025-06-02T04:30:49.438473+00:00", "date_value": 2, "updated_at": "2025-06-02T05:23:25.441+00:00", "date_type_id": "2af96485-ff65-42e8-b300-3ad9308a7e2b", "go_live_date": "2025-06-02", "employee_count": 22, "payroll_system": null, "version_number": 2, "version_reason": "schedule_change", "manager_user_id": "0727c441-3fa7-44c2-b8f3-4e0b77986ac1", "processing_time": 1, "superseded_date": null, "parent_payroll_id": "8077082b-4473-4547-aa9c-f1da8ac4b91a", "created_by_user_id": "d9ac8a7b-f679-49a1-8c99-837eb977578b", "backup_consultant_user_id": "7898704c-ee5c-4ade-81f3-80a4388413fb", "primary_consultant_user_id": "7898704c-ee5c-4ade-81f3-80a4388413fb", "processing_days_before_eft": 4}	{"id": "06b63aa8-53d4-458d-bdb2-95227585cc0b", "name": "Fortnightly Payroll - Week B - Tuesday", "status": "Active", "cycle_id": "769d0c73-f918-4734-8cc9-45b1284c9ce8", "client_id": "92ff771d-d468-4c91-ae58-d66b3ce1bd22", "created_at": "2025-06-02T04:30:49.438473+00:00", "date_value": 2, "updated_at": "2025-07-03T14:56:06.520604+00:00", "date_type_id": "2af96485-ff65-42e8-b300-3ad9308a7e2b", "go_live_date": "2025-06-02", "employee_count": 22, "payroll_system": null, "version_number": 2, "version_reason": "schedule_change", "manager_user_id": "d9ac8a7b-f679-49a1-8c99-837eb977578b", "processing_time": 1, "superseded_date": null, "parent_payroll_id": "8077082b-4473-4547-aa9c-f1da8ac4b91a", "created_by_user_id": "d9ac8a7b-f679-49a1-8c99-837eb977578b", "backup_consultant_user_id": null, "primary_consultant_user_id": "9aed2a64-0407-4dff-a621-2b7013e1713a", "processing_days_before_eft": 4}	\N	\N	\N	\N	t	\N	\N	2025-07-03 14:56:06.520604+00
6fbd45ea-0781-43f0-9259-cf7bc0daa91e	2025-07-05 08:22:45.006761+00	\N	\N	\N	INSERT	role_permissions	1b153d4c-35af-431b-aecd-5c6c8a763e2e	\N	{"id": "1b153d4c-35af-431b-aecd-5c6c8a763e2e", "role_id": "7950e369-5257-4cc4-94ea-53ceecaf91a3", "conditions": null, "created_at": "2025-07-05T08:22:45.006761+00:00", "updated_at": "2025-07-05T08:22:45.006761+00:00", "permission_id": "c83a859e-a04b-4371-94eb-3c5b5e4e07ed"}	\N	\N	\N	\N	t	\N	\N	2025-07-05 08:22:45.006761+00
5585a046-a23d-46a8-ba56-337808bec6b6	2025-07-03 14:56:06.520604+00	\N	\N	\N	UPDATE	payrolls	0fce8712-f65b-4dd5-96a9-d1c86c8b7138	{"id": "0fce8712-f65b-4dd5-96a9-d1c86c8b7138", "name": "Bi-Monthly Payroll - SOM", "status": "Active", "cycle_id": "60490f74-a5b9-430a-ad4a-ade8f7393007", "client_id": "ed90f235-e212-4ecd-aedf-402a2a91125f", "created_at": "2025-05-31T12:32:28.493672+00:00", "date_value": null, "updated_at": "2025-05-31T12:32:28.493672+00:00", "date_type_id": "f9914e22-da9e-4743-8d5d-365ba51ef854", "go_live_date": "2024-03-15", "employee_count": 28, "payroll_system": null, "version_number": 1, "version_reason": null, "manager_user_id": "0727c441-3fa7-44c2-b8f3-4e0b77986ac1", "processing_time": 5, "superseded_date": null, "parent_payroll_id": null, "created_by_user_id": null, "backup_consultant_user_id": "22a368d4-5d3f-4026-840c-55af6fb16972", "primary_consultant_user_id": "7898704c-ee5c-4ade-81f3-80a4388413fb", "processing_days_before_eft": 3}	{"id": "0fce8712-f65b-4dd5-96a9-d1c86c8b7138", "name": "Bi-Monthly Payroll - SOM", "status": "Active", "cycle_id": "60490f74-a5b9-430a-ad4a-ade8f7393007", "client_id": "ed90f235-e212-4ecd-aedf-402a2a91125f", "created_at": "2025-05-31T12:32:28.493672+00:00", "date_value": null, "updated_at": "2025-07-03T14:56:06.520604+00:00", "date_type_id": "f9914e22-da9e-4743-8d5d-365ba51ef854", "go_live_date": "2024-03-15", "employee_count": 28, "payroll_system": null, "version_number": 1, "version_reason": null, "manager_user_id": "d9ac8a7b-f679-49a1-8c99-837eb977578b", "processing_time": 5, "superseded_date": null, "parent_payroll_id": null, "created_by_user_id": null, "backup_consultant_user_id": null, "primary_consultant_user_id": "9aed2a64-0407-4dff-a621-2b7013e1713a", "processing_days_before_eft": 3}	\N	\N	\N	\N	t	\N	\N	2025-07-03 14:56:06.520604+00
d48f031e-8a6a-4203-9071-d34a46e3af53	2025-07-04 06:15:45.484129+00	\N	\N	\N	UPDATE	payrolls	f4024875-34a3-4f82-a49d-e35a44726cda	{"id": "f4024875-34a3-4f82-a49d-e35a44726cda", "name": "Monthly Payroll - 26th", "status": "Active", "cycle_id": "d96980a2-3146-4969-87bc-d50fdf4fccd3", "client_id": "65e17d2e-df6e-448b-abb3-eea9d566a239", "created_at": "2025-05-31T12:33:02.67459+00:00", "date_value": 26, "updated_at": "2025-07-03T14:56:06.279697+00:00", "date_type_id": "b29b56fc-b098-4cac-8dab-868d935986f2", "go_live_date": "2024-06-05", "employee_count": 38, "payroll_system": null, "version_number": 1, "version_reason": null, "manager_user_id": "d9ac8a7b-f679-49a1-8c99-837eb977578b", "processing_time": 13, "superseded_date": null, "parent_payroll_id": null, "created_by_user_id": null, "backup_consultant_user_id": null, "primary_consultant_user_id": "0727c441-3fa7-44c2-b8f3-4e0b77986ac1", "processing_days_before_eft": 1}	{"id": "f4024875-34a3-4f82-a49d-e35a44726cda", "name": "Monthly Payroll - 26th", "status": "Active", "cycle_id": "d96980a2-3146-4969-87bc-d50fdf4fccd3", "client_id": "65e17d2e-df6e-448b-abb3-eea9d566a239", "created_at": "2025-05-31T12:33:02.67459+00:00", "date_value": 26, "updated_at": "2025-07-03T14:56:06.279697+00:00", "date_type_id": "b29b56fc-b098-4cac-8dab-868d935986f2", "go_live_date": "2024-06-05", "employee_count": 38, "payroll_system": null, "version_number": 1, "version_reason": null, "manager_user_id": "d9ac8a7b-f679-49a1-8c99-837eb977578b", "processing_time": 13, "superseded_date": null, "parent_payroll_id": null, "created_by_user_id": null, "backup_consultant_user_id": null, "primary_consultant_user_id": "0727c441-3fa7-44c2-b8f3-4e0b77986ac1", "processing_days_before_eft": 5}	\N	\N	\N	\N	t	\N	\N	2025-07-04 06:15:45.484129+00
9d65b0b4-9fe9-4f15-b3cb-3155420a7255	2025-07-04 23:52:50.876075+00	\N	\N	\N	INSERT	clients	c1000001-e29b-41d4-a716-446655440001	\N	{"id": "c1000001-e29b-41d4-a716-446655440001", "name": "ABC Small Business Pty Ltd", "active": true, "created_at": "2025-07-04T23:52:50.876075+00:00", "updated_at": "2025-07-04T23:52:50.876075+00:00", "contact_email": "john@abcsmall.com.au", "contact_phone": "+61 2 1234 5678", "contact_person": "John Smith"}	\N	\N	\N	\N	t	\N	\N	2025-07-04 23:52:50.876075+00
68189133-d956-4a7f-bce4-b254ecab29e0	2025-07-04 23:52:50.876075+00	\N	\N	\N	INSERT	clients	c1000002-e29b-41d4-a716-446655440002	\N	{"id": "c1000002-e29b-41d4-a716-446655440002", "name": "XYZ Corporation Ltd", "active": true, "created_at": "2025-07-04T23:52:50.876075+00:00", "updated_at": "2025-07-04T23:52:50.876075+00:00", "contact_email": "sarah@xyzcorp.com.au", "contact_phone": "+61 3 8765 4321", "contact_person": "Sarah Johnson"}	\N	\N	\N	\N	t	\N	\N	2025-07-04 23:52:50.876075+00
6e3bf4d2-bff2-431d-a21e-584c45bc6f1c	2025-07-04 23:52:50.876075+00	\N	\N	\N	INSERT	clients	c1000003-e29b-41d4-a716-446655440003	\N	{"id": "c1000003-e29b-41d4-a716-446655440003", "name": "Tech Startup Innovations", "active": true, "created_at": "2025-07-04T23:52:50.876075+00:00", "updated_at": "2025-07-04T23:52:50.876075+00:00", "contact_email": "mike@techstartup.com.au", "contact_phone": "+61 7 5555 1234", "contact_person": "Mike Chen"}	\N	\N	\N	\N	t	\N	\N	2025-07-04 23:52:50.876075+00
67796876-3d2f-44eb-b1b2-efeac9aa0d21	2025-07-04 23:52:50.876075+00	\N	\N	\N	INSERT	clients	c1000004-e29b-41d4-a716-446655440004	\N	{"id": "c1000004-e29b-41d4-a716-446655440004", "name": "Traditional Manufacturing Co", "active": true, "created_at": "2025-07-04T23:52:50.876075+00:00", "updated_at": "2025-07-04T23:52:50.876075+00:00", "contact_email": "lisa@tradmanuf.com.au", "contact_phone": "+61 8 9999 8888", "contact_person": "Lisa Brown"}	\N	\N	\N	\N	t	\N	\N	2025-07-04 23:52:50.876075+00
15057e05-e7a1-4594-9a88-4be056c10e88	2025-07-05 08:22:45.006761+00	\N	\N	\N	INSERT	role_permissions	91ba55f2-6a36-409c-9fe3-99a2275516ff	\N	{"id": "91ba55f2-6a36-409c-9fe3-99a2275516ff", "role_id": "7950e369-5257-4cc4-94ea-53ceecaf91a3", "conditions": null, "created_at": "2025-07-05T08:22:45.006761+00:00", "updated_at": "2025-07-05T08:22:45.006761+00:00", "permission_id": "7143ea47-6ace-49b3-83f2-4a269bd29cbe"}	\N	\N	\N	\N	t	\N	\N	2025-07-05 08:22:45.006761+00
56a7ec40-ac37-41d4-b114-c32e9b2c33a7	2025-07-05 08:22:45.006761+00	\N	\N	\N	INSERT	role_permissions	e9788e91-866d-46cd-a3f8-a1f8ea13ddf5	\N	{"id": "e9788e91-866d-46cd-a3f8-a1f8ea13ddf5", "role_id": "7950e369-5257-4cc4-94ea-53ceecaf91a3", "conditions": null, "created_at": "2025-07-05T08:22:45.006761+00:00", "updated_at": "2025-07-05T08:22:45.006761+00:00", "permission_id": "87ef3448-512c-4b51-b9a7-48afe636227d"}	\N	\N	\N	\N	t	\N	\N	2025-07-05 08:22:45.006761+00
7c37357a-0a2b-4689-835d-c7e37ac1c30d	2025-07-05 08:22:45.006761+00	\N	\N	\N	INSERT	role_permissions	c7e0e09c-2400-4567-814a-10921619b4ab	\N	{"id": "c7e0e09c-2400-4567-814a-10921619b4ab", "role_id": "7950e369-5257-4cc4-94ea-53ceecaf91a3", "conditions": null, "created_at": "2025-07-05T08:22:45.006761+00:00", "updated_at": "2025-07-05T08:22:45.006761+00:00", "permission_id": "02f11ffa-86ca-4524-9a8a-4b341bf4f591"}	\N	\N	\N	\N	t	\N	\N	2025-07-05 08:22:45.006761+00
0ddb09c4-1fa5-4e76-a72d-d197d1c1a588	2025-07-05 08:22:45.006761+00	\N	\N	\N	INSERT	role_permissions	f1a87dcb-2f59-4a91-9f53-867ce313dd87	\N	{"id": "f1a87dcb-2f59-4a91-9f53-867ce313dd87", "role_id": "7950e369-5257-4cc4-94ea-53ceecaf91a3", "conditions": null, "created_at": "2025-07-05T08:22:45.006761+00:00", "updated_at": "2025-07-05T08:22:45.006761+00:00", "permission_id": "27b7d0d5-880b-4543-a2cd-ac55ff7b3598"}	\N	\N	\N	\N	t	\N	\N	2025-07-05 08:22:45.006761+00
5cd7fc40-78e5-40d6-aeaa-de42bf4e90a3	2025-07-05 08:22:45.006761+00	\N	\N	\N	INSERT	role_permissions	c4bef0d9-3f7f-4331-9745-5ba8246a1a57	\N	{"id": "c4bef0d9-3f7f-4331-9745-5ba8246a1a57", "role_id": "7950e369-5257-4cc4-94ea-53ceecaf91a3", "conditions": null, "created_at": "2025-07-05T08:22:45.006761+00:00", "updated_at": "2025-07-05T08:22:45.006761+00:00", "permission_id": "0021976e-ae2a-4f59-a8c7-3dcc2911cbb5"}	\N	\N	\N	\N	t	\N	\N	2025-07-05 08:22:45.006761+00
47abc7c3-2fec-431e-b2ea-e42b73dff83b	2025-07-05 08:22:45.006761+00	\N	\N	\N	INSERT	role_permissions	b6be3600-0101-45b5-9ebf-e76482516c42	\N	{"id": "b6be3600-0101-45b5-9ebf-e76482516c42", "role_id": "7950e369-5257-4cc4-94ea-53ceecaf91a3", "conditions": null, "created_at": "2025-07-05T08:22:45.006761+00:00", "updated_at": "2025-07-05T08:22:45.006761+00:00", "permission_id": "81402cc7-49c1-4c57-92e6-345e572e8572"}	\N	\N	\N	\N	t	\N	\N	2025-07-05 08:22:45.006761+00
d818880e-d358-4def-8bf8-1d6c20892131	2025-07-05 08:22:45.006761+00	\N	\N	\N	INSERT	role_permissions	5a800477-9593-4dc1-9f00-4b92d82afb7d	\N	{"id": "5a800477-9593-4dc1-9f00-4b92d82afb7d", "role_id": "7950e369-5257-4cc4-94ea-53ceecaf91a3", "conditions": null, "created_at": "2025-07-05T08:22:45.006761+00:00", "updated_at": "2025-07-05T08:22:45.006761+00:00", "permission_id": "54a19aa5-e687-4058-9104-8cd700504c06"}	\N	\N	\N	\N	t	\N	\N	2025-07-05 08:22:45.006761+00
1556198f-032f-4e13-a294-a59cdd657bcf	2025-07-05 08:22:45.006761+00	\N	\N	\N	INSERT	role_permissions	cdbecf2e-6eba-4f53-8a49-1d4fdb401dfe	\N	{"id": "cdbecf2e-6eba-4f53-8a49-1d4fdb401dfe", "role_id": "7950e369-5257-4cc4-94ea-53ceecaf91a3", "conditions": null, "created_at": "2025-07-05T08:22:45.006761+00:00", "updated_at": "2025-07-05T08:22:45.006761+00:00", "permission_id": "b191c233-8e30-4b36-8998-2c2b66632479"}	\N	\N	\N	\N	t	\N	\N	2025-07-05 08:22:45.006761+00
c82ab604-2960-452c-ab8e-a2d1e5e97aaf	2025-07-05 08:22:45.006761+00	\N	\N	\N	INSERT	role_permissions	1759a139-3d4c-44a8-b1df-21055b088a4c	\N	{"id": "1759a139-3d4c-44a8-b1df-21055b088a4c", "role_id": "7950e369-5257-4cc4-94ea-53ceecaf91a3", "conditions": null, "created_at": "2025-07-05T08:22:45.006761+00:00", "updated_at": "2025-07-05T08:22:45.006761+00:00", "permission_id": "49efcc73-a347-415e-8cb5-7ba860612dc8"}	\N	\N	\N	\N	t	\N	\N	2025-07-05 08:22:45.006761+00
01ca9805-0678-4aa3-83a5-0d1d417e25ae	2025-07-05 08:22:45.006761+00	\N	\N	\N	INSERT	role_permissions	5924d6ff-c696-4001-8a60-5ddd83804477	\N	{"id": "5924d6ff-c696-4001-8a60-5ddd83804477", "role_id": "7950e369-5257-4cc4-94ea-53ceecaf91a3", "conditions": null, "created_at": "2025-07-05T08:22:45.006761+00:00", "updated_at": "2025-07-05T08:22:45.006761+00:00", "permission_id": "3a0dcac2-3f97-441b-9ba5-bb3b5a31d15b"}	\N	\N	\N	\N	t	\N	\N	2025-07-05 08:22:45.006761+00
a55f870c-2f0f-43da-b93c-7dc1a6ede709	2025-07-05 08:22:45.006761+00	\N	\N	\N	INSERT	role_permissions	75af5981-28b5-40d9-b95b-e1067c5e76f1	\N	{"id": "75af5981-28b5-40d9-b95b-e1067c5e76f1", "role_id": "7950e369-5257-4cc4-94ea-53ceecaf91a3", "conditions": null, "created_at": "2025-07-05T08:22:45.006761+00:00", "updated_at": "2025-07-05T08:22:45.006761+00:00", "permission_id": "18c06d85-966e-4c2e-83c7-964803ae0383"}	\N	\N	\N	\N	t	\N	\N	2025-07-05 08:22:45.006761+00
cc84a157-2378-4f3f-8e66-2d0828629eb0	2025-07-05 08:22:45.006761+00	\N	\N	\N	INSERT	role_permissions	084adb27-d6a1-4b08-b5e5-9f9dc0151baf	\N	{"id": "084adb27-d6a1-4b08-b5e5-9f9dc0151baf", "role_id": "7950e369-5257-4cc4-94ea-53ceecaf91a3", "conditions": null, "created_at": "2025-07-05T08:22:45.006761+00:00", "updated_at": "2025-07-05T08:22:45.006761+00:00", "permission_id": "f3f94ca3-051d-4417-be8e-20d6a0182d17"}	\N	\N	\N	\N	t	\N	\N	2025-07-05 08:22:45.006761+00
292faad5-166d-46a5-85f5-d665d90186b7	2025-07-05 08:22:45.006761+00	\N	\N	\N	INSERT	role_permissions	10acdcb3-b2fa-497c-ba5e-bc676c61b230	\N	{"id": "10acdcb3-b2fa-497c-ba5e-bc676c61b230", "role_id": "7950e369-5257-4cc4-94ea-53ceecaf91a3", "conditions": null, "created_at": "2025-07-05T08:22:45.006761+00:00", "updated_at": "2025-07-05T08:22:45.006761+00:00", "permission_id": "692675f6-7d84-480e-b53b-4278fc6890e7"}	\N	\N	\N	\N	t	\N	\N	2025-07-05 08:22:45.006761+00
4d1f8190-9d09-435e-926f-862bd9a61e13	2025-07-05 08:22:45.006761+00	\N	\N	\N	INSERT	role_permissions	b27216d1-feb1-4cce-a937-390bc62e401b	\N	{"id": "b27216d1-feb1-4cce-a937-390bc62e401b", "role_id": "7950e369-5257-4cc4-94ea-53ceecaf91a3", "conditions": null, "created_at": "2025-07-05T08:22:45.006761+00:00", "updated_at": "2025-07-05T08:22:45.006761+00:00", "permission_id": "c93dc61d-a16a-4d4d-bf8b-392b6cc61b81"}	\N	\N	\N	\N	t	\N	\N	2025-07-05 08:22:45.006761+00
f887dfe6-4f20-47f2-8045-c74cb6d7f66b	2025-07-05 08:22:45.006761+00	\N	\N	\N	INSERT	role_permissions	63c17c68-1e3d-4642-a6d8-17a276aa4148	\N	{"id": "63c17c68-1e3d-4642-a6d8-17a276aa4148", "role_id": "7950e369-5257-4cc4-94ea-53ceecaf91a3", "conditions": null, "created_at": "2025-07-05T08:22:45.006761+00:00", "updated_at": "2025-07-05T08:22:45.006761+00:00", "permission_id": "fc1df09c-522b-48cd-80ea-0d9aa8fd672e"}	\N	\N	\N	\N	t	\N	\N	2025-07-05 08:22:45.006761+00
d35d435e-7635-4269-aeb5-62efbaba4b22	2025-07-05 08:22:45.006761+00	\N	\N	\N	INSERT	role_permissions	9255a1b2-b02a-4734-bda0-4b4d85667c14	\N	{"id": "9255a1b2-b02a-4734-bda0-4b4d85667c14", "role_id": "7950e369-5257-4cc4-94ea-53ceecaf91a3", "conditions": null, "created_at": "2025-07-05T08:22:45.006761+00:00", "updated_at": "2025-07-05T08:22:45.006761+00:00", "permission_id": "56b84f1c-cc33-453b-ba38-df5bbce2a474"}	\N	\N	\N	\N	t	\N	\N	2025-07-05 08:22:45.006761+00
6c5ba345-c4da-47b9-8346-0e99b946f214	2025-07-05 08:22:45.006761+00	\N	\N	\N	INSERT	role_permissions	739d1e6e-4115-4894-80a5-157fc02e6da7	\N	{"id": "739d1e6e-4115-4894-80a5-157fc02e6da7", "role_id": "7950e369-5257-4cc4-94ea-53ceecaf91a3", "conditions": null, "created_at": "2025-07-05T08:22:45.006761+00:00", "updated_at": "2025-07-05T08:22:45.006761+00:00", "permission_id": "855a4448-1a4a-4414-a3ab-f7d1c58c41f7"}	\N	\N	\N	\N	t	\N	\N	2025-07-05 08:22:45.006761+00
82f48d86-e62d-4fb3-9c88-b798d65f517c	2025-07-05 08:22:45.006761+00	\N	\N	\N	INSERT	role_permissions	abf3cfbe-92ef-4bfc-b4c8-bb0ff0c1909a	\N	{"id": "abf3cfbe-92ef-4bfc-b4c8-bb0ff0c1909a", "role_id": "7950e369-5257-4cc4-94ea-53ceecaf91a3", "conditions": null, "created_at": "2025-07-05T08:22:45.006761+00:00", "updated_at": "2025-07-05T08:22:45.006761+00:00", "permission_id": "77b291c9-caf7-4a27-b7c4-3f8e45950e61"}	\N	\N	\N	\N	t	\N	\N	2025-07-05 08:22:45.006761+00
24df30d5-13bf-43c9-9e1b-b558b7e4a5ca	2025-07-05 08:22:45.006761+00	\N	\N	\N	INSERT	role_permissions	ce8f1420-d7e9-4be5-8e76-79ed67dd4f20	\N	{"id": "ce8f1420-d7e9-4be5-8e76-79ed67dd4f20", "role_id": "7950e369-5257-4cc4-94ea-53ceecaf91a3", "conditions": null, "created_at": "2025-07-05T08:22:45.006761+00:00", "updated_at": "2025-07-05T08:22:45.006761+00:00", "permission_id": "a1a137bb-0cda-4026-a76e-96f3b8ffb03f"}	\N	\N	\N	\N	t	\N	\N	2025-07-05 08:22:45.006761+00
ab4ee382-dbc5-4591-a879-6c7175506719	2025-07-05 08:22:45.006761+00	\N	\N	\N	INSERT	role_permissions	acc75b70-005c-4ad2-892b-0c44bcd74de6	\N	{"id": "acc75b70-005c-4ad2-892b-0c44bcd74de6", "role_id": "7950e369-5257-4cc4-94ea-53ceecaf91a3", "conditions": null, "created_at": "2025-07-05T08:22:45.006761+00:00", "updated_at": "2025-07-05T08:22:45.006761+00:00", "permission_id": "f02c7f6e-87f6-401e-95a7-4b2f65dd5f2f"}	\N	\N	\N	\N	t	\N	\N	2025-07-05 08:22:45.006761+00
7ec54203-a0b1-4fae-9b14-dde7f90068e7	2025-07-05 08:22:45.006761+00	\N	\N	\N	INSERT	role_permissions	68c055ed-8890-42f1-ac1a-139bfd80610c	\N	{"id": "68c055ed-8890-42f1-ac1a-139bfd80610c", "role_id": "7950e369-5257-4cc4-94ea-53ceecaf91a3", "conditions": null, "created_at": "2025-07-05T08:22:45.006761+00:00", "updated_at": "2025-07-05T08:22:45.006761+00:00", "permission_id": "25f02415-d638-4b0c-b4f2-bfe3333be02e"}	\N	\N	\N	\N	t	\N	\N	2025-07-05 08:22:45.006761+00
25a2dd43-f6ab-47bb-a203-2a84129528fc	2025-07-05 08:22:45.006761+00	\N	\N	\N	INSERT	role_permissions	345ddb38-0fcd-416d-b7a5-9ce89600774e	\N	{"id": "345ddb38-0fcd-416d-b7a5-9ce89600774e", "role_id": "7950e369-5257-4cc4-94ea-53ceecaf91a3", "conditions": null, "created_at": "2025-07-05T08:22:45.006761+00:00", "updated_at": "2025-07-05T08:22:45.006761+00:00", "permission_id": "876c6f6e-8636-4b9f-993b-eef296282196"}	\N	\N	\N	\N	t	\N	\N	2025-07-05 08:22:45.006761+00
79273c0d-5086-4ceb-a0b2-5953c6c2f85c	2025-07-05 08:22:45.006761+00	\N	\N	\N	INSERT	role_permissions	2ebb908b-6b70-4469-9a1c-6958506df126	\N	{"id": "2ebb908b-6b70-4469-9a1c-6958506df126", "role_id": "7950e369-5257-4cc4-94ea-53ceecaf91a3", "conditions": null, "created_at": "2025-07-05T08:22:45.006761+00:00", "updated_at": "2025-07-05T08:22:45.006761+00:00", "permission_id": "887f8b0c-49cd-4334-984c-454777f9a8bf"}	\N	\N	\N	\N	t	\N	\N	2025-07-05 08:22:45.006761+00
80275411-8183-444c-bad3-d091179736f5	2025-07-05 08:22:45.006761+00	\N	\N	\N	INSERT	role_permissions	2534f83a-ed93-4281-954c-e0bf21ff76d3	\N	{"id": "2534f83a-ed93-4281-954c-e0bf21ff76d3", "role_id": "7950e369-5257-4cc4-94ea-53ceecaf91a3", "conditions": null, "created_at": "2025-07-05T08:22:45.006761+00:00", "updated_at": "2025-07-05T08:22:45.006761+00:00", "permission_id": "fbe571cc-b995-4211-935a-d3b5aae9d407"}	\N	\N	\N	\N	t	\N	\N	2025-07-05 08:22:45.006761+00
9b181308-1932-41aa-97ce-1f86008a4e55	2025-07-05 08:22:45.006761+00	\N	\N	\N	INSERT	role_permissions	67be3326-ccf2-4ceb-9ba8-4d62cb66c6ca	\N	{"id": "67be3326-ccf2-4ceb-9ba8-4d62cb66c6ca", "role_id": "7950e369-5257-4cc4-94ea-53ceecaf91a3", "conditions": null, "created_at": "2025-07-05T08:22:45.006761+00:00", "updated_at": "2025-07-05T08:22:45.006761+00:00", "permission_id": "8275a6ba-f30b-4d40-9998-433520d431a9"}	\N	\N	\N	\N	t	\N	\N	2025-07-05 08:22:45.006761+00
8abb0238-b092-42d6-be2e-966deeb5a84b	2025-07-05 08:22:45.006761+00	\N	\N	\N	INSERT	role_permissions	8b857e6d-a6bc-4eee-a29d-1394f588422e	\N	{"id": "8b857e6d-a6bc-4eee-a29d-1394f588422e", "role_id": "7950e369-5257-4cc4-94ea-53ceecaf91a3", "conditions": null, "created_at": "2025-07-05T08:22:45.006761+00:00", "updated_at": "2025-07-05T08:22:45.006761+00:00", "permission_id": "7ec4298b-dd95-4257-8394-030fe0f0ed10"}	\N	\N	\N	\N	t	\N	\N	2025-07-05 08:22:45.006761+00
a9d9c84c-78b1-417f-9808-a63482c45850	2025-07-05 08:22:45.006761+00	\N	\N	\N	INSERT	role_permissions	b1cf1afc-87f7-428f-b7d6-a12e0f5c3e67	\N	{"id": "b1cf1afc-87f7-428f-b7d6-a12e0f5c3e67", "role_id": "7950e369-5257-4cc4-94ea-53ceecaf91a3", "conditions": null, "created_at": "2025-07-05T08:22:45.006761+00:00", "updated_at": "2025-07-05T08:22:45.006761+00:00", "permission_id": "cc025fbb-a4cc-4ea7-aa3b-93df0e6e4e3c"}	\N	\N	\N	\N	t	\N	\N	2025-07-05 08:22:45.006761+00
16bb4478-d499-4b37-8bda-fa7e96bc55ee	2025-07-05 08:22:45.006761+00	\N	\N	\N	INSERT	role_permissions	2558318a-84b7-40e2-a77d-83eea7dd1486	\N	{"id": "2558318a-84b7-40e2-a77d-83eea7dd1486", "role_id": "7950e369-5257-4cc4-94ea-53ceecaf91a3", "conditions": null, "created_at": "2025-07-05T08:22:45.006761+00:00", "updated_at": "2025-07-05T08:22:45.006761+00:00", "permission_id": "5b2182dc-58bb-4a5f-9f3a-6c062a1bbf6e"}	\N	\N	\N	\N	t	\N	\N	2025-07-05 08:22:45.006761+00
cd1bacd2-18b0-4503-9eef-106ebde0fae1	2025-07-05 08:22:45.006761+00	\N	\N	\N	INSERT	role_permissions	e5f5b5ca-5e97-453a-b7dd-3cd0daac5b51	\N	{"id": "e5f5b5ca-5e97-453a-b7dd-3cd0daac5b51", "role_id": "7950e369-5257-4cc4-94ea-53ceecaf91a3", "conditions": null, "created_at": "2025-07-05T08:22:45.006761+00:00", "updated_at": "2025-07-05T08:22:45.006761+00:00", "permission_id": "cc4e11ff-cb8d-435c-868d-349614942cac"}	\N	\N	\N	\N	t	\N	\N	2025-07-05 08:22:45.006761+00
b93876c0-8984-4dc2-8adf-ebc76c3f7f2b	2025-07-05 08:22:45.006761+00	\N	\N	\N	INSERT	role_permissions	fc8885bb-f444-47ec-8709-0c166024026f	\N	{"id": "fc8885bb-f444-47ec-8709-0c166024026f", "role_id": "7950e369-5257-4cc4-94ea-53ceecaf91a3", "conditions": null, "created_at": "2025-07-05T08:22:45.006761+00:00", "updated_at": "2025-07-05T08:22:45.006761+00:00", "permission_id": "82d2fc03-6cb4-4282-8cf2-80982e15a719"}	\N	\N	\N	\N	t	\N	\N	2025-07-05 08:22:45.006761+00
5684df9b-4cf9-491c-8ebf-57fadf2d2a4c	2025-07-05 08:22:45.006761+00	\N	\N	\N	INSERT	role_permissions	58cb2eaa-5980-4840-96c7-32e3be52a13a	\N	{"id": "58cb2eaa-5980-4840-96c7-32e3be52a13a", "role_id": "7950e369-5257-4cc4-94ea-53ceecaf91a3", "conditions": null, "created_at": "2025-07-05T08:22:45.006761+00:00", "updated_at": "2025-07-05T08:22:45.006761+00:00", "permission_id": "ca761e2a-e843-478a-a32b-f4275694dcec"}	\N	\N	\N	\N	t	\N	\N	2025-07-05 08:22:45.006761+00
cabb5adc-7fc4-4ed2-9004-bcab8c785f00	2025-07-05 08:22:45.006761+00	\N	\N	\N	INSERT	role_permissions	eec01207-6fab-45fd-9ff2-8c166c2fbecd	\N	{"id": "eec01207-6fab-45fd-9ff2-8c166c2fbecd", "role_id": "7950e369-5257-4cc4-94ea-53ceecaf91a3", "conditions": null, "created_at": "2025-07-05T08:22:45.006761+00:00", "updated_at": "2025-07-05T08:22:45.006761+00:00", "permission_id": "6baf6d05-223e-4f2f-bd02-31dede69c390"}	\N	\N	\N	\N	t	\N	\N	2025-07-05 08:22:45.006761+00
82b3777b-900a-41ff-9787-59a86a417e76	2025-07-05 08:22:45.006761+00	\N	\N	\N	INSERT	role_permissions	2ac790b7-2fb6-4ce2-91fe-0d4ad6a58d93	\N	{"id": "2ac790b7-2fb6-4ce2-91fe-0d4ad6a58d93", "role_id": "7950e369-5257-4cc4-94ea-53ceecaf91a3", "conditions": null, "created_at": "2025-07-05T08:22:45.006761+00:00", "updated_at": "2025-07-05T08:22:45.006761+00:00", "permission_id": "ccd2ef4e-b4a8-40ac-9810-06528f7dc4aa"}	\N	\N	\N	\N	t	\N	\N	2025-07-05 08:22:45.006761+00
7621a281-36ca-4099-b284-2dee1f207d0b	2025-07-05 08:22:45.006761+00	\N	\N	\N	INSERT	role_permissions	712211e3-3614-4bc7-8a01-d2d17dfb3407	\N	{"id": "712211e3-3614-4bc7-8a01-d2d17dfb3407", "role_id": "7950e369-5257-4cc4-94ea-53ceecaf91a3", "conditions": null, "created_at": "2025-07-05T08:22:45.006761+00:00", "updated_at": "2025-07-05T08:22:45.006761+00:00", "permission_id": "0783a6e9-536d-4ccb-b91e-a6cdd62454c5"}	\N	\N	\N	\N	t	\N	\N	2025-07-05 08:22:45.006761+00
3f47091d-3e02-43ce-b177-391ddcff4be0	2025-07-05 08:22:45.006761+00	\N	\N	\N	INSERT	role_permissions	ccecda61-3b73-4473-9b85-60c04b0bdadc	\N	{"id": "ccecda61-3b73-4473-9b85-60c04b0bdadc", "role_id": "7950e369-5257-4cc4-94ea-53ceecaf91a3", "conditions": null, "created_at": "2025-07-05T08:22:45.006761+00:00", "updated_at": "2025-07-05T08:22:45.006761+00:00", "permission_id": "f467038b-0da7-4fb1-ad60-e5b33f8ff122"}	\N	\N	\N	\N	t	\N	\N	2025-07-05 08:22:45.006761+00
f9ff05dc-27ec-41e1-8a8d-0b2ee5abb5c8	2025-07-05 08:22:45.006761+00	\N	\N	\N	INSERT	role_permissions	eb211a29-0f38-44ae-bd2b-f9ca3099e54e	\N	{"id": "eb211a29-0f38-44ae-bd2b-f9ca3099e54e", "role_id": "7950e369-5257-4cc4-94ea-53ceecaf91a3", "conditions": null, "created_at": "2025-07-05T08:22:45.006761+00:00", "updated_at": "2025-07-05T08:22:45.006761+00:00", "permission_id": "803316d0-40ff-4e7e-8a5a-2eb18d5ca7a5"}	\N	\N	\N	\N	t	\N	\N	2025-07-05 08:22:45.006761+00
697d440d-38e1-497b-9813-b0e6ee10c84b	2025-07-05 08:22:45.006761+00	\N	\N	\N	INSERT	role_permissions	423905e2-db53-4798-be9f-42df97ad7b5a	\N	{"id": "423905e2-db53-4798-be9f-42df97ad7b5a", "role_id": "7950e369-5257-4cc4-94ea-53ceecaf91a3", "conditions": null, "created_at": "2025-07-05T08:22:45.006761+00:00", "updated_at": "2025-07-05T08:22:45.006761+00:00", "permission_id": "86fe1e4c-0876-4168-b336-98efd718480c"}	\N	\N	\N	\N	t	\N	\N	2025-07-05 08:22:45.006761+00
b16a4d42-e259-4f00-aabc-387d420382d0	2025-07-05 08:22:45.006761+00	\N	\N	\N	INSERT	role_permissions	beedf43b-9d23-4e44-8e21-23476e20fc7f	\N	{"id": "beedf43b-9d23-4e44-8e21-23476e20fc7f", "role_id": "7950e369-5257-4cc4-94ea-53ceecaf91a3", "conditions": null, "created_at": "2025-07-05T08:22:45.006761+00:00", "updated_at": "2025-07-05T08:22:45.006761+00:00", "permission_id": "3f202022-c99c-4675-b66a-104200c5f3d2"}	\N	\N	\N	\N	t	\N	\N	2025-07-05 08:22:45.006761+00
0d791afd-241b-4335-88b6-4aeaa42eba03	2025-07-05 08:22:45.006761+00	\N	\N	\N	INSERT	role_permissions	42f66373-5a87-4f4c-b8e3-51befadb4026	\N	{"id": "42f66373-5a87-4f4c-b8e3-51befadb4026", "role_id": "7950e369-5257-4cc4-94ea-53ceecaf91a3", "conditions": null, "created_at": "2025-07-05T08:22:45.006761+00:00", "updated_at": "2025-07-05T08:22:45.006761+00:00", "permission_id": "db0c2f6d-b12e-4d2d-938b-cf7131d9f9ef"}	\N	\N	\N	\N	t	\N	\N	2025-07-05 08:22:45.006761+00
efb083f9-5180-49bc-8c8e-e485ceb2c8e3	2025-07-05 08:22:45.006761+00	\N	\N	\N	INSERT	role_permissions	c80abfad-83c2-4192-acd1-b30d1a101adc	\N	{"id": "c80abfad-83c2-4192-acd1-b30d1a101adc", "role_id": "7950e369-5257-4cc4-94ea-53ceecaf91a3", "conditions": null, "created_at": "2025-07-05T08:22:45.006761+00:00", "updated_at": "2025-07-05T08:22:45.006761+00:00", "permission_id": "ed44bdc8-6724-4517-a002-213d250c586a"}	\N	\N	\N	\N	t	\N	\N	2025-07-05 08:22:45.006761+00
f00b2021-5761-478c-b3fd-cefc5379864a	2025-07-05 08:22:45.006761+00	\N	\N	\N	INSERT	role_permissions	73aad02a-4ae8-449e-8947-2bca4a3d1b79	\N	{"id": "73aad02a-4ae8-449e-8947-2bca4a3d1b79", "role_id": "7950e369-5257-4cc4-94ea-53ceecaf91a3", "conditions": null, "created_at": "2025-07-05T08:22:45.006761+00:00", "updated_at": "2025-07-05T08:22:45.006761+00:00", "permission_id": "6e0e70d1-9ba9-49a2-86a4-29be8a92b1e3"}	\N	\N	\N	\N	t	\N	\N	2025-07-05 08:22:45.006761+00
c42f3fea-8f9f-4563-b15a-9d5cf241aefb	2025-07-05 08:22:45.006761+00	\N	\N	\N	INSERT	role_permissions	5d28728a-68b0-44e0-9956-3f2fca7bc780	\N	{"id": "5d28728a-68b0-44e0-9956-3f2fca7bc780", "role_id": "7950e369-5257-4cc4-94ea-53ceecaf91a3", "conditions": null, "created_at": "2025-07-05T08:22:45.006761+00:00", "updated_at": "2025-07-05T08:22:45.006761+00:00", "permission_id": "c5f62b4b-b85a-4e4f-a544-87853fa8baf9"}	\N	\N	\N	\N	t	\N	\N	2025-07-05 08:22:45.006761+00
9e10a829-6e5f-4e2e-8153-7c0d86db1513	2025-07-05 08:22:45.006761+00	\N	\N	\N	INSERT	role_permissions	19dc1a59-1305-45d9-b149-63cb9f7abf88	\N	{"id": "19dc1a59-1305-45d9-b149-63cb9f7abf88", "role_id": "7950e369-5257-4cc4-94ea-53ceecaf91a3", "conditions": null, "created_at": "2025-07-05T08:22:45.006761+00:00", "updated_at": "2025-07-05T08:22:45.006761+00:00", "permission_id": "41cb9e7b-ea0c-4607-aadb-09c3315e1b77"}	\N	\N	\N	\N	t	\N	\N	2025-07-05 08:22:45.006761+00
54ca83aa-d702-43f4-a7af-95a29379438e	2025-07-05 08:22:45.006761+00	\N	\N	\N	INSERT	role_permissions	88f9b90d-81fd-42c4-9593-3222fe8c79ed	\N	{"id": "88f9b90d-81fd-42c4-9593-3222fe8c79ed", "role_id": "7950e369-5257-4cc4-94ea-53ceecaf91a3", "conditions": null, "created_at": "2025-07-05T08:22:45.006761+00:00", "updated_at": "2025-07-05T08:22:45.006761+00:00", "permission_id": "dc470401-f19d-41d7-99df-df7151f15c20"}	\N	\N	\N	\N	t	\N	\N	2025-07-05 08:22:45.006761+00
1e7e2d74-09b1-441d-b55f-e2c4f1629a45	2025-07-05 08:22:45.006761+00	\N	\N	\N	INSERT	role_permissions	c23a8639-6598-4dde-86b0-a826d8829f9f	\N	{"id": "c23a8639-6598-4dde-86b0-a826d8829f9f", "role_id": "7950e369-5257-4cc4-94ea-53ceecaf91a3", "conditions": null, "created_at": "2025-07-05T08:22:45.006761+00:00", "updated_at": "2025-07-05T08:22:45.006761+00:00", "permission_id": "a200aa97-212a-4253-a7c0-fc96d6b804ef"}	\N	\N	\N	\N	t	\N	\N	2025-07-05 08:22:45.006761+00
51fafcf5-8968-4c91-8c52-d604896f6b10	2025-07-05 08:22:45.006761+00	\N	\N	\N	INSERT	role_permissions	dbf613f8-ada5-4d60-88ee-0d0bb125060f	\N	{"id": "dbf613f8-ada5-4d60-88ee-0d0bb125060f", "role_id": "7950e369-5257-4cc4-94ea-53ceecaf91a3", "conditions": null, "created_at": "2025-07-05T08:22:45.006761+00:00", "updated_at": "2025-07-05T08:22:45.006761+00:00", "permission_id": "25d5c4ad-c4e1-48de-8917-03ee38620ca8"}	\N	\N	\N	\N	t	\N	\N	2025-07-05 08:22:45.006761+00
90710678-d2c7-467e-8f6f-7edfb99db6e1	2025-07-05 08:22:45.006761+00	\N	\N	\N	INSERT	role_permissions	8853d919-98aa-4de8-9577-fef1d5ebae28	\N	{"id": "8853d919-98aa-4de8-9577-fef1d5ebae28", "role_id": "7950e369-5257-4cc4-94ea-53ceecaf91a3", "conditions": null, "created_at": "2025-07-05T08:22:45.006761+00:00", "updated_at": "2025-07-05T08:22:45.006761+00:00", "permission_id": "c1562bcd-2596-4d3d-8e1e-a4eab2b3c2a8"}	\N	\N	\N	\N	t	\N	\N	2025-07-05 08:22:45.006761+00
a2c971be-bda0-4880-b7f6-84d65c5229f0	2025-07-05 08:22:45.006761+00	\N	\N	\N	INSERT	role_permissions	dc38d2d7-2462-4dac-82d6-fa5b1c20188c	\N	{"id": "dc38d2d7-2462-4dac-82d6-fa5b1c20188c", "role_id": "7950e369-5257-4cc4-94ea-53ceecaf91a3", "conditions": null, "created_at": "2025-07-05T08:22:45.006761+00:00", "updated_at": "2025-07-05T08:22:45.006761+00:00", "permission_id": "f20efbe3-1af3-49b4-8cc1-0e840f753471"}	\N	\N	\N	\N	t	\N	\N	2025-07-05 08:22:45.006761+00
ed919f03-afca-49df-9d8e-896207cd79bd	2025-07-05 08:22:45.006761+00	\N	\N	\N	INSERT	role_permissions	70373cfa-3a6f-453b-90d7-79f145490e9c	\N	{"id": "70373cfa-3a6f-453b-90d7-79f145490e9c", "role_id": "7950e369-5257-4cc4-94ea-53ceecaf91a3", "conditions": null, "created_at": "2025-07-05T08:22:45.006761+00:00", "updated_at": "2025-07-05T08:22:45.006761+00:00", "permission_id": "f9d1b185-4f31-42e1-8d6e-95ab9db68708"}	\N	\N	\N	\N	t	\N	\N	2025-07-05 08:22:45.006761+00
c86be347-b874-42cc-b78e-9e1295f722ab	2025-07-05 08:22:45.006761+00	\N	\N	\N	INSERT	role_permissions	84bcbb0d-561d-4448-ba9e-e645d9027162	\N	{"id": "84bcbb0d-561d-4448-ba9e-e645d9027162", "role_id": "7950e369-5257-4cc4-94ea-53ceecaf91a3", "conditions": null, "created_at": "2025-07-05T08:22:45.006761+00:00", "updated_at": "2025-07-05T08:22:45.006761+00:00", "permission_id": "6f81c1c2-c026-4817-a1ed-38fe45882569"}	\N	\N	\N	\N	t	\N	\N	2025-07-05 08:22:45.006761+00
4c07fe7b-1c3e-4b06-aa0c-8a681d8f10fc	2025-07-05 08:22:45.006761+00	\N	\N	\N	INSERT	role_permissions	33359ce9-a4c5-403b-8ec1-c209e8398be1	\N	{"id": "33359ce9-a4c5-403b-8ec1-c209e8398be1", "role_id": "7950e369-5257-4cc4-94ea-53ceecaf91a3", "conditions": null, "created_at": "2025-07-05T08:22:45.006761+00:00", "updated_at": "2025-07-05T08:22:45.006761+00:00", "permission_id": "eeedfd8d-d5ac-4886-bdc9-6c6965d31505"}	\N	\N	\N	\N	t	\N	\N	2025-07-05 08:22:45.006761+00
4b8d8129-bfd2-4035-8d93-f75b712cd5f7	2025-07-05 08:22:45.006761+00	\N	\N	\N	INSERT	role_permissions	418500d9-6c19-4956-a545-38d9af448a26	\N	{"id": "418500d9-6c19-4956-a545-38d9af448a26", "role_id": "7950e369-5257-4cc4-94ea-53ceecaf91a3", "conditions": null, "created_at": "2025-07-05T08:22:45.006761+00:00", "updated_at": "2025-07-05T08:22:45.006761+00:00", "permission_id": "0f1815f0-50c2-436f-bc61-22c6b6d21062"}	\N	\N	\N	\N	t	\N	\N	2025-07-05 08:22:45.006761+00
9b294ad8-8f64-406a-8a5e-a8d3c8846b72	2025-07-05 08:22:45.006761+00	\N	\N	\N	INSERT	role_permissions	a42cf5ba-5194-4748-b522-b3a26ff73eb3	\N	{"id": "a42cf5ba-5194-4748-b522-b3a26ff73eb3", "role_id": "7950e369-5257-4cc4-94ea-53ceecaf91a3", "conditions": null, "created_at": "2025-07-05T08:22:45.006761+00:00", "updated_at": "2025-07-05T08:22:45.006761+00:00", "permission_id": "54108c8b-e545-4efb-beed-0c7646f23854"}	\N	\N	\N	\N	t	\N	\N	2025-07-05 08:22:45.006761+00
de3b1a23-44ee-441e-a6a1-71965690b215	2025-07-05 08:22:45.006761+00	\N	\N	\N	INSERT	role_permissions	978628f3-1e9d-426b-97e4-f5a3723b7de2	\N	{"id": "978628f3-1e9d-426b-97e4-f5a3723b7de2", "role_id": "7950e369-5257-4cc4-94ea-53ceecaf91a3", "conditions": null, "created_at": "2025-07-05T08:22:45.006761+00:00", "updated_at": "2025-07-05T08:22:45.006761+00:00", "permission_id": "2d763a2a-ed1b-46c6-973b-a76c4cdcb34b"}	\N	\N	\N	\N	t	\N	\N	2025-07-05 08:22:45.006761+00
ffb621ae-d806-4c1d-9e3d-e79027e30787	2025-07-05 08:22:45.006761+00	\N	\N	\N	INSERT	role_permissions	cd17d13a-efc7-495a-b5a6-2478027dbefc	\N	{"id": "cd17d13a-efc7-495a-b5a6-2478027dbefc", "role_id": "7950e369-5257-4cc4-94ea-53ceecaf91a3", "conditions": null, "created_at": "2025-07-05T08:22:45.006761+00:00", "updated_at": "2025-07-05T08:22:45.006761+00:00", "permission_id": "77150743-b132-4b11-8685-ad08cce3425a"}	\N	\N	\N	\N	t	\N	\N	2025-07-05 08:22:45.006761+00
fa502447-8740-47d8-9092-7e19069d55db	2025-07-05 08:22:45.006761+00	\N	\N	\N	INSERT	role_permissions	6583d4b5-d700-4599-9b4e-3441a9d603a0	\N	{"id": "6583d4b5-d700-4599-9b4e-3441a9d603a0", "role_id": "7950e369-5257-4cc4-94ea-53ceecaf91a3", "conditions": null, "created_at": "2025-07-05T08:22:45.006761+00:00", "updated_at": "2025-07-05T08:22:45.006761+00:00", "permission_id": "d388e831-cf6c-430c-8bcd-b07827dfcd7f"}	\N	\N	\N	\N	t	\N	\N	2025-07-05 08:22:45.006761+00
8586c30f-1250-41db-b932-94eb8d4d5796	2025-07-05 08:22:45.006761+00	\N	\N	\N	INSERT	role_permissions	ee9ab92d-9742-43c5-b73b-b8568e7cf37e	\N	{"id": "ee9ab92d-9742-43c5-b73b-b8568e7cf37e", "role_id": "7950e369-5257-4cc4-94ea-53ceecaf91a3", "conditions": null, "created_at": "2025-07-05T08:22:45.006761+00:00", "updated_at": "2025-07-05T08:22:45.006761+00:00", "permission_id": "8b40f002-1065-4a03-a9c4-f774f98b68af"}	\N	\N	\N	\N	t	\N	\N	2025-07-05 08:22:45.006761+00
332ee8e9-6747-4b89-a466-23c815f9469d	2025-07-05 08:22:45.006761+00	\N	\N	\N	INSERT	role_permissions	5d42da99-9442-45c4-aab1-55cd12d129f8	\N	{"id": "5d42da99-9442-45c4-aab1-55cd12d129f8", "role_id": "7950e369-5257-4cc4-94ea-53ceecaf91a3", "conditions": null, "created_at": "2025-07-05T08:22:45.006761+00:00", "updated_at": "2025-07-05T08:22:45.006761+00:00", "permission_id": "f491df38-07bd-4b12-bd90-c8b96bb0618c"}	\N	\N	\N	\N	t	\N	\N	2025-07-05 08:22:45.006761+00
e733cac3-8398-4d9f-9f7d-bd1264aed4ee	2025-07-05 08:22:45.006761+00	\N	\N	\N	INSERT	role_permissions	4550ca67-2677-44fb-8256-6f88a384c0a5	\N	{"id": "4550ca67-2677-44fb-8256-6f88a384c0a5", "role_id": "7950e369-5257-4cc4-94ea-53ceecaf91a3", "conditions": null, "created_at": "2025-07-05T08:22:45.006761+00:00", "updated_at": "2025-07-05T08:22:45.006761+00:00", "permission_id": "ab9aca4d-925a-48bf-85c8-34af730792c3"}	\N	\N	\N	\N	t	\N	\N	2025-07-05 08:22:45.006761+00
027c36f4-923d-4d9d-b691-dc6396a9114c	2025-07-05 08:22:45.006761+00	\N	\N	\N	INSERT	role_permissions	fb31d357-5519-4d49-a270-7be158dc1780	\N	{"id": "fb31d357-5519-4d49-a270-7be158dc1780", "role_id": "7950e369-5257-4cc4-94ea-53ceecaf91a3", "conditions": null, "created_at": "2025-07-05T08:22:45.006761+00:00", "updated_at": "2025-07-05T08:22:45.006761+00:00", "permission_id": "8fb4e255-ae5d-4417-8267-799459f1d98f"}	\N	\N	\N	\N	t	\N	\N	2025-07-05 08:22:45.006761+00
24845523-9c82-4337-95e1-95a1c47ffe8f	2025-07-05 08:22:45.006761+00	\N	\N	\N	INSERT	role_permissions	d57f0335-be18-4c9e-b970-d1438eac9f8a	\N	{"id": "d57f0335-be18-4c9e-b970-d1438eac9f8a", "role_id": "7950e369-5257-4cc4-94ea-53ceecaf91a3", "conditions": null, "created_at": "2025-07-05T08:22:45.006761+00:00", "updated_at": "2025-07-05T08:22:45.006761+00:00", "permission_id": "f09b9106-f475-4adc-aa2b-57f8765792db"}	\N	\N	\N	\N	t	\N	\N	2025-07-05 08:22:45.006761+00
6f7a4d26-7d47-487d-8081-ee75b78e7e80	2025-07-05 08:22:45.006761+00	\N	\N	\N	INSERT	role_permissions	feb9547c-6108-4624-9a47-165eea37c702	\N	{"id": "feb9547c-6108-4624-9a47-165eea37c702", "role_id": "7950e369-5257-4cc4-94ea-53ceecaf91a3", "conditions": null, "created_at": "2025-07-05T08:22:45.006761+00:00", "updated_at": "2025-07-05T08:22:45.006761+00:00", "permission_id": "0989f4ca-7d35-4621-9c78-9aeb4bbeff19"}	\N	\N	\N	\N	t	\N	\N	2025-07-05 08:22:45.006761+00
4fd29e73-0652-4a57-a3fc-8b74b6c07124	2025-07-05 08:22:45.006761+00	\N	\N	\N	INSERT	role_permissions	709bd879-e15c-48d2-8779-f7d5eb84e1bb	\N	{"id": "709bd879-e15c-48d2-8779-f7d5eb84e1bb", "role_id": "7950e369-5257-4cc4-94ea-53ceecaf91a3", "conditions": null, "created_at": "2025-07-05T08:22:45.006761+00:00", "updated_at": "2025-07-05T08:22:45.006761+00:00", "permission_id": "d958e56a-97ed-479a-84c0-cc9cde20c011"}	\N	\N	\N	\N	t	\N	\N	2025-07-05 08:22:45.006761+00
6ea4eb03-e53e-4761-80ca-c7543eeb9497	2025-07-05 08:22:45.006761+00	\N	\N	\N	INSERT	role_permissions	18c65a3f-100d-440f-b142-3d5ec59c79af	\N	{"id": "18c65a3f-100d-440f-b142-3d5ec59c79af", "role_id": "7950e369-5257-4cc4-94ea-53ceecaf91a3", "conditions": null, "created_at": "2025-07-05T08:22:45.006761+00:00", "updated_at": "2025-07-05T08:22:45.006761+00:00", "permission_id": "49c0ec14-8d91-4968-85ed-57609b4f90ec"}	\N	\N	\N	\N	t	\N	\N	2025-07-05 08:22:45.006761+00
08b805f7-9b16-4c5c-ac4e-43f199574489	2025-07-05 08:22:45.006761+00	\N	\N	\N	INSERT	role_permissions	9a469e85-7f6f-4978-a151-1e6a1f1478e1	\N	{"id": "9a469e85-7f6f-4978-a151-1e6a1f1478e1", "role_id": "7950e369-5257-4cc4-94ea-53ceecaf91a3", "conditions": null, "created_at": "2025-07-05T08:22:45.006761+00:00", "updated_at": "2025-07-05T08:22:45.006761+00:00", "permission_id": "e373bee8-54c5-4ba4-b7c3-f3f35b4e9127"}	\N	\N	\N	\N	t	\N	\N	2025-07-05 08:22:45.006761+00
275bf809-1c44-4aec-86bf-d131a25cc7a3	2025-07-05 08:22:45.006761+00	\N	\N	\N	INSERT	role_permissions	bed1b2a8-6747-4846-a890-c68b7a6a31b6	\N	{"id": "bed1b2a8-6747-4846-a890-c68b7a6a31b6", "role_id": "7950e369-5257-4cc4-94ea-53ceecaf91a3", "conditions": null, "created_at": "2025-07-05T08:22:45.006761+00:00", "updated_at": "2025-07-05T08:22:45.006761+00:00", "permission_id": "4a24ba61-b71c-4b23-84fb-265eefc0135e"}	\N	\N	\N	\N	t	\N	\N	2025-07-05 08:22:45.006761+00
678c8ce2-8aa1-40e9-a973-43865b23e1f3	2025-07-05 08:22:45.006761+00	\N	\N	\N	INSERT	role_permissions	75fda25e-c9e6-4b5a-8443-670dd3c7f268	\N	{"id": "75fda25e-c9e6-4b5a-8443-670dd3c7f268", "role_id": "7950e369-5257-4cc4-94ea-53ceecaf91a3", "conditions": null, "created_at": "2025-07-05T08:22:45.006761+00:00", "updated_at": "2025-07-05T08:22:45.006761+00:00", "permission_id": "6b925f8b-6fb3-4ee7-b663-ec288be7d9fb"}	\N	\N	\N	\N	t	\N	\N	2025-07-05 08:22:45.006761+00
253f1451-e26c-413b-9b01-efe3d5c25ccc	2025-07-05 08:22:45.006761+00	\N	\N	\N	INSERT	role_permissions	b202c21b-f72f-42b4-9772-5bd1669286c1	\N	{"id": "b202c21b-f72f-42b4-9772-5bd1669286c1", "role_id": "7950e369-5257-4cc4-94ea-53ceecaf91a3", "conditions": null, "created_at": "2025-07-05T08:22:45.006761+00:00", "updated_at": "2025-07-05T08:22:45.006761+00:00", "permission_id": "c8424ee5-21c2-4315-b82f-539e8b0b9478"}	\N	\N	\N	\N	t	\N	\N	2025-07-05 08:22:45.006761+00
ff2c16d0-0945-4678-9645-4c4c8479ffa5	2025-07-05 08:22:45.006761+00	\N	\N	\N	INSERT	role_permissions	65edb06a-4312-4f0d-acf8-b9ac85c4131b	\N	{"id": "65edb06a-4312-4f0d-acf8-b9ac85c4131b", "role_id": "7950e369-5257-4cc4-94ea-53ceecaf91a3", "conditions": null, "created_at": "2025-07-05T08:22:45.006761+00:00", "updated_at": "2025-07-05T08:22:45.006761+00:00", "permission_id": "9616efe3-7a2c-46e5-97e4-1b70ff7346c4"}	\N	\N	\N	\N	t	\N	\N	2025-07-05 08:22:45.006761+00
72852cc3-bf65-442a-8e87-70f5f09af396	2025-07-05 08:22:45.006761+00	\N	\N	\N	INSERT	role_permissions	26be784e-b7f4-423f-8601-56032bb4cc4b	\N	{"id": "26be784e-b7f4-423f-8601-56032bb4cc4b", "role_id": "7950e369-5257-4cc4-94ea-53ceecaf91a3", "conditions": null, "created_at": "2025-07-05T08:22:45.006761+00:00", "updated_at": "2025-07-05T08:22:45.006761+00:00", "permission_id": "f1ea3333-8274-4b2a-9781-501851a929b5"}	\N	\N	\N	\N	t	\N	\N	2025-07-05 08:22:45.006761+00
ee3b211b-e48b-44ef-adbb-f1b7e8b0499e	2025-07-05 08:22:45.006761+00	\N	\N	\N	INSERT	role_permissions	a890afc1-eec3-42c4-ba1e-b3b3b5833913	\N	{"id": "a890afc1-eec3-42c4-ba1e-b3b3b5833913", "role_id": "7950e369-5257-4cc4-94ea-53ceecaf91a3", "conditions": null, "created_at": "2025-07-05T08:22:45.006761+00:00", "updated_at": "2025-07-05T08:22:45.006761+00:00", "permission_id": "8ec393b6-9a3f-48e3-a258-184e87b5e216"}	\N	\N	\N	\N	t	\N	\N	2025-07-05 08:22:45.006761+00
57e62b2f-1257-4226-88a0-a7ee800f028a	2025-07-05 08:22:45.006761+00	\N	\N	\N	INSERT	role_permissions	10348eac-d264-4512-a3e2-24c87894a62a	\N	{"id": "10348eac-d264-4512-a3e2-24c87894a62a", "role_id": "7950e369-5257-4cc4-94ea-53ceecaf91a3", "conditions": null, "created_at": "2025-07-05T08:22:45.006761+00:00", "updated_at": "2025-07-05T08:22:45.006761+00:00", "permission_id": "ddd61a2f-edcf-49de-b90d-8f77288e6454"}	\N	\N	\N	\N	t	\N	\N	2025-07-05 08:22:45.006761+00
155a50e2-2c92-499b-b9ad-f5dbe8146684	2025-07-05 08:22:45.006761+00	\N	\N	\N	INSERT	role_permissions	bb4a1794-ef44-4be9-b1ea-344359cb5ae4	\N	{"id": "bb4a1794-ef44-4be9-b1ea-344359cb5ae4", "role_id": "7950e369-5257-4cc4-94ea-53ceecaf91a3", "conditions": null, "created_at": "2025-07-05T08:22:45.006761+00:00", "updated_at": "2025-07-05T08:22:45.006761+00:00", "permission_id": "113ad1a5-33b6-4338-9bee-40de185559ca"}	\N	\N	\N	\N	t	\N	\N	2025-07-05 08:22:45.006761+00
543c07f0-f703-459f-a157-53ff5cc8ef0b	2025-07-05 08:22:45.006761+00	\N	\N	\N	INSERT	role_permissions	2abd98a2-c06f-4fb5-8448-e6f63bb058af	\N	{"id": "2abd98a2-c06f-4fb5-8448-e6f63bb058af", "role_id": "7950e369-5257-4cc4-94ea-53ceecaf91a3", "conditions": null, "created_at": "2025-07-05T08:22:45.006761+00:00", "updated_at": "2025-07-05T08:22:45.006761+00:00", "permission_id": "001b6665-b03a-430f-a28b-47c5a0db6b18"}	\N	\N	\N	\N	t	\N	\N	2025-07-05 08:22:45.006761+00
b7861dca-a792-4377-8c09-7bfc8728ef68	2025-07-05 08:22:45.006761+00	\N	\N	\N	INSERT	role_permissions	a65dacef-f2f5-4169-b1de-40447b5a1163	\N	{"id": "a65dacef-f2f5-4169-b1de-40447b5a1163", "role_id": "7950e369-5257-4cc4-94ea-53ceecaf91a3", "conditions": null, "created_at": "2025-07-05T08:22:45.006761+00:00", "updated_at": "2025-07-05T08:22:45.006761+00:00", "permission_id": "2b81a98a-967a-4b73-8e60-c5f13669412e"}	\N	\N	\N	\N	t	\N	\N	2025-07-05 08:22:45.006761+00
301df4ad-823b-4888-833d-8bf7980bf175	2025-07-05 08:22:45.006761+00	\N	\N	\N	INSERT	role_permissions	a106fc42-33e1-4af0-9205-87820fff0a0b	\N	{"id": "a106fc42-33e1-4af0-9205-87820fff0a0b", "role_id": "7950e369-5257-4cc4-94ea-53ceecaf91a3", "conditions": null, "created_at": "2025-07-05T08:22:45.006761+00:00", "updated_at": "2025-07-05T08:22:45.006761+00:00", "permission_id": "936baa6d-1c78-4cf6-8f5f-d6f5138d7077"}	\N	\N	\N	\N	t	\N	\N	2025-07-05 08:22:45.006761+00
0196eaac-1784-47f2-9daa-c7ea8d54f39a	2025-07-05 08:22:45.006761+00	\N	\N	\N	INSERT	role_permissions	6b3eb4d4-6907-4a47-b0a5-5642a710ca07	\N	{"id": "6b3eb4d4-6907-4a47-b0a5-5642a710ca07", "role_id": "7950e369-5257-4cc4-94ea-53ceecaf91a3", "conditions": null, "created_at": "2025-07-05T08:22:45.006761+00:00", "updated_at": "2025-07-05T08:22:45.006761+00:00", "permission_id": "40ada269-3ca7-43d7-9c43-19f0c57167d1"}	\N	\N	\N	\N	t	\N	\N	2025-07-05 08:22:45.006761+00
9a0e9d8f-986f-428a-9ca2-a0141d510460	2025-07-05 08:22:45.006761+00	\N	\N	\N	INSERT	role_permissions	25e551bf-adf8-4307-ac0e-6ab7d263139b	\N	{"id": "25e551bf-adf8-4307-ac0e-6ab7d263139b", "role_id": "7950e369-5257-4cc4-94ea-53ceecaf91a3", "conditions": null, "created_at": "2025-07-05T08:22:45.006761+00:00", "updated_at": "2025-07-05T08:22:45.006761+00:00", "permission_id": "82b627b7-a0fd-44e4-9d97-f753cb647508"}	\N	\N	\N	\N	t	\N	\N	2025-07-05 08:22:45.006761+00
8e08acce-0d62-4c93-a6b0-34879ed877e5	2025-07-05 08:22:45.006761+00	\N	\N	\N	INSERT	role_permissions	ed0f5ee2-7398-448f-bef1-8d29a19c64f9	\N	{"id": "ed0f5ee2-7398-448f-bef1-8d29a19c64f9", "role_id": "7950e369-5257-4cc4-94ea-53ceecaf91a3", "conditions": null, "created_at": "2025-07-05T08:22:45.006761+00:00", "updated_at": "2025-07-05T08:22:45.006761+00:00", "permission_id": "5349c356-154f-4fd5-8af8-627b08afb275"}	\N	\N	\N	\N	t	\N	\N	2025-07-05 08:22:45.006761+00
3cec5173-7d97-497c-9b4d-ab6c4d8a9e4b	2025-07-05 08:22:45.006761+00	\N	\N	\N	INSERT	role_permissions	5bb43383-5cd5-41ac-93bf-12075a3abce8	\N	{"id": "5bb43383-5cd5-41ac-93bf-12075a3abce8", "role_id": "7950e369-5257-4cc4-94ea-53ceecaf91a3", "conditions": null, "created_at": "2025-07-05T08:22:45.006761+00:00", "updated_at": "2025-07-05T08:22:45.006761+00:00", "permission_id": "f526e477-e567-42a6-9fd3-f96d71130646"}	\N	\N	\N	\N	t	\N	\N	2025-07-05 08:22:45.006761+00
698bf8d9-d300-4de7-bf61-fdd476b34f7b	2025-07-05 08:22:45.006761+00	\N	\N	\N	INSERT	role_permissions	3688b948-b742-4bcf-902a-6bf2d0607304	\N	{"id": "3688b948-b742-4bcf-902a-6bf2d0607304", "role_id": "7950e369-5257-4cc4-94ea-53ceecaf91a3", "conditions": null, "created_at": "2025-07-05T08:22:45.006761+00:00", "updated_at": "2025-07-05T08:22:45.006761+00:00", "permission_id": "ac5e7b8e-7376-4d08-a8eb-255f8f5f557f"}	\N	\N	\N	\N	t	\N	\N	2025-07-05 08:22:45.006761+00
e1faba41-5d21-4e20-bb89-7e47866ac8f1	2025-07-05 08:22:45.006761+00	\N	\N	\N	INSERT	role_permissions	0e4ccc50-9e33-4586-9b8c-92dfb1e636d5	\N	{"id": "0e4ccc50-9e33-4586-9b8c-92dfb1e636d5", "role_id": "7950e369-5257-4cc4-94ea-53ceecaf91a3", "conditions": null, "created_at": "2025-07-05T08:22:45.006761+00:00", "updated_at": "2025-07-05T08:22:45.006761+00:00", "permission_id": "05b6489f-fdd9-4ccb-b1fb-d35dc654ba41"}	\N	\N	\N	\N	t	\N	\N	2025-07-05 08:22:45.006761+00
30a89545-fb3a-4845-90a9-a96940db8aad	2025-07-05 08:22:45.006761+00	\N	\N	\N	INSERT	role_permissions	661b9682-ab31-4d90-a30c-91c6c998d579	\N	{"id": "661b9682-ab31-4d90-a30c-91c6c998d579", "role_id": "7950e369-5257-4cc4-94ea-53ceecaf91a3", "conditions": null, "created_at": "2025-07-05T08:22:45.006761+00:00", "updated_at": "2025-07-05T08:22:45.006761+00:00", "permission_id": "d028c58e-3342-474c-b9fc-607dc4ec8c01"}	\N	\N	\N	\N	t	\N	\N	2025-07-05 08:22:45.006761+00
142e7e60-f6e2-436d-b7bc-6783e693e8d3	2025-07-05 08:22:45.006761+00	\N	\N	\N	INSERT	role_permissions	c5c2b38f-4b1c-47a3-9535-8906586df7fb	\N	{"id": "c5c2b38f-4b1c-47a3-9535-8906586df7fb", "role_id": "7950e369-5257-4cc4-94ea-53ceecaf91a3", "conditions": null, "created_at": "2025-07-05T08:22:45.006761+00:00", "updated_at": "2025-07-05T08:22:45.006761+00:00", "permission_id": "22883459-23f8-4441-b8ea-6d96a6afa3d1"}	\N	\N	\N	\N	t	\N	\N	2025-07-05 08:22:45.006761+00
25228479-6a22-43dc-9911-c99080588c7f	2025-07-05 08:22:45.006761+00	\N	\N	\N	INSERT	role_permissions	7b5b49fa-8493-4c84-bee0-0c3dedaed43a	\N	{"id": "7b5b49fa-8493-4c84-bee0-0c3dedaed43a", "role_id": "7950e369-5257-4cc4-94ea-53ceecaf91a3", "conditions": null, "created_at": "2025-07-05T08:22:45.006761+00:00", "updated_at": "2025-07-05T08:22:45.006761+00:00", "permission_id": "7ff8453f-e9ef-4a9f-b7d7-ab6844edcec1"}	\N	\N	\N	\N	t	\N	\N	2025-07-05 08:22:45.006761+00
692a66ef-c6e9-46d3-bd94-be9705755961	2025-07-05 08:22:45.006761+00	\N	\N	\N	INSERT	role_permissions	7d0c4243-52dd-4219-be49-99aefe65c77a	\N	{"id": "7d0c4243-52dd-4219-be49-99aefe65c77a", "role_id": "7950e369-5257-4cc4-94ea-53ceecaf91a3", "conditions": null, "created_at": "2025-07-05T08:22:45.006761+00:00", "updated_at": "2025-07-05T08:22:45.006761+00:00", "permission_id": "21b23221-4ed5-427e-b998-b8b87a6670bc"}	\N	\N	\N	\N	t	\N	\N	2025-07-05 08:22:45.006761+00
6d53bba3-6986-4118-903c-08cdc32a876f	2025-07-05 08:22:45.006761+00	\N	\N	\N	INSERT	role_permissions	0c678c83-ff06-4283-b684-77906859d130	\N	{"id": "0c678c83-ff06-4283-b684-77906859d130", "role_id": "7950e369-5257-4cc4-94ea-53ceecaf91a3", "conditions": null, "created_at": "2025-07-05T08:22:45.006761+00:00", "updated_at": "2025-07-05T08:22:45.006761+00:00", "permission_id": "c0d59653-1c6c-4a05-8359-bbdfb4e2df63"}	\N	\N	\N	\N	t	\N	\N	2025-07-05 08:22:45.006761+00
22e98412-ead7-422f-8750-187769f21bc0	2025-07-05 08:22:45.006761+00	\N	\N	\N	INSERT	role_permissions	a944f4cb-69b7-4c3a-959f-7a144e5944e5	\N	{"id": "a944f4cb-69b7-4c3a-959f-7a144e5944e5", "role_id": "7950e369-5257-4cc4-94ea-53ceecaf91a3", "conditions": null, "created_at": "2025-07-05T08:22:45.006761+00:00", "updated_at": "2025-07-05T08:22:45.006761+00:00", "permission_id": "245dce89-ab27-4d20-b1af-db54f79ff8bb"}	\N	\N	\N	\N	t	\N	\N	2025-07-05 08:22:45.006761+00
c439d56a-f4be-40bb-a6a3-a975e2aa6f5b	2025-07-05 08:22:45.006761+00	\N	\N	\N	INSERT	role_permissions	943c7c0f-bd65-42b8-8272-4c17e840273b	\N	{"id": "943c7c0f-bd65-42b8-8272-4c17e840273b", "role_id": "7950e369-5257-4cc4-94ea-53ceecaf91a3", "conditions": null, "created_at": "2025-07-05T08:22:45.006761+00:00", "updated_at": "2025-07-05T08:22:45.006761+00:00", "permission_id": "8c33d47b-03a9-4675-aa12-eeca6ef0c029"}	\N	\N	\N	\N	t	\N	\N	2025-07-05 08:22:45.006761+00
e0494ae6-c8de-4c30-993b-3c6f3d3e5da8	2025-07-05 08:22:45.006761+00	\N	\N	\N	INSERT	role_permissions	bbfb748f-05c3-424b-bc03-f3d4619fc72b	\N	{"id": "bbfb748f-05c3-424b-bc03-f3d4619fc72b", "role_id": "7950e369-5257-4cc4-94ea-53ceecaf91a3", "conditions": null, "created_at": "2025-07-05T08:22:45.006761+00:00", "updated_at": "2025-07-05T08:22:45.006761+00:00", "permission_id": "6669f922-0ae1-4b05-8b4e-1b593d982711"}	\N	\N	\N	\N	t	\N	\N	2025-07-05 08:22:45.006761+00
151b42a4-f826-4d40-a31c-45c0d03aad7d	2025-07-05 08:22:45.006761+00	\N	\N	\N	INSERT	role_permissions	29be08a5-da8c-4d0a-8e2b-0619187f9827	\N	{"id": "29be08a5-da8c-4d0a-8e2b-0619187f9827", "role_id": "7950e369-5257-4cc4-94ea-53ceecaf91a3", "conditions": null, "created_at": "2025-07-05T08:22:45.006761+00:00", "updated_at": "2025-07-05T08:22:45.006761+00:00", "permission_id": "048dc0b2-d062-48cb-8064-92a2b04e745d"}	\N	\N	\N	\N	t	\N	\N	2025-07-05 08:22:45.006761+00
6c84d11c-03c7-4ed5-869e-11177111304c	2025-07-05 08:22:45.006761+00	\N	\N	\N	INSERT	role_permissions	912993fd-f5c6-4ed4-b76f-c9a6d0c0f7ac	\N	{"id": "912993fd-f5c6-4ed4-b76f-c9a6d0c0f7ac", "role_id": "7950e369-5257-4cc4-94ea-53ceecaf91a3", "conditions": null, "created_at": "2025-07-05T08:22:45.006761+00:00", "updated_at": "2025-07-05T08:22:45.006761+00:00", "permission_id": "f5547841-5173-463c-91ca-bc7ca9742bea"}	\N	\N	\N	\N	t	\N	\N	2025-07-05 08:22:45.006761+00
90d2358f-56ce-48e1-9548-58edce5aed0b	2025-07-05 08:22:45.006761+00	\N	\N	\N	INSERT	role_permissions	263c5ec7-5668-4326-b736-c39176577092	\N	{"id": "263c5ec7-5668-4326-b736-c39176577092", "role_id": "7950e369-5257-4cc4-94ea-53ceecaf91a3", "conditions": null, "created_at": "2025-07-05T08:22:45.006761+00:00", "updated_at": "2025-07-05T08:22:45.006761+00:00", "permission_id": "59a32cfe-e63f-46bb-83e0-84c900dcd03c"}	\N	\N	\N	\N	t	\N	\N	2025-07-05 08:22:45.006761+00
310de595-27ab-4f5e-936e-9efdd50fcecc	2025-07-05 08:22:45.006761+00	\N	\N	\N	INSERT	role_permissions	fe62abe1-0946-4a3a-b164-d9c6eea16423	\N	{"id": "fe62abe1-0946-4a3a-b164-d9c6eea16423", "role_id": "7950e369-5257-4cc4-94ea-53ceecaf91a3", "conditions": null, "created_at": "2025-07-05T08:22:45.006761+00:00", "updated_at": "2025-07-05T08:22:45.006761+00:00", "permission_id": "459a6cb1-b4a4-4a52-bfd5-345e67f96a90"}	\N	\N	\N	\N	t	\N	\N	2025-07-05 08:22:45.006761+00
dfeb6f4a-6980-4c00-be3f-2c9d5eec31ab	2025-07-05 08:22:45.006761+00	\N	\N	\N	INSERT	role_permissions	269622e0-c9e7-453f-9558-eda521504381	\N	{"id": "269622e0-c9e7-453f-9558-eda521504381", "role_id": "7950e369-5257-4cc4-94ea-53ceecaf91a3", "conditions": null, "created_at": "2025-07-05T08:22:45.006761+00:00", "updated_at": "2025-07-05T08:22:45.006761+00:00", "permission_id": "dfdf95ce-c4f2-4c82-be76-c7d57f12b683"}	\N	\N	\N	\N	t	\N	\N	2025-07-05 08:22:45.006761+00
aceb6927-d204-494c-aa92-fb933a30f298	2025-07-05 08:22:45.006761+00	\N	\N	\N	INSERT	role_permissions	5f1009e5-ae62-47c9-9236-11bf123c6c29	\N	{"id": "5f1009e5-ae62-47c9-9236-11bf123c6c29", "role_id": "7950e369-5257-4cc4-94ea-53ceecaf91a3", "conditions": null, "created_at": "2025-07-05T08:22:45.006761+00:00", "updated_at": "2025-07-05T08:22:45.006761+00:00", "permission_id": "4b81f5a4-d53f-4b68-aafe-7a4b5e2313e2"}	\N	\N	\N	\N	t	\N	\N	2025-07-05 08:22:45.006761+00
b3427071-a127-470f-ac99-4ffb87c098b8	2025-07-05 08:22:45.006761+00	\N	\N	\N	INSERT	role_permissions	bbabe4ba-21ef-4369-b8e8-a6ec75ef396e	\N	{"id": "bbabe4ba-21ef-4369-b8e8-a6ec75ef396e", "role_id": "7950e369-5257-4cc4-94ea-53ceecaf91a3", "conditions": null, "created_at": "2025-07-05T08:22:45.006761+00:00", "updated_at": "2025-07-05T08:22:45.006761+00:00", "permission_id": "d92c8eaa-38a6-41ee-845f-d15fed12d2d8"}	\N	\N	\N	\N	t	\N	\N	2025-07-05 08:22:45.006761+00
530b38bb-c1bf-424e-914d-22ea70b8c475	2025-07-05 08:22:45.006761+00	\N	\N	\N	INSERT	role_permissions	eb43590f-d95c-4601-912a-a871bc067633	\N	{"id": "eb43590f-d95c-4601-912a-a871bc067633", "role_id": "7950e369-5257-4cc4-94ea-53ceecaf91a3", "conditions": null, "created_at": "2025-07-05T08:22:45.006761+00:00", "updated_at": "2025-07-05T08:22:45.006761+00:00", "permission_id": "4db8dd80-a8d5-4c28-b51d-571cdc8935da"}	\N	\N	\N	\N	t	\N	\N	2025-07-05 08:22:45.006761+00
28e8b4de-9748-4f63-a047-263489e87a44	2025-07-05 08:22:45.006761+00	\N	\N	\N	INSERT	role_permissions	e2a2086a-6b03-4faa-ba75-6a587cafc052	\N	{"id": "e2a2086a-6b03-4faa-ba75-6a587cafc052", "role_id": "7950e369-5257-4cc4-94ea-53ceecaf91a3", "conditions": null, "created_at": "2025-07-05T08:22:45.006761+00:00", "updated_at": "2025-07-05T08:22:45.006761+00:00", "permission_id": "0fa06eed-1daa-4a75-9e3c-77e50fbbb7af"}	\N	\N	\N	\N	t	\N	\N	2025-07-05 08:22:45.006761+00
1fe96080-1048-464f-9f97-034129fbf8b9	2025-07-05 08:22:45.006761+00	\N	\N	\N	INSERT	role_permissions	f048c4a7-6faf-402c-9975-e437704944cd	\N	{"id": "f048c4a7-6faf-402c-9975-e437704944cd", "role_id": "7950e369-5257-4cc4-94ea-53ceecaf91a3", "conditions": null, "created_at": "2025-07-05T08:22:45.006761+00:00", "updated_at": "2025-07-05T08:22:45.006761+00:00", "permission_id": "88d115e7-f6bc-472a-a886-1aa1f3deb5e1"}	\N	\N	\N	\N	t	\N	\N	2025-07-05 08:22:45.006761+00
2aa99273-d149-4539-b623-facf3e01391f	2025-07-05 08:22:45.006761+00	\N	\N	\N	INSERT	role_permissions	6c405273-f511-489d-a543-5e9eba4e3f63	\N	{"id": "6c405273-f511-489d-a543-5e9eba4e3f63", "role_id": "7950e369-5257-4cc4-94ea-53ceecaf91a3", "conditions": null, "created_at": "2025-07-05T08:22:45.006761+00:00", "updated_at": "2025-07-05T08:22:45.006761+00:00", "permission_id": "00ff42c4-eb97-404e-93b3-2c9531128c3b"}	\N	\N	\N	\N	t	\N	\N	2025-07-05 08:22:45.006761+00
d37f84f3-28f0-4e06-8f26-a6c8ff1d0c62	2025-07-05 08:22:45.006761+00	\N	\N	\N	INSERT	role_permissions	c1e76228-bfe4-4462-b9c0-022981877513	\N	{"id": "c1e76228-bfe4-4462-b9c0-022981877513", "role_id": "7950e369-5257-4cc4-94ea-53ceecaf91a3", "conditions": null, "created_at": "2025-07-05T08:22:45.006761+00:00", "updated_at": "2025-07-05T08:22:45.006761+00:00", "permission_id": "0797dc67-609c-4dc8-9a2e-d1529d564cd8"}	\N	\N	\N	\N	t	\N	\N	2025-07-05 08:22:45.006761+00
6890c554-86ee-4a61-85af-23b0483f4668	2025-07-05 08:22:45.006761+00	\N	\N	\N	INSERT	role_permissions	284675f9-2ce9-411b-9f69-33ebc48433bb	\N	{"id": "284675f9-2ce9-411b-9f69-33ebc48433bb", "role_id": "7950e369-5257-4cc4-94ea-53ceecaf91a3", "conditions": null, "created_at": "2025-07-05T08:22:45.006761+00:00", "updated_at": "2025-07-05T08:22:45.006761+00:00", "permission_id": "1c056106-19cb-4ce4-9610-58bf82b179d7"}	\N	\N	\N	\N	t	\N	\N	2025-07-05 08:22:45.006761+00
7fd92453-6fb8-468c-a25b-ff8077950805	2025-07-05 08:22:45.006761+00	\N	\N	\N	INSERT	role_permissions	bc7cd6ba-b024-46ac-a203-135b7ada569e	\N	{"id": "bc7cd6ba-b024-46ac-a203-135b7ada569e", "role_id": "7950e369-5257-4cc4-94ea-53ceecaf91a3", "conditions": null, "created_at": "2025-07-05T08:22:45.006761+00:00", "updated_at": "2025-07-05T08:22:45.006761+00:00", "permission_id": "3a7ece32-ff6f-4d33-9bac-d6876c0f82e2"}	\N	\N	\N	\N	t	\N	\N	2025-07-05 08:22:45.006761+00
29511c5a-58db-4d90-bf26-e3e3edc95a47	2025-07-05 08:22:45.006761+00	\N	\N	\N	INSERT	role_permissions	23fa5f30-8b2c-48cd-af6f-e77bd877d75e	\N	{"id": "23fa5f30-8b2c-48cd-af6f-e77bd877d75e", "role_id": "7950e369-5257-4cc4-94ea-53ceecaf91a3", "conditions": null, "created_at": "2025-07-05T08:22:45.006761+00:00", "updated_at": "2025-07-05T08:22:45.006761+00:00", "permission_id": "2bea44bc-cd92-4e01-bab8-9d6cf86ccf53"}	\N	\N	\N	\N	t	\N	\N	2025-07-05 08:22:45.006761+00
844c942b-c08d-4b29-8020-8793c9940a69	2025-07-05 08:22:45.006761+00	\N	\N	\N	INSERT	role_permissions	584c1638-c0e3-4528-80ce-6180c6f32551	\N	{"id": "584c1638-c0e3-4528-80ce-6180c6f32551", "role_id": "7a21ecd4-3b83-447a-be0a-d0ca88290fd3", "conditions": null, "created_at": "2025-07-05T08:22:45.006761+00:00", "updated_at": "2025-07-05T08:22:45.006761+00:00", "permission_id": "7143ea47-6ace-49b3-83f2-4a269bd29cbe"}	\N	\N	\N	\N	t	\N	\N	2025-07-05 08:22:45.006761+00
f12d90e6-604f-4120-a05e-c1f2511a0ae3	2025-07-05 08:22:45.006761+00	\N	\N	\N	INSERT	role_permissions	729cef34-5b5d-4c32-b080-150c0600dd96	\N	{"id": "729cef34-5b5d-4c32-b080-150c0600dd96", "role_id": "7a21ecd4-3b83-447a-be0a-d0ca88290fd3", "conditions": null, "created_at": "2025-07-05T08:22:45.006761+00:00", "updated_at": "2025-07-05T08:22:45.006761+00:00", "permission_id": "87ef3448-512c-4b51-b9a7-48afe636227d"}	\N	\N	\N	\N	t	\N	\N	2025-07-05 08:22:45.006761+00
aeaaf8f7-95ee-457d-9a4b-106acad52949	2025-07-05 08:22:45.006761+00	\N	\N	\N	INSERT	role_permissions	11d4f6e6-69bf-483a-8674-853ae700165d	\N	{"id": "11d4f6e6-69bf-483a-8674-853ae700165d", "role_id": "7a21ecd4-3b83-447a-be0a-d0ca88290fd3", "conditions": null, "created_at": "2025-07-05T08:22:45.006761+00:00", "updated_at": "2025-07-05T08:22:45.006761+00:00", "permission_id": "02f11ffa-86ca-4524-9a8a-4b341bf4f591"}	\N	\N	\N	\N	t	\N	\N	2025-07-05 08:22:45.006761+00
f98b2381-7154-4cc1-af42-4aa8b4c31c1f	2025-07-05 08:22:45.006761+00	\N	\N	\N	INSERT	role_permissions	b371a47e-22a6-4e1c-bd84-94cb055095f4	\N	{"id": "b371a47e-22a6-4e1c-bd84-94cb055095f4", "role_id": "7a21ecd4-3b83-447a-be0a-d0ca88290fd3", "conditions": null, "created_at": "2025-07-05T08:22:45.006761+00:00", "updated_at": "2025-07-05T08:22:45.006761+00:00", "permission_id": "27b7d0d5-880b-4543-a2cd-ac55ff7b3598"}	\N	\N	\N	\N	t	\N	\N	2025-07-05 08:22:45.006761+00
1979a4e3-3007-4388-8d22-e504bbbd83c5	2025-07-05 08:22:45.006761+00	\N	\N	\N	INSERT	role_permissions	998dd3ac-e7ac-4561-8597-256cc4bf4f81	\N	{"id": "998dd3ac-e7ac-4561-8597-256cc4bf4f81", "role_id": "7a21ecd4-3b83-447a-be0a-d0ca88290fd3", "conditions": null, "created_at": "2025-07-05T08:22:45.006761+00:00", "updated_at": "2025-07-05T08:22:45.006761+00:00", "permission_id": "0021976e-ae2a-4f59-a8c7-3dcc2911cbb5"}	\N	\N	\N	\N	t	\N	\N	2025-07-05 08:22:45.006761+00
764d142b-424e-4f0d-a318-9746f995e4c7	2025-07-05 08:22:45.006761+00	\N	\N	\N	INSERT	role_permissions	1a8f2ff7-125e-4cee-b13c-28f583eabd2d	\N	{"id": "1a8f2ff7-125e-4cee-b13c-28f583eabd2d", "role_id": "7a21ecd4-3b83-447a-be0a-d0ca88290fd3", "conditions": null, "created_at": "2025-07-05T08:22:45.006761+00:00", "updated_at": "2025-07-05T08:22:45.006761+00:00", "permission_id": "81402cc7-49c1-4c57-92e6-345e572e8572"}	\N	\N	\N	\N	t	\N	\N	2025-07-05 08:22:45.006761+00
c6dc0e7b-db12-467c-a0c5-113c6a352eda	2025-07-05 08:22:45.006761+00	\N	\N	\N	INSERT	role_permissions	2259de2d-911a-4c01-9b16-2098e9a12665	\N	{"id": "2259de2d-911a-4c01-9b16-2098e9a12665", "role_id": "7a21ecd4-3b83-447a-be0a-d0ca88290fd3", "conditions": null, "created_at": "2025-07-05T08:22:45.006761+00:00", "updated_at": "2025-07-05T08:22:45.006761+00:00", "permission_id": "c84f5481-1802-4599-b531-20666c14cba4"}	\N	\N	\N	\N	t	\N	\N	2025-07-05 08:22:45.006761+00
e8f0ecff-a271-4993-8056-d40aa60a1eec	2025-07-05 08:22:45.006761+00	\N	\N	\N	INSERT	role_permissions	1f1aa499-04bd-46fa-9ba0-977f18d13ad2	\N	{"id": "1f1aa499-04bd-46fa-9ba0-977f18d13ad2", "role_id": "7a21ecd4-3b83-447a-be0a-d0ca88290fd3", "conditions": null, "created_at": "2025-07-05T08:22:45.006761+00:00", "updated_at": "2025-07-05T08:22:45.006761+00:00", "permission_id": "48e073f6-837c-42ba-afb4-ae5d11f5e52e"}	\N	\N	\N	\N	t	\N	\N	2025-07-05 08:22:45.006761+00
0c23e26b-2d21-49cf-b8d7-0119ee620a56	2025-07-05 08:22:45.006761+00	\N	\N	\N	INSERT	role_permissions	2d1b37d8-2707-4db6-af5f-e40ab344e30d	\N	{"id": "2d1b37d8-2707-4db6-af5f-e40ab344e30d", "role_id": "7a21ecd4-3b83-447a-be0a-d0ca88290fd3", "conditions": null, "created_at": "2025-07-05T08:22:45.006761+00:00", "updated_at": "2025-07-05T08:22:45.006761+00:00", "permission_id": "01d343d4-3ad9-4ccc-a501-8c2f083c4e73"}	\N	\N	\N	\N	t	\N	\N	2025-07-05 08:22:45.006761+00
9b4d20da-ab0e-4aed-a461-af9f4e85d933	2025-07-05 08:22:45.006761+00	\N	\N	\N	INSERT	role_permissions	edebf771-c397-4904-ac00-ba97995ea1e8	\N	{"id": "edebf771-c397-4904-ac00-ba97995ea1e8", "role_id": "7a21ecd4-3b83-447a-be0a-d0ca88290fd3", "conditions": null, "created_at": "2025-07-05T08:22:45.006761+00:00", "updated_at": "2025-07-05T08:22:45.006761+00:00", "permission_id": "4ff27905-11eb-4cbb-be65-f50d78649b28"}	\N	\N	\N	\N	t	\N	\N	2025-07-05 08:22:45.006761+00
e23aa1e4-6d28-4cbf-a932-b4a954a4a7f1	2025-07-05 08:22:45.006761+00	\N	\N	\N	INSERT	role_permissions	9fb95fdb-aaf8-4cd4-9b96-a81ee91be250	\N	{"id": "9fb95fdb-aaf8-4cd4-9b96-a81ee91be250", "role_id": "7a21ecd4-3b83-447a-be0a-d0ca88290fd3", "conditions": null, "created_at": "2025-07-05T08:22:45.006761+00:00", "updated_at": "2025-07-05T08:22:45.006761+00:00", "permission_id": "5c3e9d72-260d-46f8-8404-cf28eba6bb6a"}	\N	\N	\N	\N	t	\N	\N	2025-07-05 08:22:45.006761+00
a1866b62-3ebe-4beb-90d7-c548e2488bc2	2025-07-05 08:22:45.006761+00	\N	\N	\N	INSERT	role_permissions	dbb4708c-eb08-4814-a1d4-1b53e7088104	\N	{"id": "dbb4708c-eb08-4814-a1d4-1b53e7088104", "role_id": "7a21ecd4-3b83-447a-be0a-d0ca88290fd3", "conditions": null, "created_at": "2025-07-05T08:22:45.006761+00:00", "updated_at": "2025-07-05T08:22:45.006761+00:00", "permission_id": "cd851a9c-d937-43bd-ac98-56173092972a"}	\N	\N	\N	\N	t	\N	\N	2025-07-05 08:22:45.006761+00
b21c3a1e-d738-4fb5-90b8-edfe2a20a4da	2025-07-05 08:22:45.006761+00	\N	\N	\N	INSERT	role_permissions	3c3d5e91-029f-4fc7-a7a7-4c345c685dfe	\N	{"id": "3c3d5e91-029f-4fc7-a7a7-4c345c685dfe", "role_id": "7a21ecd4-3b83-447a-be0a-d0ca88290fd3", "conditions": null, "created_at": "2025-07-05T08:22:45.006761+00:00", "updated_at": "2025-07-05T08:22:45.006761+00:00", "permission_id": "432b409a-4dad-411e-afd0-76e6ac16d181"}	\N	\N	\N	\N	t	\N	\N	2025-07-05 08:22:45.006761+00
55df10aa-5d6e-4785-821d-c91f1c866ed0	2025-07-05 08:22:45.006761+00	\N	\N	\N	INSERT	role_permissions	6c117228-f07e-4250-ba7a-9cd324d22b39	\N	{"id": "6c117228-f07e-4250-ba7a-9cd324d22b39", "role_id": "7a21ecd4-3b83-447a-be0a-d0ca88290fd3", "conditions": null, "created_at": "2025-07-05T08:22:45.006761+00:00", "updated_at": "2025-07-05T08:22:45.006761+00:00", "permission_id": "d98ef1c2-31cf-4d6a-981f-d60999891fe1"}	\N	\N	\N	\N	t	\N	\N	2025-07-05 08:22:45.006761+00
bef8db77-59d5-406b-9148-a44de29c5ff4	2025-07-05 08:22:45.006761+00	\N	\N	\N	INSERT	role_permissions	f9267688-77b2-402f-9029-fabf7982b13c	\N	{"id": "f9267688-77b2-402f-9029-fabf7982b13c", "role_id": "7a21ecd4-3b83-447a-be0a-d0ca88290fd3", "conditions": null, "created_at": "2025-07-05T08:22:45.006761+00:00", "updated_at": "2025-07-05T08:22:45.006761+00:00", "permission_id": "2e202ccc-f493-4bfa-a28f-425c7f506105"}	\N	\N	\N	\N	t	\N	\N	2025-07-05 08:22:45.006761+00
e1fab087-418b-4de8-9a02-ac225e135998	2025-07-05 08:22:45.006761+00	\N	\N	\N	INSERT	role_permissions	ab8d9dcf-17bb-4619-991a-c5f0006b3acd	\N	{"id": "ab8d9dcf-17bb-4619-991a-c5f0006b3acd", "role_id": "7a21ecd4-3b83-447a-be0a-d0ca88290fd3", "conditions": null, "created_at": "2025-07-05T08:22:45.006761+00:00", "updated_at": "2025-07-05T08:22:45.006761+00:00", "permission_id": "04f44fc2-86d1-4f06-ba21-5e6a01471a65"}	\N	\N	\N	\N	t	\N	\N	2025-07-05 08:22:45.006761+00
8322e6ec-c745-43fa-ad16-998b001bc0bf	2025-07-05 08:22:45.006761+00	\N	\N	\N	INSERT	role_permissions	81acac81-4e18-403a-86fe-274e9b1dfaaa	\N	{"id": "81acac81-4e18-403a-86fe-274e9b1dfaaa", "role_id": "7a21ecd4-3b83-447a-be0a-d0ca88290fd3", "conditions": null, "created_at": "2025-07-05T08:22:45.006761+00:00", "updated_at": "2025-07-05T08:22:45.006761+00:00", "permission_id": "3932f66d-69c8-4975-99e6-68b3d240d652"}	\N	\N	\N	\N	t	\N	\N	2025-07-05 08:22:45.006761+00
413f2ea0-239a-45b3-8f6c-1ee6c2adbc8e	2025-07-05 08:22:45.006761+00	\N	\N	\N	INSERT	role_permissions	199795ed-c6d3-43ec-a669-aa209bfb6e5d	\N	{"id": "199795ed-c6d3-43ec-a669-aa209bfb6e5d", "role_id": "7a21ecd4-3b83-447a-be0a-d0ca88290fd3", "conditions": null, "created_at": "2025-07-05T08:22:45.006761+00:00", "updated_at": "2025-07-05T08:22:45.006761+00:00", "permission_id": "c74844cd-cf85-4718-8da3-d23a808a7acc"}	\N	\N	\N	\N	t	\N	\N	2025-07-05 08:22:45.006761+00
102149ef-ff42-4667-9325-75cb0ae5bbd0	2025-07-05 08:22:45.006761+00	\N	\N	\N	INSERT	role_permissions	d1a9a0e3-730e-40c6-80e6-6140e2cd73db	\N	{"id": "d1a9a0e3-730e-40c6-80e6-6140e2cd73db", "role_id": "7a21ecd4-3b83-447a-be0a-d0ca88290fd3", "conditions": null, "created_at": "2025-07-05T08:22:45.006761+00:00", "updated_at": "2025-07-05T08:22:45.006761+00:00", "permission_id": "18229e44-2d7e-4aa6-a2e5-15d2adc7990c"}	\N	\N	\N	\N	t	\N	\N	2025-07-05 08:22:45.006761+00
463f5165-43f9-4767-8305-545e4fb9dace	2025-07-05 08:22:45.006761+00	\N	\N	\N	INSERT	role_permissions	8688de64-eb1b-4257-b623-a4fe520ed8ee	\N	{"id": "8688de64-eb1b-4257-b623-a4fe520ed8ee", "role_id": "7a21ecd4-3b83-447a-be0a-d0ca88290fd3", "conditions": null, "created_at": "2025-07-05T08:22:45.006761+00:00", "updated_at": "2025-07-05T08:22:45.006761+00:00", "permission_id": "c89a62a1-72ba-4358-a0ff-789935f5b2fb"}	\N	\N	\N	\N	t	\N	\N	2025-07-05 08:22:45.006761+00
5437a6bd-7910-4e80-bfee-aca921eb7a28	2025-07-05 08:22:45.006761+00	\N	\N	\N	INSERT	role_permissions	1aa1f244-e9a1-4020-a196-077646274e5f	\N	{"id": "1aa1f244-e9a1-4020-a196-077646274e5f", "role_id": "7a21ecd4-3b83-447a-be0a-d0ca88290fd3", "conditions": null, "created_at": "2025-07-05T08:22:45.006761+00:00", "updated_at": "2025-07-05T08:22:45.006761+00:00", "permission_id": "cf7a15ea-ad24-430a-b3f6-c71e59d6fb5e"}	\N	\N	\N	\N	t	\N	\N	2025-07-05 08:22:45.006761+00
19ee4231-d02d-4343-814c-e4e3a88fd64e	2025-07-05 08:22:45.006761+00	\N	\N	\N	INSERT	role_permissions	9e3a6318-f78c-40b7-b321-3498fcd1c9a1	\N	{"id": "9e3a6318-f78c-40b7-b321-3498fcd1c9a1", "role_id": "7a21ecd4-3b83-447a-be0a-d0ca88290fd3", "conditions": null, "created_at": "2025-07-05T08:22:45.006761+00:00", "updated_at": "2025-07-05T08:22:45.006761+00:00", "permission_id": "5c570f06-d634-429b-96aa-35a93057d48e"}	\N	\N	\N	\N	t	\N	\N	2025-07-05 08:22:45.006761+00
cd7102a5-d669-4b1a-8ce9-32f6b2846814	2025-07-05 08:22:45.006761+00	\N	\N	\N	INSERT	role_permissions	aa66389d-2aba-47a0-aadf-d4bd3dec5001	\N	{"id": "aa66389d-2aba-47a0-aadf-d4bd3dec5001", "role_id": "7a21ecd4-3b83-447a-be0a-d0ca88290fd3", "conditions": null, "created_at": "2025-07-05T08:22:45.006761+00:00", "updated_at": "2025-07-05T08:22:45.006761+00:00", "permission_id": "9948ca31-95ff-416c-8f27-47b9cd9c716d"}	\N	\N	\N	\N	t	\N	\N	2025-07-05 08:22:45.006761+00
107e5e59-af42-46c3-b8ea-b6cf95d8efd0	2025-07-05 08:22:45.006761+00	\N	\N	\N	INSERT	role_permissions	55b83ce9-1295-453c-a387-b30f964d6b72	\N	{"id": "55b83ce9-1295-453c-a387-b30f964d6b72", "role_id": "7a21ecd4-3b83-447a-be0a-d0ca88290fd3", "conditions": null, "created_at": "2025-07-05T08:22:45.006761+00:00", "updated_at": "2025-07-05T08:22:45.006761+00:00", "permission_id": "6039239c-a3f9-4576-955c-a2a16d8f7c99"}	\N	\N	\N	\N	t	\N	\N	2025-07-05 08:22:45.006761+00
c72cdf91-45ac-476d-8b48-a95f81819ed8	2025-07-05 08:22:45.006761+00	\N	\N	\N	INSERT	role_permissions	81a3f26a-d3ac-4a84-9a5d-63f18117a35d	\N	{"id": "81a3f26a-d3ac-4a84-9a5d-63f18117a35d", "role_id": "7a21ecd4-3b83-447a-be0a-d0ca88290fd3", "conditions": null, "created_at": "2025-07-05T08:22:45.006761+00:00", "updated_at": "2025-07-05T08:22:45.006761+00:00", "permission_id": "61dd104d-b839-427e-a741-e3d375b1b43c"}	\N	\N	\N	\N	t	\N	\N	2025-07-05 08:22:45.006761+00
358d008a-a11e-4246-9eb3-1b0139690aa8	2025-07-05 08:22:45.006761+00	\N	\N	\N	INSERT	role_permissions	69d0eb87-569f-4ac8-83f1-eb0b9c17e059	\N	{"id": "69d0eb87-569f-4ac8-83f1-eb0b9c17e059", "role_id": "7a21ecd4-3b83-447a-be0a-d0ca88290fd3", "conditions": null, "created_at": "2025-07-05T08:22:45.006761+00:00", "updated_at": "2025-07-05T08:22:45.006761+00:00", "permission_id": "1a5e7dd3-1714-4ed3-854d-e8e7df4ac948"}	\N	\N	\N	\N	t	\N	\N	2025-07-05 08:22:45.006761+00
3f72c450-0850-4e8c-a9ec-ab63d6679619	2025-07-05 08:22:45.006761+00	\N	\N	\N	INSERT	role_permissions	18e68164-d62e-4728-b2fe-7595ca0c76a5	\N	{"id": "18e68164-d62e-4728-b2fe-7595ca0c76a5", "role_id": "7a21ecd4-3b83-447a-be0a-d0ca88290fd3", "conditions": null, "created_at": "2025-07-05T08:22:45.006761+00:00", "updated_at": "2025-07-05T08:22:45.006761+00:00", "permission_id": "3a2ca03a-3de7-4017-857c-9105cef3dc8d"}	\N	\N	\N	\N	t	\N	\N	2025-07-05 08:22:45.006761+00
375fb5a9-5044-416a-af4a-11a9f5bca02e	2025-07-05 08:22:45.006761+00	\N	\N	\N	INSERT	role_permissions	ce8ccba4-09b0-48ef-88d1-cf1b089ab78f	\N	{"id": "ce8ccba4-09b0-48ef-88d1-cf1b089ab78f", "role_id": "7a21ecd4-3b83-447a-be0a-d0ca88290fd3", "conditions": null, "created_at": "2025-07-05T08:22:45.006761+00:00", "updated_at": "2025-07-05T08:22:45.006761+00:00", "permission_id": "c83a859e-a04b-4371-94eb-3c5b5e4e07ed"}	\N	\N	\N	\N	t	\N	\N	2025-07-05 08:22:45.006761+00
7a5ccfed-d21d-4b76-ad60-ae2997bda693	2025-07-05 08:22:45.006761+00	\N	\N	\N	INSERT	role_permissions	40ae9480-c320-4d5c-a978-8367dc5389df	\N	{"id": "40ae9480-c320-4d5c-a978-8367dc5389df", "role_id": "7a21ecd4-3b83-447a-be0a-d0ca88290fd3", "conditions": null, "created_at": "2025-07-05T08:22:45.006761+00:00", "updated_at": "2025-07-05T08:22:45.006761+00:00", "permission_id": "ae003b52-467a-48a1-8a9a-3c845756b39e"}	\N	\N	\N	\N	t	\N	\N	2025-07-05 08:22:45.006761+00
6ff241e1-9ba2-422b-8011-74d47ae464b6	2025-07-05 08:22:45.006761+00	\N	\N	\N	INSERT	role_permissions	3bdf87f1-f589-4331-9dd5-3e1934fa49b6	\N	{"id": "3bdf87f1-f589-4331-9dd5-3e1934fa49b6", "role_id": "7a21ecd4-3b83-447a-be0a-d0ca88290fd3", "conditions": null, "created_at": "2025-07-05T08:22:45.006761+00:00", "updated_at": "2025-07-05T08:22:45.006761+00:00", "permission_id": "54a19aa5-e687-4058-9104-8cd700504c06"}	\N	\N	\N	\N	t	\N	\N	2025-07-05 08:22:45.006761+00
1c8bd4e1-e69b-4bec-aedf-c3e3f0b6ad77	2025-07-05 08:22:45.006761+00	\N	\N	\N	INSERT	role_permissions	605803da-fac4-4f92-942d-fd43f8f8e981	\N	{"id": "605803da-fac4-4f92-942d-fd43f8f8e981", "role_id": "7a21ecd4-3b83-447a-be0a-d0ca88290fd3", "conditions": null, "created_at": "2025-07-05T08:22:45.006761+00:00", "updated_at": "2025-07-05T08:22:45.006761+00:00", "permission_id": "b191c233-8e30-4b36-8998-2c2b66632479"}	\N	\N	\N	\N	t	\N	\N	2025-07-05 08:22:45.006761+00
dac84fb7-9f49-466c-9726-b81f59d44e9d	2025-07-05 08:22:45.006761+00	\N	\N	\N	INSERT	role_permissions	5737817e-5ba5-428f-8e98-a4c3cace94ca	\N	{"id": "5737817e-5ba5-428f-8e98-a4c3cace94ca", "role_id": "7a21ecd4-3b83-447a-be0a-d0ca88290fd3", "conditions": null, "created_at": "2025-07-05T08:22:45.006761+00:00", "updated_at": "2025-07-05T08:22:45.006761+00:00", "permission_id": "49efcc73-a347-415e-8cb5-7ba860612dc8"}	\N	\N	\N	\N	t	\N	\N	2025-07-05 08:22:45.006761+00
8a323b51-6321-4366-9f9e-e94cc25a8b05	2025-07-05 08:22:45.006761+00	\N	\N	\N	INSERT	role_permissions	9582bbf2-e175-4622-b25e-5a2f3a6907ad	\N	{"id": "9582bbf2-e175-4622-b25e-5a2f3a6907ad", "role_id": "7a21ecd4-3b83-447a-be0a-d0ca88290fd3", "conditions": null, "created_at": "2025-07-05T08:22:45.006761+00:00", "updated_at": "2025-07-05T08:22:45.006761+00:00", "permission_id": "3a0dcac2-3f97-441b-9ba5-bb3b5a31d15b"}	\N	\N	\N	\N	t	\N	\N	2025-07-05 08:22:45.006761+00
25e4a2ea-0a1b-4f67-bd67-12620c98f773	2025-07-05 08:22:45.006761+00	\N	\N	\N	INSERT	role_permissions	f7cd6b79-54e4-434d-aa34-ae4f2d38bce9	\N	{"id": "f7cd6b79-54e4-434d-aa34-ae4f2d38bce9", "role_id": "7a21ecd4-3b83-447a-be0a-d0ca88290fd3", "conditions": null, "created_at": "2025-07-05T08:22:45.006761+00:00", "updated_at": "2025-07-05T08:22:45.006761+00:00", "permission_id": "18c06d85-966e-4c2e-83c7-964803ae0383"}	\N	\N	\N	\N	t	\N	\N	2025-07-05 08:22:45.006761+00
3262a07b-3c50-4e1b-9679-2db5ceebcb12	2025-07-05 08:22:45.006761+00	\N	\N	\N	INSERT	role_permissions	913fa7d9-9f2a-4b7f-8ed2-aa2598b78480	\N	{"id": "913fa7d9-9f2a-4b7f-8ed2-aa2598b78480", "role_id": "7a21ecd4-3b83-447a-be0a-d0ca88290fd3", "conditions": null, "created_at": "2025-07-05T08:22:45.006761+00:00", "updated_at": "2025-07-05T08:22:45.006761+00:00", "permission_id": "f3f94ca3-051d-4417-be8e-20d6a0182d17"}	\N	\N	\N	\N	t	\N	\N	2025-07-05 08:22:45.006761+00
043eac24-c416-45ad-936b-308569231747	2025-07-05 08:22:45.006761+00	\N	\N	\N	INSERT	role_permissions	bef562c8-e9c6-4c37-b2f0-0086d3ccc6d2	\N	{"id": "bef562c8-e9c6-4c37-b2f0-0086d3ccc6d2", "role_id": "7a21ecd4-3b83-447a-be0a-d0ca88290fd3", "conditions": null, "created_at": "2025-07-05T08:22:45.006761+00:00", "updated_at": "2025-07-05T08:22:45.006761+00:00", "permission_id": "692675f6-7d84-480e-b53b-4278fc6890e7"}	\N	\N	\N	\N	t	\N	\N	2025-07-05 08:22:45.006761+00
080b5c31-66f8-41b6-9ddc-eb344b53f4b3	2025-07-05 08:22:45.006761+00	\N	\N	\N	INSERT	role_permissions	074dcd7b-5001-4391-8e35-281de7feed93	\N	{"id": "074dcd7b-5001-4391-8e35-281de7feed93", "role_id": "7a21ecd4-3b83-447a-be0a-d0ca88290fd3", "conditions": null, "created_at": "2025-07-05T08:22:45.006761+00:00", "updated_at": "2025-07-05T08:22:45.006761+00:00", "permission_id": "c93dc61d-a16a-4d4d-bf8b-392b6cc61b81"}	\N	\N	\N	\N	t	\N	\N	2025-07-05 08:22:45.006761+00
fe451d8b-a44c-4b5e-84b0-c2cef8fd62b5	2025-07-05 08:22:45.006761+00	\N	\N	\N	INSERT	role_permissions	6a8ab78f-3748-4ce9-9735-39f6d692d920	\N	{"id": "6a8ab78f-3748-4ce9-9735-39f6d692d920", "role_id": "7a21ecd4-3b83-447a-be0a-d0ca88290fd3", "conditions": null, "created_at": "2025-07-05T08:22:45.006761+00:00", "updated_at": "2025-07-05T08:22:45.006761+00:00", "permission_id": "fc1df09c-522b-48cd-80ea-0d9aa8fd672e"}	\N	\N	\N	\N	t	\N	\N	2025-07-05 08:22:45.006761+00
8b10f4e6-09f6-4f95-a276-052fe3ddc846	2025-07-05 08:22:45.006761+00	\N	\N	\N	INSERT	role_permissions	25f7dc91-fd36-461b-9853-cbc4095c7bf8	\N	{"id": "25f7dc91-fd36-461b-9853-cbc4095c7bf8", "role_id": "7a21ecd4-3b83-447a-be0a-d0ca88290fd3", "conditions": null, "created_at": "2025-07-05T08:22:45.006761+00:00", "updated_at": "2025-07-05T08:22:45.006761+00:00", "permission_id": "56b84f1c-cc33-453b-ba38-df5bbce2a474"}	\N	\N	\N	\N	t	\N	\N	2025-07-05 08:22:45.006761+00
1bdff8ea-43a9-473a-a9fb-6c54e35ea164	2025-07-05 08:22:45.006761+00	\N	\N	\N	INSERT	role_permissions	f9ad032e-45eb-4e07-9fe9-aa16a5df0192	\N	{"id": "f9ad032e-45eb-4e07-9fe9-aa16a5df0192", "role_id": "7a21ecd4-3b83-447a-be0a-d0ca88290fd3", "conditions": null, "created_at": "2025-07-05T08:22:45.006761+00:00", "updated_at": "2025-07-05T08:22:45.006761+00:00", "permission_id": "855a4448-1a4a-4414-a3ab-f7d1c58c41f7"}	\N	\N	\N	\N	t	\N	\N	2025-07-05 08:22:45.006761+00
c00a50cd-a7cb-4d37-9498-3535dc910a24	2025-07-05 08:22:45.006761+00	\N	\N	\N	INSERT	role_permissions	6bb60c4d-9555-4021-9573-c096db252b90	\N	{"id": "6bb60c4d-9555-4021-9573-c096db252b90", "role_id": "7a21ecd4-3b83-447a-be0a-d0ca88290fd3", "conditions": null, "created_at": "2025-07-05T08:22:45.006761+00:00", "updated_at": "2025-07-05T08:22:45.006761+00:00", "permission_id": "77b291c9-caf7-4a27-b7c4-3f8e45950e61"}	\N	\N	\N	\N	t	\N	\N	2025-07-05 08:22:45.006761+00
363a0db0-6f14-4949-8ccb-02a8ec240de0	2025-07-05 08:22:45.006761+00	\N	\N	\N	INSERT	role_permissions	7b8a8a8b-ad60-43ad-8191-3fc1d0914475	\N	{"id": "7b8a8a8b-ad60-43ad-8191-3fc1d0914475", "role_id": "7a21ecd4-3b83-447a-be0a-d0ca88290fd3", "conditions": null, "created_at": "2025-07-05T08:22:45.006761+00:00", "updated_at": "2025-07-05T08:22:45.006761+00:00", "permission_id": "a1a137bb-0cda-4026-a76e-96f3b8ffb03f"}	\N	\N	\N	\N	t	\N	\N	2025-07-05 08:22:45.006761+00
5565229f-9480-43f3-a384-4cfe884b3120	2025-07-05 08:22:45.006761+00	\N	\N	\N	INSERT	role_permissions	c71c6981-a5af-40d6-9044-b7515e2f74f6	\N	{"id": "c71c6981-a5af-40d6-9044-b7515e2f74f6", "role_id": "7a21ecd4-3b83-447a-be0a-d0ca88290fd3", "conditions": null, "created_at": "2025-07-05T08:22:45.006761+00:00", "updated_at": "2025-07-05T08:22:45.006761+00:00", "permission_id": "f02c7f6e-87f6-401e-95a7-4b2f65dd5f2f"}	\N	\N	\N	\N	t	\N	\N	2025-07-05 08:22:45.006761+00
c076d775-756f-43d4-b346-1bab4aa6f18f	2025-07-05 08:22:45.006761+00	\N	\N	\N	INSERT	role_permissions	0c829609-69b6-48bf-904a-0aca90f28e0e	\N	{"id": "0c829609-69b6-48bf-904a-0aca90f28e0e", "role_id": "7a21ecd4-3b83-447a-be0a-d0ca88290fd3", "conditions": null, "created_at": "2025-07-05T08:22:45.006761+00:00", "updated_at": "2025-07-05T08:22:45.006761+00:00", "permission_id": "25f02415-d638-4b0c-b4f2-bfe3333be02e"}	\N	\N	\N	\N	t	\N	\N	2025-07-05 08:22:45.006761+00
4c213c95-d36b-4d73-a0c3-58237d7bd362	2025-07-05 08:22:45.006761+00	\N	\N	\N	INSERT	role_permissions	c8960444-1a15-4bf0-9454-6ed7049d97bb	\N	{"id": "c8960444-1a15-4bf0-9454-6ed7049d97bb", "role_id": "7a21ecd4-3b83-447a-be0a-d0ca88290fd3", "conditions": null, "created_at": "2025-07-05T08:22:45.006761+00:00", "updated_at": "2025-07-05T08:22:45.006761+00:00", "permission_id": "876c6f6e-8636-4b9f-993b-eef296282196"}	\N	\N	\N	\N	t	\N	\N	2025-07-05 08:22:45.006761+00
8a0654a5-8473-4d09-abff-9f1a8f56b212	2025-07-05 08:22:45.006761+00	\N	\N	\N	INSERT	role_permissions	36ec208a-f27a-448d-88d2-34e8cf4b0bcd	\N	{"id": "36ec208a-f27a-448d-88d2-34e8cf4b0bcd", "role_id": "7a21ecd4-3b83-447a-be0a-d0ca88290fd3", "conditions": null, "created_at": "2025-07-05T08:22:45.006761+00:00", "updated_at": "2025-07-05T08:22:45.006761+00:00", "permission_id": "887f8b0c-49cd-4334-984c-454777f9a8bf"}	\N	\N	\N	\N	t	\N	\N	2025-07-05 08:22:45.006761+00
c1eca66b-8293-43fe-ae96-9332c19f43a0	2025-07-05 08:22:45.006761+00	\N	\N	\N	INSERT	role_permissions	da0fe26e-ede0-43af-8f8a-58031cceb010	\N	{"id": "da0fe26e-ede0-43af-8f8a-58031cceb010", "role_id": "7a21ecd4-3b83-447a-be0a-d0ca88290fd3", "conditions": null, "created_at": "2025-07-05T08:22:45.006761+00:00", "updated_at": "2025-07-05T08:22:45.006761+00:00", "permission_id": "fbe571cc-b995-4211-935a-d3b5aae9d407"}	\N	\N	\N	\N	t	\N	\N	2025-07-05 08:22:45.006761+00
724fcc70-4f7f-483c-8e44-27fd6f9cb770	2025-07-05 08:22:45.006761+00	\N	\N	\N	INSERT	role_permissions	cb9d93f5-a2a4-4320-a7ba-268de3a07f0a	\N	{"id": "cb9d93f5-a2a4-4320-a7ba-268de3a07f0a", "role_id": "7a21ecd4-3b83-447a-be0a-d0ca88290fd3", "conditions": null, "created_at": "2025-07-05T08:22:45.006761+00:00", "updated_at": "2025-07-05T08:22:45.006761+00:00", "permission_id": "8275a6ba-f30b-4d40-9998-433520d431a9"}	\N	\N	\N	\N	t	\N	\N	2025-07-05 08:22:45.006761+00
6705f2ea-4237-4402-8532-4eaf60d2061f	2025-07-05 08:22:45.006761+00	\N	\N	\N	INSERT	role_permissions	11d17b6f-d231-498c-84c1-2487e358d9fe	\N	{"id": "11d17b6f-d231-498c-84c1-2487e358d9fe", "role_id": "7a21ecd4-3b83-447a-be0a-d0ca88290fd3", "conditions": null, "created_at": "2025-07-05T08:22:45.006761+00:00", "updated_at": "2025-07-05T08:22:45.006761+00:00", "permission_id": "7ec4298b-dd95-4257-8394-030fe0f0ed10"}	\N	\N	\N	\N	t	\N	\N	2025-07-05 08:22:45.006761+00
7acdcfb3-19c3-4099-b18e-184a803400b8	2025-07-05 08:22:45.006761+00	\N	\N	\N	INSERT	role_permissions	93b90024-09a8-4b43-b453-412be3a5b817	\N	{"id": "93b90024-09a8-4b43-b453-412be3a5b817", "role_id": "7a21ecd4-3b83-447a-be0a-d0ca88290fd3", "conditions": null, "created_at": "2025-07-05T08:22:45.006761+00:00", "updated_at": "2025-07-05T08:22:45.006761+00:00", "permission_id": "cc025fbb-a4cc-4ea7-aa3b-93df0e6e4e3c"}	\N	\N	\N	\N	t	\N	\N	2025-07-05 08:22:45.006761+00
894eb101-761c-482a-b095-a0e3ab809589	2025-07-05 08:22:45.006761+00	\N	\N	\N	INSERT	role_permissions	cc2332cc-0c92-4585-b4bb-5c6faa7b325f	\N	{"id": "cc2332cc-0c92-4585-b4bb-5c6faa7b325f", "role_id": "7a21ecd4-3b83-447a-be0a-d0ca88290fd3", "conditions": null, "created_at": "2025-07-05T08:22:45.006761+00:00", "updated_at": "2025-07-05T08:22:45.006761+00:00", "permission_id": "5b2182dc-58bb-4a5f-9f3a-6c062a1bbf6e"}	\N	\N	\N	\N	t	\N	\N	2025-07-05 08:22:45.006761+00
b774a539-d0bb-48c8-960b-4e74d62d8b0d	2025-07-05 08:22:45.006761+00	\N	\N	\N	INSERT	role_permissions	390c0f9e-9fa1-4eb4-8739-9ab114ddb28e	\N	{"id": "390c0f9e-9fa1-4eb4-8739-9ab114ddb28e", "role_id": "7a21ecd4-3b83-447a-be0a-d0ca88290fd3", "conditions": null, "created_at": "2025-07-05T08:22:45.006761+00:00", "updated_at": "2025-07-05T08:22:45.006761+00:00", "permission_id": "cc4e11ff-cb8d-435c-868d-349614942cac"}	\N	\N	\N	\N	t	\N	\N	2025-07-05 08:22:45.006761+00
b7fb592d-9707-4989-94ed-c362d0a8a2e6	2025-07-05 08:22:45.006761+00	\N	\N	\N	INSERT	role_permissions	39a54f36-bba7-4009-8df0-c2b86c21f260	\N	{"id": "39a54f36-bba7-4009-8df0-c2b86c21f260", "role_id": "7a21ecd4-3b83-447a-be0a-d0ca88290fd3", "conditions": null, "created_at": "2025-07-05T08:22:45.006761+00:00", "updated_at": "2025-07-05T08:22:45.006761+00:00", "permission_id": "82d2fc03-6cb4-4282-8cf2-80982e15a719"}	\N	\N	\N	\N	t	\N	\N	2025-07-05 08:22:45.006761+00
2a0d4d38-f1ef-493e-b604-0155d7c8ab9e	2025-07-05 08:22:45.006761+00	\N	\N	\N	INSERT	role_permissions	d7026b49-3767-4f3b-b7c4-0c075268966b	\N	{"id": "d7026b49-3767-4f3b-b7c4-0c075268966b", "role_id": "7a21ecd4-3b83-447a-be0a-d0ca88290fd3", "conditions": null, "created_at": "2025-07-05T08:22:45.006761+00:00", "updated_at": "2025-07-05T08:22:45.006761+00:00", "permission_id": "ca761e2a-e843-478a-a32b-f4275694dcec"}	\N	\N	\N	\N	t	\N	\N	2025-07-05 08:22:45.006761+00
22d16006-fd8c-4576-8bf4-a62ab69885cd	2025-07-05 08:22:45.006761+00	\N	\N	\N	INSERT	role_permissions	937a7a17-db1d-4ebb-8f34-41fd0bf662b5	\N	{"id": "937a7a17-db1d-4ebb-8f34-41fd0bf662b5", "role_id": "7a21ecd4-3b83-447a-be0a-d0ca88290fd3", "conditions": null, "created_at": "2025-07-05T08:22:45.006761+00:00", "updated_at": "2025-07-05T08:22:45.006761+00:00", "permission_id": "6baf6d05-223e-4f2f-bd02-31dede69c390"}	\N	\N	\N	\N	t	\N	\N	2025-07-05 08:22:45.006761+00
03417c54-046d-49a8-a14b-3d85ab15f26b	2025-07-05 08:22:45.006761+00	\N	\N	\N	INSERT	role_permissions	2c1c51fc-4057-4961-8fad-7c1b75a332af	\N	{"id": "2c1c51fc-4057-4961-8fad-7c1b75a332af", "role_id": "7a21ecd4-3b83-447a-be0a-d0ca88290fd3", "conditions": null, "created_at": "2025-07-05T08:22:45.006761+00:00", "updated_at": "2025-07-05T08:22:45.006761+00:00", "permission_id": "ccd2ef4e-b4a8-40ac-9810-06528f7dc4aa"}	\N	\N	\N	\N	t	\N	\N	2025-07-05 08:22:45.006761+00
bb507331-54db-478a-913c-4c4fe15b579d	2025-07-05 08:22:45.006761+00	\N	\N	\N	INSERT	role_permissions	9083dfb2-3289-4a59-8443-d7ef7104e67e	\N	{"id": "9083dfb2-3289-4a59-8443-d7ef7104e67e", "role_id": "7a21ecd4-3b83-447a-be0a-d0ca88290fd3", "conditions": null, "created_at": "2025-07-05T08:22:45.006761+00:00", "updated_at": "2025-07-05T08:22:45.006761+00:00", "permission_id": "0783a6e9-536d-4ccb-b91e-a6cdd62454c5"}	\N	\N	\N	\N	t	\N	\N	2025-07-05 08:22:45.006761+00
75db4a82-c3ad-418c-9eb2-a883e27e7d92	2025-07-05 08:22:45.006761+00	\N	\N	\N	INSERT	role_permissions	79c9aea6-eb68-47a4-93c3-efb41b8a7b99	\N	{"id": "79c9aea6-eb68-47a4-93c3-efb41b8a7b99", "role_id": "7a21ecd4-3b83-447a-be0a-d0ca88290fd3", "conditions": null, "created_at": "2025-07-05T08:22:45.006761+00:00", "updated_at": "2025-07-05T08:22:45.006761+00:00", "permission_id": "f467038b-0da7-4fb1-ad60-e5b33f8ff122"}	\N	\N	\N	\N	t	\N	\N	2025-07-05 08:22:45.006761+00
e810a55e-6020-4690-a6bd-a2a9017e65e8	2025-07-05 08:22:45.006761+00	\N	\N	\N	INSERT	role_permissions	ef733fbf-78b0-4a9d-b2cd-c1fb790d0649	\N	{"id": "ef733fbf-78b0-4a9d-b2cd-c1fb790d0649", "role_id": "7a21ecd4-3b83-447a-be0a-d0ca88290fd3", "conditions": null, "created_at": "2025-07-05T08:22:45.006761+00:00", "updated_at": "2025-07-05T08:22:45.006761+00:00", "permission_id": "803316d0-40ff-4e7e-8a5a-2eb18d5ca7a5"}	\N	\N	\N	\N	t	\N	\N	2025-07-05 08:22:45.006761+00
07fc85a4-1b49-4f1e-b2ad-1aecf0449b31	2025-07-05 08:22:45.006761+00	\N	\N	\N	INSERT	role_permissions	b6bb251b-bb80-428d-9b10-8a0b566dc7e7	\N	{"id": "b6bb251b-bb80-428d-9b10-8a0b566dc7e7", "role_id": "7a21ecd4-3b83-447a-be0a-d0ca88290fd3", "conditions": null, "created_at": "2025-07-05T08:22:45.006761+00:00", "updated_at": "2025-07-05T08:22:45.006761+00:00", "permission_id": "86fe1e4c-0876-4168-b336-98efd718480c"}	\N	\N	\N	\N	t	\N	\N	2025-07-05 08:22:45.006761+00
2ee0bb82-dc3a-4c4c-8d8e-998aea044b5c	2025-07-05 08:22:45.006761+00	\N	\N	\N	INSERT	role_permissions	4c2fce07-1a5e-4c67-af85-f63683e1b174	\N	{"id": "4c2fce07-1a5e-4c67-af85-f63683e1b174", "role_id": "7a21ecd4-3b83-447a-be0a-d0ca88290fd3", "conditions": null, "created_at": "2025-07-05T08:22:45.006761+00:00", "updated_at": "2025-07-05T08:22:45.006761+00:00", "permission_id": "3f202022-c99c-4675-b66a-104200c5f3d2"}	\N	\N	\N	\N	t	\N	\N	2025-07-05 08:22:45.006761+00
9b38fb74-5f17-4c78-a0e3-9eeaeec08c34	2025-07-05 08:22:45.006761+00	\N	\N	\N	INSERT	role_permissions	0915bd61-ba03-4313-8b14-065207d6c236	\N	{"id": "0915bd61-ba03-4313-8b14-065207d6c236", "role_id": "7a21ecd4-3b83-447a-be0a-d0ca88290fd3", "conditions": null, "created_at": "2025-07-05T08:22:45.006761+00:00", "updated_at": "2025-07-05T08:22:45.006761+00:00", "permission_id": "db0c2f6d-b12e-4d2d-938b-cf7131d9f9ef"}	\N	\N	\N	\N	t	\N	\N	2025-07-05 08:22:45.006761+00
5d132d02-321d-4d7b-a6a1-79192f153058	2025-07-05 08:22:45.006761+00	\N	\N	\N	INSERT	role_permissions	80e454d0-e0a0-4b01-a657-bcd5466aa986	\N	{"id": "80e454d0-e0a0-4b01-a657-bcd5466aa986", "role_id": "7a21ecd4-3b83-447a-be0a-d0ca88290fd3", "conditions": null, "created_at": "2025-07-05T08:22:45.006761+00:00", "updated_at": "2025-07-05T08:22:45.006761+00:00", "permission_id": "ed44bdc8-6724-4517-a002-213d250c586a"}	\N	\N	\N	\N	t	\N	\N	2025-07-05 08:22:45.006761+00
e1edbefe-e4a0-46c7-a68a-06b69c60d0d7	2025-07-05 08:22:45.006761+00	\N	\N	\N	INSERT	role_permissions	6735f340-22d3-4a43-8a1a-5f5cd3969798	\N	{"id": "6735f340-22d3-4a43-8a1a-5f5cd3969798", "role_id": "7a21ecd4-3b83-447a-be0a-d0ca88290fd3", "conditions": null, "created_at": "2025-07-05T08:22:45.006761+00:00", "updated_at": "2025-07-05T08:22:45.006761+00:00", "permission_id": "6e0e70d1-9ba9-49a2-86a4-29be8a92b1e3"}	\N	\N	\N	\N	t	\N	\N	2025-07-05 08:22:45.006761+00
c4a3c192-a63b-437c-80d9-07e2362c79d2	2025-07-05 08:22:45.006761+00	\N	\N	\N	INSERT	role_permissions	70e24826-a547-49d3-9a9e-0f2e1477e4a2	\N	{"id": "70e24826-a547-49d3-9a9e-0f2e1477e4a2", "role_id": "7a21ecd4-3b83-447a-be0a-d0ca88290fd3", "conditions": null, "created_at": "2025-07-05T08:22:45.006761+00:00", "updated_at": "2025-07-05T08:22:45.006761+00:00", "permission_id": "c5f62b4b-b85a-4e4f-a544-87853fa8baf9"}	\N	\N	\N	\N	t	\N	\N	2025-07-05 08:22:45.006761+00
0d4799fb-3def-41ed-82ef-a3bdae4c4038	2025-07-05 08:22:45.006761+00	\N	\N	\N	INSERT	role_permissions	d325d61a-fc85-429a-ae00-632ae1e762b5	\N	{"id": "d325d61a-fc85-429a-ae00-632ae1e762b5", "role_id": "7a21ecd4-3b83-447a-be0a-d0ca88290fd3", "conditions": null, "created_at": "2025-07-05T08:22:45.006761+00:00", "updated_at": "2025-07-05T08:22:45.006761+00:00", "permission_id": "41cb9e7b-ea0c-4607-aadb-09c3315e1b77"}	\N	\N	\N	\N	t	\N	\N	2025-07-05 08:22:45.006761+00
4e06b009-a20d-467c-94ec-903c76ae1ce6	2025-07-05 08:22:45.006761+00	\N	\N	\N	INSERT	role_permissions	c1ce001d-49fd-4900-b5d7-1f917fd09d65	\N	{"id": "c1ce001d-49fd-4900-b5d7-1f917fd09d65", "role_id": "7a21ecd4-3b83-447a-be0a-d0ca88290fd3", "conditions": null, "created_at": "2025-07-05T08:22:45.006761+00:00", "updated_at": "2025-07-05T08:22:45.006761+00:00", "permission_id": "dc470401-f19d-41d7-99df-df7151f15c20"}	\N	\N	\N	\N	t	\N	\N	2025-07-05 08:22:45.006761+00
3baf3aed-a018-4e5a-863e-ff2c0be704e8	2025-07-05 08:22:45.006761+00	\N	\N	\N	INSERT	role_permissions	fac35cc0-bffb-4b3b-9ccb-729efb21c685	\N	{"id": "fac35cc0-bffb-4b3b-9ccb-729efb21c685", "role_id": "7a21ecd4-3b83-447a-be0a-d0ca88290fd3", "conditions": null, "created_at": "2025-07-05T08:22:45.006761+00:00", "updated_at": "2025-07-05T08:22:45.006761+00:00", "permission_id": "a200aa97-212a-4253-a7c0-fc96d6b804ef"}	\N	\N	\N	\N	t	\N	\N	2025-07-05 08:22:45.006761+00
b7687c44-d92f-4d49-be54-37e70a3f6b67	2025-07-05 08:22:45.006761+00	\N	\N	\N	INSERT	role_permissions	7ab1ccf8-7ad6-4124-a9f4-7b85a2f69d80	\N	{"id": "7ab1ccf8-7ad6-4124-a9f4-7b85a2f69d80", "role_id": "7a21ecd4-3b83-447a-be0a-d0ca88290fd3", "conditions": null, "created_at": "2025-07-05T08:22:45.006761+00:00", "updated_at": "2025-07-05T08:22:45.006761+00:00", "permission_id": "25d5c4ad-c4e1-48de-8917-03ee38620ca8"}	\N	\N	\N	\N	t	\N	\N	2025-07-05 08:22:45.006761+00
05ee321b-ff23-46e7-b1fd-def3d7cd1dc0	2025-07-05 08:22:45.006761+00	\N	\N	\N	INSERT	role_permissions	640dbca1-602f-4931-b7d2-5082a4f34da1	\N	{"id": "640dbca1-602f-4931-b7d2-5082a4f34da1", "role_id": "7a21ecd4-3b83-447a-be0a-d0ca88290fd3", "conditions": null, "created_at": "2025-07-05T08:22:45.006761+00:00", "updated_at": "2025-07-05T08:22:45.006761+00:00", "permission_id": "c1562bcd-2596-4d3d-8e1e-a4eab2b3c2a8"}	\N	\N	\N	\N	t	\N	\N	2025-07-05 08:22:45.006761+00
e1401766-958b-4da9-8976-a7f537a08345	2025-07-05 08:22:45.006761+00	\N	\N	\N	INSERT	role_permissions	23bc0422-f47f-420f-8f7a-1107de79cc40	\N	{"id": "23bc0422-f47f-420f-8f7a-1107de79cc40", "role_id": "7a21ecd4-3b83-447a-be0a-d0ca88290fd3", "conditions": null, "created_at": "2025-07-05T08:22:45.006761+00:00", "updated_at": "2025-07-05T08:22:45.006761+00:00", "permission_id": "f20efbe3-1af3-49b4-8cc1-0e840f753471"}	\N	\N	\N	\N	t	\N	\N	2025-07-05 08:22:45.006761+00
1db514b9-5e82-47e2-a0a8-b2a93089572c	2025-07-05 08:22:45.006761+00	\N	\N	\N	INSERT	role_permissions	9b83f27f-b32a-40e8-ad26-abeb8574c7f9	\N	{"id": "9b83f27f-b32a-40e8-ad26-abeb8574c7f9", "role_id": "7a21ecd4-3b83-447a-be0a-d0ca88290fd3", "conditions": null, "created_at": "2025-07-05T08:22:45.006761+00:00", "updated_at": "2025-07-05T08:22:45.006761+00:00", "permission_id": "f9d1b185-4f31-42e1-8d6e-95ab9db68708"}	\N	\N	\N	\N	t	\N	\N	2025-07-05 08:22:45.006761+00
7ac76615-9549-492b-9eed-274f35a102c1	2025-07-05 08:22:45.006761+00	\N	\N	\N	INSERT	role_permissions	26263643-5cb6-49a5-86eb-156d39bc4c6a	\N	{"id": "26263643-5cb6-49a5-86eb-156d39bc4c6a", "role_id": "7a21ecd4-3b83-447a-be0a-d0ca88290fd3", "conditions": null, "created_at": "2025-07-05T08:22:45.006761+00:00", "updated_at": "2025-07-05T08:22:45.006761+00:00", "permission_id": "6f81c1c2-c026-4817-a1ed-38fe45882569"}	\N	\N	\N	\N	t	\N	\N	2025-07-05 08:22:45.006761+00
9c3ea3f5-940e-4634-be21-824a991732a3	2025-07-05 08:22:45.006761+00	\N	\N	\N	INSERT	role_permissions	f1179c82-e741-4809-a666-e5d6e458a71b	\N	{"id": "f1179c82-e741-4809-a666-e5d6e458a71b", "role_id": "7a21ecd4-3b83-447a-be0a-d0ca88290fd3", "conditions": null, "created_at": "2025-07-05T08:22:45.006761+00:00", "updated_at": "2025-07-05T08:22:45.006761+00:00", "permission_id": "eeedfd8d-d5ac-4886-bdc9-6c6965d31505"}	\N	\N	\N	\N	t	\N	\N	2025-07-05 08:22:45.006761+00
16e74c33-65a1-4e58-804a-a41ebf7e99a0	2025-07-05 08:22:45.006761+00	\N	\N	\N	INSERT	role_permissions	310db3f0-fa2c-455e-b2c6-381bb73340db	\N	{"id": "310db3f0-fa2c-455e-b2c6-381bb73340db", "role_id": "7a21ecd4-3b83-447a-be0a-d0ca88290fd3", "conditions": null, "created_at": "2025-07-05T08:22:45.006761+00:00", "updated_at": "2025-07-05T08:22:45.006761+00:00", "permission_id": "0f1815f0-50c2-436f-bc61-22c6b6d21062"}	\N	\N	\N	\N	t	\N	\N	2025-07-05 08:22:45.006761+00
47d49774-690b-4141-a06a-3a65b3d6ffb7	2025-07-05 08:22:45.006761+00	\N	\N	\N	INSERT	role_permissions	b0097034-15a7-4408-9697-5961fd355921	\N	{"id": "b0097034-15a7-4408-9697-5961fd355921", "role_id": "7a21ecd4-3b83-447a-be0a-d0ca88290fd3", "conditions": null, "created_at": "2025-07-05T08:22:45.006761+00:00", "updated_at": "2025-07-05T08:22:45.006761+00:00", "permission_id": "54108c8b-e545-4efb-beed-0c7646f23854"}	\N	\N	\N	\N	t	\N	\N	2025-07-05 08:22:45.006761+00
7d8a3c51-d515-4423-90a5-f2a287a6b312	2025-07-05 08:22:45.006761+00	\N	\N	\N	INSERT	role_permissions	ec8aae87-c288-4cf7-b8ff-b92df7bfead6	\N	{"id": "ec8aae87-c288-4cf7-b8ff-b92df7bfead6", "role_id": "7a21ecd4-3b83-447a-be0a-d0ca88290fd3", "conditions": null, "created_at": "2025-07-05T08:22:45.006761+00:00", "updated_at": "2025-07-05T08:22:45.006761+00:00", "permission_id": "2d763a2a-ed1b-46c6-973b-a76c4cdcb34b"}	\N	\N	\N	\N	t	\N	\N	2025-07-05 08:22:45.006761+00
d0dadc58-9d7c-4889-91ba-533ba8a4aecf	2025-07-05 08:22:45.006761+00	\N	\N	\N	INSERT	role_permissions	56510f07-3828-4eb9-9ae9-194d71c506e7	\N	{"id": "56510f07-3828-4eb9-9ae9-194d71c506e7", "role_id": "7a21ecd4-3b83-447a-be0a-d0ca88290fd3", "conditions": null, "created_at": "2025-07-05T08:22:45.006761+00:00", "updated_at": "2025-07-05T08:22:45.006761+00:00", "permission_id": "77150743-b132-4b11-8685-ad08cce3425a"}	\N	\N	\N	\N	t	\N	\N	2025-07-05 08:22:45.006761+00
744b4e57-8325-4e9b-8fef-8e4897faf49d	2025-07-05 08:22:45.006761+00	\N	\N	\N	INSERT	role_permissions	621c996a-933b-44a2-88dd-a993a4b7dc8c	\N	{"id": "621c996a-933b-44a2-88dd-a993a4b7dc8c", "role_id": "7a21ecd4-3b83-447a-be0a-d0ca88290fd3", "conditions": null, "created_at": "2025-07-05T08:22:45.006761+00:00", "updated_at": "2025-07-05T08:22:45.006761+00:00", "permission_id": "d388e831-cf6c-430c-8bcd-b07827dfcd7f"}	\N	\N	\N	\N	t	\N	\N	2025-07-05 08:22:45.006761+00
952d5eae-50a1-4d81-a778-08c8dcfb7217	2025-07-05 08:22:45.006761+00	\N	\N	\N	INSERT	role_permissions	aca3f0eb-72c5-41ac-a06c-ff76a8db6f70	\N	{"id": "aca3f0eb-72c5-41ac-a06c-ff76a8db6f70", "role_id": "7a21ecd4-3b83-447a-be0a-d0ca88290fd3", "conditions": null, "created_at": "2025-07-05T08:22:45.006761+00:00", "updated_at": "2025-07-05T08:22:45.006761+00:00", "permission_id": "8b40f002-1065-4a03-a9c4-f774f98b68af"}	\N	\N	\N	\N	t	\N	\N	2025-07-05 08:22:45.006761+00
ae2ac182-21c7-46fa-a42e-31421bb244d0	2025-07-05 08:22:45.006761+00	\N	\N	\N	INSERT	role_permissions	f6f4af5b-8b04-4af6-bf04-e2c0d1d1715a	\N	{"id": "f6f4af5b-8b04-4af6-bf04-e2c0d1d1715a", "role_id": "7a21ecd4-3b83-447a-be0a-d0ca88290fd3", "conditions": null, "created_at": "2025-07-05T08:22:45.006761+00:00", "updated_at": "2025-07-05T08:22:45.006761+00:00", "permission_id": "f491df38-07bd-4b12-bd90-c8b96bb0618c"}	\N	\N	\N	\N	t	\N	\N	2025-07-05 08:22:45.006761+00
4cdc7214-1268-4e5b-8906-c2c153d1778c	2025-07-05 08:22:45.006761+00	\N	\N	\N	INSERT	role_permissions	0ac2059e-6f15-4334-b567-0cc58aef8fca	\N	{"id": "0ac2059e-6f15-4334-b567-0cc58aef8fca", "role_id": "7a21ecd4-3b83-447a-be0a-d0ca88290fd3", "conditions": null, "created_at": "2025-07-05T08:22:45.006761+00:00", "updated_at": "2025-07-05T08:22:45.006761+00:00", "permission_id": "ab9aca4d-925a-48bf-85c8-34af730792c3"}	\N	\N	\N	\N	t	\N	\N	2025-07-05 08:22:45.006761+00
7855b10f-58f7-47cb-a2a4-d04a0629d5dd	2025-07-05 08:22:45.006761+00	\N	\N	\N	INSERT	role_permissions	900c99a4-3eeb-462c-b982-836a6a93c592	\N	{"id": "900c99a4-3eeb-462c-b982-836a6a93c592", "role_id": "7a21ecd4-3b83-447a-be0a-d0ca88290fd3", "conditions": null, "created_at": "2025-07-05T08:22:45.006761+00:00", "updated_at": "2025-07-05T08:22:45.006761+00:00", "permission_id": "8fb4e255-ae5d-4417-8267-799459f1d98f"}	\N	\N	\N	\N	t	\N	\N	2025-07-05 08:22:45.006761+00
785553b2-9662-4e17-b90e-0003bc086048	2025-07-05 08:22:45.006761+00	\N	\N	\N	INSERT	role_permissions	c63f2c34-0d23-4dc8-a505-b7d687039b24	\N	{"id": "c63f2c34-0d23-4dc8-a505-b7d687039b24", "role_id": "7a21ecd4-3b83-447a-be0a-d0ca88290fd3", "conditions": null, "created_at": "2025-07-05T08:22:45.006761+00:00", "updated_at": "2025-07-05T08:22:45.006761+00:00", "permission_id": "f09b9106-f475-4adc-aa2b-57f8765792db"}	\N	\N	\N	\N	t	\N	\N	2025-07-05 08:22:45.006761+00
bd33b00c-446f-4a73-b10c-1ca853881976	2025-07-05 08:22:45.006761+00	\N	\N	\N	INSERT	role_permissions	6b59f12e-6c52-4bcb-b512-6e34ce5bdbe8	\N	{"id": "6b59f12e-6c52-4bcb-b512-6e34ce5bdbe8", "role_id": "7a21ecd4-3b83-447a-be0a-d0ca88290fd3", "conditions": null, "created_at": "2025-07-05T08:22:45.006761+00:00", "updated_at": "2025-07-05T08:22:45.006761+00:00", "permission_id": "0989f4ca-7d35-4621-9c78-9aeb4bbeff19"}	\N	\N	\N	\N	t	\N	\N	2025-07-05 08:22:45.006761+00
fd3a003d-56b2-4187-b23d-4060ec5ce6f5	2025-07-05 08:22:45.006761+00	\N	\N	\N	INSERT	role_permissions	6c5030d1-8a91-4e7c-90f0-14d89318a4bc	\N	{"id": "6c5030d1-8a91-4e7c-90f0-14d89318a4bc", "role_id": "7a21ecd4-3b83-447a-be0a-d0ca88290fd3", "conditions": null, "created_at": "2025-07-05T08:22:45.006761+00:00", "updated_at": "2025-07-05T08:22:45.006761+00:00", "permission_id": "d958e56a-97ed-479a-84c0-cc9cde20c011"}	\N	\N	\N	\N	t	\N	\N	2025-07-05 08:22:45.006761+00
e6b22a65-5787-4ecc-beb1-448e1e939672	2025-07-05 08:22:45.006761+00	\N	\N	\N	INSERT	role_permissions	cb52e4b1-153d-4e1a-8886-4242980b0972	\N	{"id": "cb52e4b1-153d-4e1a-8886-4242980b0972", "role_id": "7a21ecd4-3b83-447a-be0a-d0ca88290fd3", "conditions": null, "created_at": "2025-07-05T08:22:45.006761+00:00", "updated_at": "2025-07-05T08:22:45.006761+00:00", "permission_id": "49c0ec14-8d91-4968-85ed-57609b4f90ec"}	\N	\N	\N	\N	t	\N	\N	2025-07-05 08:22:45.006761+00
7647f45e-edfc-42ad-b713-49408b81e87d	2025-07-05 08:22:45.006761+00	\N	\N	\N	INSERT	role_permissions	25956747-5ee9-4880-a442-547b87015ab6	\N	{"id": "25956747-5ee9-4880-a442-547b87015ab6", "role_id": "7a21ecd4-3b83-447a-be0a-d0ca88290fd3", "conditions": null, "created_at": "2025-07-05T08:22:45.006761+00:00", "updated_at": "2025-07-05T08:22:45.006761+00:00", "permission_id": "e373bee8-54c5-4ba4-b7c3-f3f35b4e9127"}	\N	\N	\N	\N	t	\N	\N	2025-07-05 08:22:45.006761+00
9e804789-9ca9-42c7-adc5-d806cf8367ab	2025-07-05 08:22:45.006761+00	\N	\N	\N	INSERT	role_permissions	5df75369-800c-4ae0-bbe1-c99c4fdf7587	\N	{"id": "5df75369-800c-4ae0-bbe1-c99c4fdf7587", "role_id": "7a21ecd4-3b83-447a-be0a-d0ca88290fd3", "conditions": null, "created_at": "2025-07-05T08:22:45.006761+00:00", "updated_at": "2025-07-05T08:22:45.006761+00:00", "permission_id": "4a24ba61-b71c-4b23-84fb-265eefc0135e"}	\N	\N	\N	\N	t	\N	\N	2025-07-05 08:22:45.006761+00
817963e0-9a7a-4263-8432-97a46627a1a2	2025-07-05 08:22:45.006761+00	\N	\N	\N	INSERT	role_permissions	865ed70b-7651-46de-ba7b-15beac8f2570	\N	{"id": "865ed70b-7651-46de-ba7b-15beac8f2570", "role_id": "7a21ecd4-3b83-447a-be0a-d0ca88290fd3", "conditions": null, "created_at": "2025-07-05T08:22:45.006761+00:00", "updated_at": "2025-07-05T08:22:45.006761+00:00", "permission_id": "6b925f8b-6fb3-4ee7-b663-ec288be7d9fb"}	\N	\N	\N	\N	t	\N	\N	2025-07-05 08:22:45.006761+00
6bcc1ab9-299e-4118-b457-0134787f0fb0	2025-07-05 08:22:45.006761+00	\N	\N	\N	INSERT	role_permissions	24bbb80f-288c-4632-a7c4-c0a4a008070d	\N	{"id": "24bbb80f-288c-4632-a7c4-c0a4a008070d", "role_id": "7a21ecd4-3b83-447a-be0a-d0ca88290fd3", "conditions": null, "created_at": "2025-07-05T08:22:45.006761+00:00", "updated_at": "2025-07-05T08:22:45.006761+00:00", "permission_id": "c8424ee5-21c2-4315-b82f-539e8b0b9478"}	\N	\N	\N	\N	t	\N	\N	2025-07-05 08:22:45.006761+00
9c4118c3-ec50-4df2-849b-fc0ae8747679	2025-07-05 08:22:45.006761+00	\N	\N	\N	INSERT	role_permissions	b4393b7b-28cd-4cf1-9e52-72e2a2bf0489	\N	{"id": "b4393b7b-28cd-4cf1-9e52-72e2a2bf0489", "role_id": "7a21ecd4-3b83-447a-be0a-d0ca88290fd3", "conditions": null, "created_at": "2025-07-05T08:22:45.006761+00:00", "updated_at": "2025-07-05T08:22:45.006761+00:00", "permission_id": "9616efe3-7a2c-46e5-97e4-1b70ff7346c4"}	\N	\N	\N	\N	t	\N	\N	2025-07-05 08:22:45.006761+00
ccf149fc-5e8a-44e4-b269-9b75ef214b3e	2025-07-05 08:22:45.006761+00	\N	\N	\N	INSERT	role_permissions	8026b872-dfc7-45db-a36a-34ec2c85488a	\N	{"id": "8026b872-dfc7-45db-a36a-34ec2c85488a", "role_id": "7a21ecd4-3b83-447a-be0a-d0ca88290fd3", "conditions": null, "created_at": "2025-07-05T08:22:45.006761+00:00", "updated_at": "2025-07-05T08:22:45.006761+00:00", "permission_id": "f1ea3333-8274-4b2a-9781-501851a929b5"}	\N	\N	\N	\N	t	\N	\N	2025-07-05 08:22:45.006761+00
f84633f1-2816-4e9c-88c7-e358388c6f65	2025-07-05 08:22:45.006761+00	\N	\N	\N	INSERT	role_permissions	bbcf1f5b-5ca8-4ffd-95ad-05399d4a1976	\N	{"id": "bbcf1f5b-5ca8-4ffd-95ad-05399d4a1976", "role_id": "7a21ecd4-3b83-447a-be0a-d0ca88290fd3", "conditions": null, "created_at": "2025-07-05T08:22:45.006761+00:00", "updated_at": "2025-07-05T08:22:45.006761+00:00", "permission_id": "8ec393b6-9a3f-48e3-a258-184e87b5e216"}	\N	\N	\N	\N	t	\N	\N	2025-07-05 08:22:45.006761+00
b11d38f2-2b72-4261-8626-f684baa41775	2025-07-05 08:22:45.006761+00	\N	\N	\N	INSERT	role_permissions	b23cf453-db39-4f89-acac-9c3074fb9f90	\N	{"id": "b23cf453-db39-4f89-acac-9c3074fb9f90", "role_id": "7a21ecd4-3b83-447a-be0a-d0ca88290fd3", "conditions": null, "created_at": "2025-07-05T08:22:45.006761+00:00", "updated_at": "2025-07-05T08:22:45.006761+00:00", "permission_id": "ddd61a2f-edcf-49de-b90d-8f77288e6454"}	\N	\N	\N	\N	t	\N	\N	2025-07-05 08:22:45.006761+00
fcfc78d8-c042-44bd-9daf-fabc40c66fa8	2025-07-05 08:22:45.006761+00	\N	\N	\N	INSERT	role_permissions	f1f05b25-dadc-4060-ad05-9128e37ebe15	\N	{"id": "f1f05b25-dadc-4060-ad05-9128e37ebe15", "role_id": "7a21ecd4-3b83-447a-be0a-d0ca88290fd3", "conditions": null, "created_at": "2025-07-05T08:22:45.006761+00:00", "updated_at": "2025-07-05T08:22:45.006761+00:00", "permission_id": "113ad1a5-33b6-4338-9bee-40de185559ca"}	\N	\N	\N	\N	t	\N	\N	2025-07-05 08:22:45.006761+00
f3e0984d-c2be-4114-a520-e37e92154354	2025-07-05 08:22:45.006761+00	\N	\N	\N	INSERT	role_permissions	79f32aff-9a41-4662-bce1-5ad90e9a29d1	\N	{"id": "79f32aff-9a41-4662-bce1-5ad90e9a29d1", "role_id": "7a21ecd4-3b83-447a-be0a-d0ca88290fd3", "conditions": null, "created_at": "2025-07-05T08:22:45.006761+00:00", "updated_at": "2025-07-05T08:22:45.006761+00:00", "permission_id": "001b6665-b03a-430f-a28b-47c5a0db6b18"}	\N	\N	\N	\N	t	\N	\N	2025-07-05 08:22:45.006761+00
232dcfd9-435f-40da-884b-8f0972860a9b	2025-07-05 08:22:45.006761+00	\N	\N	\N	INSERT	role_permissions	6e92b2d9-36c1-4b29-ad18-3d3cec5aa5f9	\N	{"id": "6e92b2d9-36c1-4b29-ad18-3d3cec5aa5f9", "role_id": "7a21ecd4-3b83-447a-be0a-d0ca88290fd3", "conditions": null, "created_at": "2025-07-05T08:22:45.006761+00:00", "updated_at": "2025-07-05T08:22:45.006761+00:00", "permission_id": "2b81a98a-967a-4b73-8e60-c5f13669412e"}	\N	\N	\N	\N	t	\N	\N	2025-07-05 08:22:45.006761+00
d3dc011f-8bca-4ca3-84bb-bdeebba44009	2025-07-05 08:22:45.006761+00	\N	\N	\N	INSERT	role_permissions	4cf964f2-9a99-4426-98f0-7d33bb3a4592	\N	{"id": "4cf964f2-9a99-4426-98f0-7d33bb3a4592", "role_id": "7a21ecd4-3b83-447a-be0a-d0ca88290fd3", "conditions": null, "created_at": "2025-07-05T08:22:45.006761+00:00", "updated_at": "2025-07-05T08:22:45.006761+00:00", "permission_id": "936baa6d-1c78-4cf6-8f5f-d6f5138d7077"}	\N	\N	\N	\N	t	\N	\N	2025-07-05 08:22:45.006761+00
48a576cd-9e66-42fe-b7d6-d17701e4bd30	2025-07-05 08:22:45.006761+00	\N	\N	\N	INSERT	role_permissions	8c9c07da-38b9-432c-986c-16b16b0fa44e	\N	{"id": "8c9c07da-38b9-432c-986c-16b16b0fa44e", "role_id": "7a21ecd4-3b83-447a-be0a-d0ca88290fd3", "conditions": null, "created_at": "2025-07-05T08:22:45.006761+00:00", "updated_at": "2025-07-05T08:22:45.006761+00:00", "permission_id": "40ada269-3ca7-43d7-9c43-19f0c57167d1"}	\N	\N	\N	\N	t	\N	\N	2025-07-05 08:22:45.006761+00
54dface7-d638-4c8a-8029-308d1bc3920c	2025-07-05 08:22:45.006761+00	\N	\N	\N	INSERT	role_permissions	9d7edbef-d45f-4a05-91fb-ad43097ca7bf	\N	{"id": "9d7edbef-d45f-4a05-91fb-ad43097ca7bf", "role_id": "7a21ecd4-3b83-447a-be0a-d0ca88290fd3", "conditions": null, "created_at": "2025-07-05T08:22:45.006761+00:00", "updated_at": "2025-07-05T08:22:45.006761+00:00", "permission_id": "82b627b7-a0fd-44e4-9d97-f753cb647508"}	\N	\N	\N	\N	t	\N	\N	2025-07-05 08:22:45.006761+00
44c36342-bde0-44c6-959c-91e1d319f507	2025-07-05 08:22:45.006761+00	\N	\N	\N	INSERT	role_permissions	7b2daae5-e69f-43df-a7fa-e2a34f1cfda8	\N	{"id": "7b2daae5-e69f-43df-a7fa-e2a34f1cfda8", "role_id": "7a21ecd4-3b83-447a-be0a-d0ca88290fd3", "conditions": null, "created_at": "2025-07-05T08:22:45.006761+00:00", "updated_at": "2025-07-05T08:22:45.006761+00:00", "permission_id": "5349c356-154f-4fd5-8af8-627b08afb275"}	\N	\N	\N	\N	t	\N	\N	2025-07-05 08:22:45.006761+00
78dd1268-efa1-4244-ab66-88f9c6f7d94e	2025-07-05 08:22:45.006761+00	\N	\N	\N	INSERT	role_permissions	d8679126-93c4-4a75-a0c1-fc4570808671	\N	{"id": "d8679126-93c4-4a75-a0c1-fc4570808671", "role_id": "7a21ecd4-3b83-447a-be0a-d0ca88290fd3", "conditions": null, "created_at": "2025-07-05T08:22:45.006761+00:00", "updated_at": "2025-07-05T08:22:45.006761+00:00", "permission_id": "f526e477-e567-42a6-9fd3-f96d71130646"}	\N	\N	\N	\N	t	\N	\N	2025-07-05 08:22:45.006761+00
b84924d0-9d68-41cd-82ab-d52401174a35	2025-07-05 08:22:45.006761+00	\N	\N	\N	INSERT	role_permissions	6eeca511-a603-42cf-987a-4ca941bebce2	\N	{"id": "6eeca511-a603-42cf-987a-4ca941bebce2", "role_id": "7a21ecd4-3b83-447a-be0a-d0ca88290fd3", "conditions": null, "created_at": "2025-07-05T08:22:45.006761+00:00", "updated_at": "2025-07-05T08:22:45.006761+00:00", "permission_id": "ac5e7b8e-7376-4d08-a8eb-255f8f5f557f"}	\N	\N	\N	\N	t	\N	\N	2025-07-05 08:22:45.006761+00
dbe919a4-f4a1-408b-9b01-a1d31827c822	2025-07-05 08:22:45.006761+00	\N	\N	\N	INSERT	role_permissions	515c88a6-0ade-4874-b20f-8e3f618664f7	\N	{"id": "515c88a6-0ade-4874-b20f-8e3f618664f7", "role_id": "7a21ecd4-3b83-447a-be0a-d0ca88290fd3", "conditions": null, "created_at": "2025-07-05T08:22:45.006761+00:00", "updated_at": "2025-07-05T08:22:45.006761+00:00", "permission_id": "05b6489f-fdd9-4ccb-b1fb-d35dc654ba41"}	\N	\N	\N	\N	t	\N	\N	2025-07-05 08:22:45.006761+00
62c38be2-d4ed-4b2b-8366-f0365c9c36b4	2025-07-05 08:22:45.006761+00	\N	\N	\N	INSERT	role_permissions	29458708-0887-498f-a970-79bc28d58d7d	\N	{"id": "29458708-0887-498f-a970-79bc28d58d7d", "role_id": "7a21ecd4-3b83-447a-be0a-d0ca88290fd3", "conditions": null, "created_at": "2025-07-05T08:22:45.006761+00:00", "updated_at": "2025-07-05T08:22:45.006761+00:00", "permission_id": "d028c58e-3342-474c-b9fc-607dc4ec8c01"}	\N	\N	\N	\N	t	\N	\N	2025-07-05 08:22:45.006761+00
722c6913-b9f6-4295-8d7a-087f4d0883b9	2025-07-05 08:22:45.006761+00	\N	\N	\N	INSERT	role_permissions	1c92a0ef-4093-4e9d-ba86-bd1546494ded	\N	{"id": "1c92a0ef-4093-4e9d-ba86-bd1546494ded", "role_id": "7a21ecd4-3b83-447a-be0a-d0ca88290fd3", "conditions": null, "created_at": "2025-07-05T08:22:45.006761+00:00", "updated_at": "2025-07-05T08:22:45.006761+00:00", "permission_id": "22883459-23f8-4441-b8ea-6d96a6afa3d1"}	\N	\N	\N	\N	t	\N	\N	2025-07-05 08:22:45.006761+00
cabe2903-a5d5-40c7-96fb-0f84276085b4	2025-07-05 08:22:45.006761+00	\N	\N	\N	INSERT	role_permissions	dd18de13-62d0-4c12-bb65-4cb10551d3ce	\N	{"id": "dd18de13-62d0-4c12-bb65-4cb10551d3ce", "role_id": "7a21ecd4-3b83-447a-be0a-d0ca88290fd3", "conditions": null, "created_at": "2025-07-05T08:22:45.006761+00:00", "updated_at": "2025-07-05T08:22:45.006761+00:00", "permission_id": "7ff8453f-e9ef-4a9f-b7d7-ab6844edcec1"}	\N	\N	\N	\N	t	\N	\N	2025-07-05 08:22:45.006761+00
e7018d0d-63fe-45ab-b95a-fffb01025470	2025-07-05 08:22:45.006761+00	\N	\N	\N	INSERT	role_permissions	5371b0b7-79c0-4962-8fb0-368226dcdaae	\N	{"id": "5371b0b7-79c0-4962-8fb0-368226dcdaae", "role_id": "7a21ecd4-3b83-447a-be0a-d0ca88290fd3", "conditions": null, "created_at": "2025-07-05T08:22:45.006761+00:00", "updated_at": "2025-07-05T08:22:45.006761+00:00", "permission_id": "21b23221-4ed5-427e-b998-b8b87a6670bc"}	\N	\N	\N	\N	t	\N	\N	2025-07-05 08:22:45.006761+00
7ae6ea71-75fd-43cf-bd5f-04ca479eb4c7	2025-07-05 08:22:45.006761+00	\N	\N	\N	INSERT	role_permissions	15802d84-0264-4b6f-93f1-c675af723f10	\N	{"id": "15802d84-0264-4b6f-93f1-c675af723f10", "role_id": "7a21ecd4-3b83-447a-be0a-d0ca88290fd3", "conditions": null, "created_at": "2025-07-05T08:22:45.006761+00:00", "updated_at": "2025-07-05T08:22:45.006761+00:00", "permission_id": "c0d59653-1c6c-4a05-8359-bbdfb4e2df63"}	\N	\N	\N	\N	t	\N	\N	2025-07-05 08:22:45.006761+00
c9edf5d5-dae4-4b77-9294-f000020726c7	2025-07-05 08:22:45.006761+00	\N	\N	\N	INSERT	role_permissions	90999af5-a43c-49b3-82ba-278372634e61	\N	{"id": "90999af5-a43c-49b3-82ba-278372634e61", "role_id": "7a21ecd4-3b83-447a-be0a-d0ca88290fd3", "conditions": null, "created_at": "2025-07-05T08:22:45.006761+00:00", "updated_at": "2025-07-05T08:22:45.006761+00:00", "permission_id": "245dce89-ab27-4d20-b1af-db54f79ff8bb"}	\N	\N	\N	\N	t	\N	\N	2025-07-05 08:22:45.006761+00
f141d679-022d-4b84-9bac-cdae0f80f01e	2025-07-05 08:22:45.006761+00	\N	\N	\N	INSERT	role_permissions	1d90fdca-8029-48d2-a661-74b7ad03c7f5	\N	{"id": "1d90fdca-8029-48d2-a661-74b7ad03c7f5", "role_id": "7a21ecd4-3b83-447a-be0a-d0ca88290fd3", "conditions": null, "created_at": "2025-07-05T08:22:45.006761+00:00", "updated_at": "2025-07-05T08:22:45.006761+00:00", "permission_id": "8c33d47b-03a9-4675-aa12-eeca6ef0c029"}	\N	\N	\N	\N	t	\N	\N	2025-07-05 08:22:45.006761+00
ee0155eb-11e2-4448-aa27-43520190ab40	2025-07-05 08:22:45.006761+00	\N	\N	\N	INSERT	role_permissions	333dfafb-aadc-4f9f-bbdb-8937ee5e517e	\N	{"id": "333dfafb-aadc-4f9f-bbdb-8937ee5e517e", "role_id": "7a21ecd4-3b83-447a-be0a-d0ca88290fd3", "conditions": null, "created_at": "2025-07-05T08:22:45.006761+00:00", "updated_at": "2025-07-05T08:22:45.006761+00:00", "permission_id": "6669f922-0ae1-4b05-8b4e-1b593d982711"}	\N	\N	\N	\N	t	\N	\N	2025-07-05 08:22:45.006761+00
9fce1249-4cab-4967-8857-903909b3f703	2025-07-05 08:22:45.006761+00	\N	\N	\N	INSERT	role_permissions	9df32a4c-d2cd-4b98-84a6-5b7d9fa0272c	\N	{"id": "9df32a4c-d2cd-4b98-84a6-5b7d9fa0272c", "role_id": "7a21ecd4-3b83-447a-be0a-d0ca88290fd3", "conditions": null, "created_at": "2025-07-05T08:22:45.006761+00:00", "updated_at": "2025-07-05T08:22:45.006761+00:00", "permission_id": "048dc0b2-d062-48cb-8064-92a2b04e745d"}	\N	\N	\N	\N	t	\N	\N	2025-07-05 08:22:45.006761+00
c1861253-eac4-4f53-a4d3-33d8cb017afd	2025-07-05 08:22:45.006761+00	\N	\N	\N	INSERT	role_permissions	4461ad43-da2d-4d0e-80df-c84e55600276	\N	{"id": "4461ad43-da2d-4d0e-80df-c84e55600276", "role_id": "7a21ecd4-3b83-447a-be0a-d0ca88290fd3", "conditions": null, "created_at": "2025-07-05T08:22:45.006761+00:00", "updated_at": "2025-07-05T08:22:45.006761+00:00", "permission_id": "f5547841-5173-463c-91ca-bc7ca9742bea"}	\N	\N	\N	\N	t	\N	\N	2025-07-05 08:22:45.006761+00
8ba601ec-4ecd-4af5-88c0-8ab1356a6d50	2025-07-05 08:22:45.006761+00	\N	\N	\N	INSERT	role_permissions	eea81948-a08d-45dc-a91a-6fb0bbe4e633	\N	{"id": "eea81948-a08d-45dc-a91a-6fb0bbe4e633", "role_id": "7a21ecd4-3b83-447a-be0a-d0ca88290fd3", "conditions": null, "created_at": "2025-07-05T08:22:45.006761+00:00", "updated_at": "2025-07-05T08:22:45.006761+00:00", "permission_id": "59a32cfe-e63f-46bb-83e0-84c900dcd03c"}	\N	\N	\N	\N	t	\N	\N	2025-07-05 08:22:45.006761+00
476d2703-6c4d-44ca-bde2-3c8b1eafc3d0	2025-07-05 08:22:45.006761+00	\N	\N	\N	INSERT	role_permissions	60128ed0-97d8-4dc0-abb1-26a047e4b569	\N	{"id": "60128ed0-97d8-4dc0-abb1-26a047e4b569", "role_id": "7a21ecd4-3b83-447a-be0a-d0ca88290fd3", "conditions": null, "created_at": "2025-07-05T08:22:45.006761+00:00", "updated_at": "2025-07-05T08:22:45.006761+00:00", "permission_id": "459a6cb1-b4a4-4a52-bfd5-345e67f96a90"}	\N	\N	\N	\N	t	\N	\N	2025-07-05 08:22:45.006761+00
cdef30b3-e584-4487-bd34-c4188f1edcdb	2025-07-05 08:22:45.006761+00	\N	\N	\N	INSERT	role_permissions	c43d713d-decd-46ea-9949-5f049c61455a	\N	{"id": "c43d713d-decd-46ea-9949-5f049c61455a", "role_id": "7a21ecd4-3b83-447a-be0a-d0ca88290fd3", "conditions": null, "created_at": "2025-07-05T08:22:45.006761+00:00", "updated_at": "2025-07-05T08:22:45.006761+00:00", "permission_id": "dfdf95ce-c4f2-4c82-be76-c7d57f12b683"}	\N	\N	\N	\N	t	\N	\N	2025-07-05 08:22:45.006761+00
f90176d4-8b18-4019-8fde-964a1612dad6	2025-07-05 08:22:45.006761+00	\N	\N	\N	INSERT	role_permissions	2111092a-ab03-442c-bda9-6111dbf8ecab	\N	{"id": "2111092a-ab03-442c-bda9-6111dbf8ecab", "role_id": "7a21ecd4-3b83-447a-be0a-d0ca88290fd3", "conditions": null, "created_at": "2025-07-05T08:22:45.006761+00:00", "updated_at": "2025-07-05T08:22:45.006761+00:00", "permission_id": "4b81f5a4-d53f-4b68-aafe-7a4b5e2313e2"}	\N	\N	\N	\N	t	\N	\N	2025-07-05 08:22:45.006761+00
de99d682-d61d-4fa5-adb8-1b0225e6ed0a	2025-07-05 08:22:45.006761+00	\N	\N	\N	INSERT	role_permissions	34981764-c3f6-414b-8872-42ca60d70f02	\N	{"id": "34981764-c3f6-414b-8872-42ca60d70f02", "role_id": "7a21ecd4-3b83-447a-be0a-d0ca88290fd3", "conditions": null, "created_at": "2025-07-05T08:22:45.006761+00:00", "updated_at": "2025-07-05T08:22:45.006761+00:00", "permission_id": "d92c8eaa-38a6-41ee-845f-d15fed12d2d8"}	\N	\N	\N	\N	t	\N	\N	2025-07-05 08:22:45.006761+00
5f7d1dee-e4ad-48de-ab2e-253851c94187	2025-07-05 08:22:45.006761+00	\N	\N	\N	INSERT	role_permissions	7a1ef02b-4a67-421f-b453-678c2487e85e	\N	{"id": "7a1ef02b-4a67-421f-b453-678c2487e85e", "role_id": "39180393-6b3f-4db9-adb1-7f00e7cd5b7f", "conditions": null, "created_at": "2025-07-05T08:22:45.006761+00:00", "updated_at": "2025-07-05T08:22:45.006761+00:00", "permission_id": "7143ea47-6ace-49b3-83f2-4a269bd29cbe"}	\N	\N	\N	\N	t	\N	\N	2025-07-05 08:22:45.006761+00
72d50709-7936-43fe-aa86-d85f1178f075	2025-07-05 08:22:45.006761+00	\N	\N	\N	INSERT	role_permissions	24a0bf32-6ed4-4a3b-abcd-381a1f8ba6f7	\N	{"id": "24a0bf32-6ed4-4a3b-abcd-381a1f8ba6f7", "role_id": "39180393-6b3f-4db9-adb1-7f00e7cd5b7f", "conditions": null, "created_at": "2025-07-05T08:22:45.006761+00:00", "updated_at": "2025-07-05T08:22:45.006761+00:00", "permission_id": "0021976e-ae2a-4f59-a8c7-3dcc2911cbb5"}	\N	\N	\N	\N	t	\N	\N	2025-07-05 08:22:45.006761+00
cd0cb934-360c-47b6-a60a-8bfc90c1ea6a	2025-07-05 08:22:45.006761+00	\N	\N	\N	INSERT	role_permissions	32b839c6-de50-4231-88f7-81aff1ba7d05	\N	{"id": "32b839c6-de50-4231-88f7-81aff1ba7d05", "role_id": "39180393-6b3f-4db9-adb1-7f00e7cd5b7f", "conditions": null, "created_at": "2025-07-05T08:22:45.006761+00:00", "updated_at": "2025-07-05T08:22:45.006761+00:00", "permission_id": "01d343d4-3ad9-4ccc-a501-8c2f083c4e73"}	\N	\N	\N	\N	t	\N	\N	2025-07-05 08:22:45.006761+00
f343be62-20c5-4fa5-aa74-b4e1800525aa	2025-07-05 08:22:45.006761+00	\N	\N	\N	INSERT	role_permissions	73b46f7f-50c3-4830-b7a4-317640a4a484	\N	{"id": "73b46f7f-50c3-4830-b7a4-317640a4a484", "role_id": "39180393-6b3f-4db9-adb1-7f00e7cd5b7f", "conditions": null, "created_at": "2025-07-05T08:22:45.006761+00:00", "updated_at": "2025-07-05T08:22:45.006761+00:00", "permission_id": "4ff27905-11eb-4cbb-be65-f50d78649b28"}	\N	\N	\N	\N	t	\N	\N	2025-07-05 08:22:45.006761+00
b023ef27-1b8f-4837-ac62-6d49a2b4d910	2025-07-05 08:22:45.006761+00	\N	\N	\N	INSERT	role_permissions	5f4bcb37-b097-4a77-9047-9e9e30b9d50f	\N	{"id": "5f4bcb37-b097-4a77-9047-9e9e30b9d50f", "role_id": "39180393-6b3f-4db9-adb1-7f00e7cd5b7f", "conditions": null, "created_at": "2025-07-05T08:22:45.006761+00:00", "updated_at": "2025-07-05T08:22:45.006761+00:00", "permission_id": "5c3e9d72-260d-46f8-8404-cf28eba6bb6a"}	\N	\N	\N	\N	t	\N	\N	2025-07-05 08:22:45.006761+00
966d4b53-8ce9-4597-a197-fd64f2e2b6fd	2025-07-05 08:22:45.006761+00	\N	\N	\N	INSERT	role_permissions	22178f07-00b9-48b5-a92c-48ef52cc7594	\N	{"id": "22178f07-00b9-48b5-a92c-48ef52cc7594", "role_id": "39180393-6b3f-4db9-adb1-7f00e7cd5b7f", "conditions": null, "created_at": "2025-07-05T08:22:45.006761+00:00", "updated_at": "2025-07-05T08:22:45.006761+00:00", "permission_id": "432b409a-4dad-411e-afd0-76e6ac16d181"}	\N	\N	\N	\N	t	\N	\N	2025-07-05 08:22:45.006761+00
3663cef5-b493-4d18-871d-d74c0748c3fb	2025-07-05 08:22:45.006761+00	\N	\N	\N	INSERT	role_permissions	5e770a4d-3c80-46c6-b6af-9bcdf6618064	\N	{"id": "5e770a4d-3c80-46c6-b6af-9bcdf6618064", "role_id": "39180393-6b3f-4db9-adb1-7f00e7cd5b7f", "conditions": null, "created_at": "2025-07-05T08:22:45.006761+00:00", "updated_at": "2025-07-05T08:22:45.006761+00:00", "permission_id": "3932f66d-69c8-4975-99e6-68b3d240d652"}	\N	\N	\N	\N	t	\N	\N	2025-07-05 08:22:45.006761+00
6f7bc598-f63b-43c4-bd70-82cb5358131e	2025-07-05 08:22:45.006761+00	\N	\N	\N	INSERT	role_permissions	91e0b543-362c-4fe7-984b-6fa59cdfdf3e	\N	{"id": "91e0b543-362c-4fe7-984b-6fa59cdfdf3e", "role_id": "39180393-6b3f-4db9-adb1-7f00e7cd5b7f", "conditions": null, "created_at": "2025-07-05T08:22:45.006761+00:00", "updated_at": "2025-07-05T08:22:45.006761+00:00", "permission_id": "c74844cd-cf85-4718-8da3-d23a808a7acc"}	\N	\N	\N	\N	t	\N	\N	2025-07-05 08:22:45.006761+00
d18eeeec-a718-4c28-becc-cdd6a0f4eab2	2025-07-05 08:22:45.006761+00	\N	\N	\N	INSERT	role_permissions	85ee9dd0-792e-469a-bd12-df61e96fbe77	\N	{"id": "85ee9dd0-792e-469a-bd12-df61e96fbe77", "role_id": "39180393-6b3f-4db9-adb1-7f00e7cd5b7f", "conditions": null, "created_at": "2025-07-05T08:22:45.006761+00:00", "updated_at": "2025-07-05T08:22:45.006761+00:00", "permission_id": "18229e44-2d7e-4aa6-a2e5-15d2adc7990c"}	\N	\N	\N	\N	t	\N	\N	2025-07-05 08:22:45.006761+00
bc097574-c7c9-4036-a60e-081be5241887	2025-07-05 08:22:45.006761+00	\N	\N	\N	INSERT	role_permissions	b9cc9128-da5d-4d4c-885e-c735459da9d8	\N	{"id": "b9cc9128-da5d-4d4c-885e-c735459da9d8", "role_id": "39180393-6b3f-4db9-adb1-7f00e7cd5b7f", "conditions": null, "created_at": "2025-07-05T08:22:45.006761+00:00", "updated_at": "2025-07-05T08:22:45.006761+00:00", "permission_id": "c89a62a1-72ba-4358-a0ff-789935f5b2fb"}	\N	\N	\N	\N	t	\N	\N	2025-07-05 08:22:45.006761+00
c2a720e2-71ad-42ae-a068-a2b20b2f2c4a	2025-07-05 08:22:45.006761+00	\N	\N	\N	INSERT	role_permissions	99e41eb6-e31f-431d-b6e5-ebf7fe1b3e88	\N	{"id": "99e41eb6-e31f-431d-b6e5-ebf7fe1b3e88", "role_id": "39180393-6b3f-4db9-adb1-7f00e7cd5b7f", "conditions": null, "created_at": "2025-07-05T08:22:45.006761+00:00", "updated_at": "2025-07-05T08:22:45.006761+00:00", "permission_id": "cf7a15ea-ad24-430a-b3f6-c71e59d6fb5e"}	\N	\N	\N	\N	t	\N	\N	2025-07-05 08:22:45.006761+00
186e1bba-6be9-4a8b-a313-5a36c00b7368	2025-07-05 08:22:45.006761+00	\N	\N	\N	INSERT	role_permissions	74627756-994e-4b28-bdaa-de666795e463	\N	{"id": "74627756-994e-4b28-bdaa-de666795e463", "role_id": "39180393-6b3f-4db9-adb1-7f00e7cd5b7f", "conditions": null, "created_at": "2025-07-05T08:22:45.006761+00:00", "updated_at": "2025-07-05T08:22:45.006761+00:00", "permission_id": "5c570f06-d634-429b-96aa-35a93057d48e"}	\N	\N	\N	\N	t	\N	\N	2025-07-05 08:22:45.006761+00
b4279121-d93b-4ca5-8bb0-c7bcf01d155c	2025-07-05 08:22:45.006761+00	\N	\N	\N	INSERT	role_permissions	a2bd0472-1658-4b25-88f3-f1e2243a9b26	\N	{"id": "a2bd0472-1658-4b25-88f3-f1e2243a9b26", "role_id": "39180393-6b3f-4db9-adb1-7f00e7cd5b7f", "conditions": null, "created_at": "2025-07-05T08:22:45.006761+00:00", "updated_at": "2025-07-05T08:22:45.006761+00:00", "permission_id": "9948ca31-95ff-416c-8f27-47b9cd9c716d"}	\N	\N	\N	\N	t	\N	\N	2025-07-05 08:22:45.006761+00
a638b15b-c486-45e8-b4e2-1b17981cbd7f	2025-07-05 08:22:45.006761+00	\N	\N	\N	INSERT	role_permissions	20c3655c-6adf-410c-adea-58da0ebcdd0d	\N	{"id": "20c3655c-6adf-410c-adea-58da0ebcdd0d", "role_id": "39180393-6b3f-4db9-adb1-7f00e7cd5b7f", "conditions": null, "created_at": "2025-07-05T08:22:45.006761+00:00", "updated_at": "2025-07-05T08:22:45.006761+00:00", "permission_id": "6039239c-a3f9-4576-955c-a2a16d8f7c99"}	\N	\N	\N	\N	t	\N	\N	2025-07-05 08:22:45.006761+00
5193ca08-aa9a-4581-bc9b-ded5e5a5df38	2025-07-05 08:22:45.006761+00	\N	\N	\N	INSERT	role_permissions	d8132964-66c4-43d4-83e0-82eccaf251c7	\N	{"id": "d8132964-66c4-43d4-83e0-82eccaf251c7", "role_id": "39180393-6b3f-4db9-adb1-7f00e7cd5b7f", "conditions": null, "created_at": "2025-07-05T08:22:45.006761+00:00", "updated_at": "2025-07-05T08:22:45.006761+00:00", "permission_id": "61dd104d-b839-427e-a741-e3d375b1b43c"}	\N	\N	\N	\N	t	\N	\N	2025-07-05 08:22:45.006761+00
de6ee803-a362-4c88-b27a-db7a81a8427d	2025-07-05 08:22:45.006761+00	\N	\N	\N	INSERT	role_permissions	b56adb9a-10e4-45c2-8bf3-56d8a5b6b6b7	\N	{"id": "b56adb9a-10e4-45c2-8bf3-56d8a5b6b6b7", "role_id": "39180393-6b3f-4db9-adb1-7f00e7cd5b7f", "conditions": null, "created_at": "2025-07-05T08:22:45.006761+00:00", "updated_at": "2025-07-05T08:22:45.006761+00:00", "permission_id": "1a5e7dd3-1714-4ed3-854d-e8e7df4ac948"}	\N	\N	\N	\N	t	\N	\N	2025-07-05 08:22:45.006761+00
27d07722-5601-4c1e-97a1-1667c32507a3	2025-07-05 08:22:45.006761+00	\N	\N	\N	INSERT	role_permissions	e6851830-ae62-47e4-baaf-411690f30e82	\N	{"id": "e6851830-ae62-47e4-baaf-411690f30e82", "role_id": "39180393-6b3f-4db9-adb1-7f00e7cd5b7f", "conditions": null, "created_at": "2025-07-05T08:22:45.006761+00:00", "updated_at": "2025-07-05T08:22:45.006761+00:00", "permission_id": "3a2ca03a-3de7-4017-857c-9105cef3dc8d"}	\N	\N	\N	\N	t	\N	\N	2025-07-05 08:22:45.006761+00
ea0a13ab-0f01-4979-8adb-129ed0925d9f	2025-07-05 08:22:45.006761+00	\N	\N	\N	INSERT	role_permissions	6ec9ef97-b8ae-47e8-8542-620504ad3ec0	\N	{"id": "6ec9ef97-b8ae-47e8-8542-620504ad3ec0", "role_id": "39180393-6b3f-4db9-adb1-7f00e7cd5b7f", "conditions": null, "created_at": "2025-07-05T08:22:45.006761+00:00", "updated_at": "2025-07-05T08:22:45.006761+00:00", "permission_id": "c83a859e-a04b-4371-94eb-3c5b5e4e07ed"}	\N	\N	\N	\N	t	\N	\N	2025-07-05 08:22:45.006761+00
f9344897-0c75-4f77-a039-260f2deb8d2a	2025-07-05 08:22:45.006761+00	\N	\N	\N	INSERT	role_permissions	5aadf2bf-98ca-4e8e-ab76-cdb3e23e07a6	\N	{"id": "5aadf2bf-98ca-4e8e-ab76-cdb3e23e07a6", "role_id": "39180393-6b3f-4db9-adb1-7f00e7cd5b7f", "conditions": null, "created_at": "2025-07-05T08:22:45.006761+00:00", "updated_at": "2025-07-05T08:22:45.006761+00:00", "permission_id": "ae003b52-467a-48a1-8a9a-3c845756b39e"}	\N	\N	\N	\N	t	\N	\N	2025-07-05 08:22:45.006761+00
b649ef94-9b40-40a8-b0af-40f4bc305f49	2025-07-05 08:22:45.006761+00	\N	\N	\N	INSERT	role_permissions	41dbef08-64d2-475a-9322-3571f905f2f5	\N	{"id": "41dbef08-64d2-475a-9322-3571f905f2f5", "role_id": "39180393-6b3f-4db9-adb1-7f00e7cd5b7f", "conditions": null, "created_at": "2025-07-05T08:22:45.006761+00:00", "updated_at": "2025-07-05T08:22:45.006761+00:00", "permission_id": "54a19aa5-e687-4058-9104-8cd700504c06"}	\N	\N	\N	\N	t	\N	\N	2025-07-05 08:22:45.006761+00
2123fb3a-e30f-4965-a2fa-4b45c8dea70c	2025-07-05 08:22:45.006761+00	\N	\N	\N	INSERT	role_permissions	e17b9cad-9636-4b02-962b-21a6cdbcbeef	\N	{"id": "e17b9cad-9636-4b02-962b-21a6cdbcbeef", "role_id": "39180393-6b3f-4db9-adb1-7f00e7cd5b7f", "conditions": null, "created_at": "2025-07-05T08:22:45.006761+00:00", "updated_at": "2025-07-05T08:22:45.006761+00:00", "permission_id": "b191c233-8e30-4b36-8998-2c2b66632479"}	\N	\N	\N	\N	t	\N	\N	2025-07-05 08:22:45.006761+00
f0e62334-5f0b-4532-941d-e372464f58b1	2025-07-05 08:22:45.006761+00	\N	\N	\N	INSERT	role_permissions	e4c5b0e1-3d25-4a10-9323-513162bfd405	\N	{"id": "e4c5b0e1-3d25-4a10-9323-513162bfd405", "role_id": "39180393-6b3f-4db9-adb1-7f00e7cd5b7f", "conditions": null, "created_at": "2025-07-05T08:22:45.006761+00:00", "updated_at": "2025-07-05T08:22:45.006761+00:00", "permission_id": "49efcc73-a347-415e-8cb5-7ba860612dc8"}	\N	\N	\N	\N	t	\N	\N	2025-07-05 08:22:45.006761+00
340800d0-7997-4c53-972c-a64a737ca3c9	2025-07-05 08:22:45.006761+00	\N	\N	\N	INSERT	role_permissions	1a7134d2-ef2e-4dc0-8e4b-96c039388644	\N	{"id": "1a7134d2-ef2e-4dc0-8e4b-96c039388644", "role_id": "39180393-6b3f-4db9-adb1-7f00e7cd5b7f", "conditions": null, "created_at": "2025-07-05T08:22:45.006761+00:00", "updated_at": "2025-07-05T08:22:45.006761+00:00", "permission_id": "3a0dcac2-3f97-441b-9ba5-bb3b5a31d15b"}	\N	\N	\N	\N	t	\N	\N	2025-07-05 08:22:45.006761+00
bce4d640-9de8-4cf7-8965-2cb261a7faf2	2025-07-05 08:22:45.006761+00	\N	\N	\N	INSERT	role_permissions	943b69cd-2c6b-4ff9-aa6a-67a6920d9d03	\N	{"id": "943b69cd-2c6b-4ff9-aa6a-67a6920d9d03", "role_id": "39180393-6b3f-4db9-adb1-7f00e7cd5b7f", "conditions": null, "created_at": "2025-07-05T08:22:45.006761+00:00", "updated_at": "2025-07-05T08:22:45.006761+00:00", "permission_id": "18c06d85-966e-4c2e-83c7-964803ae0383"}	\N	\N	\N	\N	t	\N	\N	2025-07-05 08:22:45.006761+00
c4405d73-868c-480d-b5a5-835f0369199e	2025-07-05 08:22:45.006761+00	\N	\N	\N	INSERT	role_permissions	719cfb76-7669-44b8-9454-fcd62cd4ef4a	\N	{"id": "719cfb76-7669-44b8-9454-fcd62cd4ef4a", "role_id": "39180393-6b3f-4db9-adb1-7f00e7cd5b7f", "conditions": null, "created_at": "2025-07-05T08:22:45.006761+00:00", "updated_at": "2025-07-05T08:22:45.006761+00:00", "permission_id": "f3f94ca3-051d-4417-be8e-20d6a0182d17"}	\N	\N	\N	\N	t	\N	\N	2025-07-05 08:22:45.006761+00
6a37d8b6-0b12-4604-b170-0f62173ac3b3	2025-07-05 08:22:45.006761+00	\N	\N	\N	INSERT	role_permissions	6cf15d05-0997-4573-8e43-fc630508cf1a	\N	{"id": "6cf15d05-0997-4573-8e43-fc630508cf1a", "role_id": "39180393-6b3f-4db9-adb1-7f00e7cd5b7f", "conditions": null, "created_at": "2025-07-05T08:22:45.006761+00:00", "updated_at": "2025-07-05T08:22:45.006761+00:00", "permission_id": "692675f6-7d84-480e-b53b-4278fc6890e7"}	\N	\N	\N	\N	t	\N	\N	2025-07-05 08:22:45.006761+00
73c4dbb5-12e8-4cf4-bb55-6ddb0682564a	2025-07-05 08:22:45.006761+00	\N	\N	\N	INSERT	role_permissions	506232a8-f136-47c3-94a0-7478333ad9ff	\N	{"id": "506232a8-f136-47c3-94a0-7478333ad9ff", "role_id": "39180393-6b3f-4db9-adb1-7f00e7cd5b7f", "conditions": null, "created_at": "2025-07-05T08:22:45.006761+00:00", "updated_at": "2025-07-05T08:22:45.006761+00:00", "permission_id": "c93dc61d-a16a-4d4d-bf8b-392b6cc61b81"}	\N	\N	\N	\N	t	\N	\N	2025-07-05 08:22:45.006761+00
ae71dec4-11f8-4643-9902-b129616c0a3c	2025-07-05 08:22:45.006761+00	\N	\N	\N	INSERT	role_permissions	6019d608-9d16-4294-892a-4a8b0b469c20	\N	{"id": "6019d608-9d16-4294-892a-4a8b0b469c20", "role_id": "39180393-6b3f-4db9-adb1-7f00e7cd5b7f", "conditions": null, "created_at": "2025-07-05T08:22:45.006761+00:00", "updated_at": "2025-07-05T08:22:45.006761+00:00", "permission_id": "fc1df09c-522b-48cd-80ea-0d9aa8fd672e"}	\N	\N	\N	\N	t	\N	\N	2025-07-05 08:22:45.006761+00
fe28041d-5375-4731-a9b8-683198ff52fe	2025-07-05 08:22:45.006761+00	\N	\N	\N	INSERT	role_permissions	09d7a427-4255-4df2-afcc-0101f26bfab2	\N	{"id": "09d7a427-4255-4df2-afcc-0101f26bfab2", "role_id": "39180393-6b3f-4db9-adb1-7f00e7cd5b7f", "conditions": null, "created_at": "2025-07-05T08:22:45.006761+00:00", "updated_at": "2025-07-05T08:22:45.006761+00:00", "permission_id": "56b84f1c-cc33-453b-ba38-df5bbce2a474"}	\N	\N	\N	\N	t	\N	\N	2025-07-05 08:22:45.006761+00
fd67067b-3296-4e70-971e-606b310475a0	2025-07-05 08:22:45.006761+00	\N	\N	\N	INSERT	role_permissions	2d32a8f3-bee3-4632-8a6c-540894f6f8e5	\N	{"id": "2d32a8f3-bee3-4632-8a6c-540894f6f8e5", "role_id": "39180393-6b3f-4db9-adb1-7f00e7cd5b7f", "conditions": null, "created_at": "2025-07-05T08:22:45.006761+00:00", "updated_at": "2025-07-05T08:22:45.006761+00:00", "permission_id": "855a4448-1a4a-4414-a3ab-f7d1c58c41f7"}	\N	\N	\N	\N	t	\N	\N	2025-07-05 08:22:45.006761+00
f3ee23a0-60ab-4101-8fa9-179e3dce8401	2025-07-05 08:22:45.006761+00	\N	\N	\N	INSERT	role_permissions	37eaecec-ebee-4cd8-8005-07cc53d83776	\N	{"id": "37eaecec-ebee-4cd8-8005-07cc53d83776", "role_id": "39180393-6b3f-4db9-adb1-7f00e7cd5b7f", "conditions": null, "created_at": "2025-07-05T08:22:45.006761+00:00", "updated_at": "2025-07-05T08:22:45.006761+00:00", "permission_id": "77b291c9-caf7-4a27-b7c4-3f8e45950e61"}	\N	\N	\N	\N	t	\N	\N	2025-07-05 08:22:45.006761+00
c07c6a74-a4d1-4fad-9a78-aae4a5b8670b	2025-07-05 08:22:45.006761+00	\N	\N	\N	INSERT	role_permissions	975b1efc-0252-43ad-9954-7e5535c5f189	\N	{"id": "975b1efc-0252-43ad-9954-7e5535c5f189", "role_id": "39180393-6b3f-4db9-adb1-7f00e7cd5b7f", "conditions": null, "created_at": "2025-07-05T08:22:45.006761+00:00", "updated_at": "2025-07-05T08:22:45.006761+00:00", "permission_id": "a1a137bb-0cda-4026-a76e-96f3b8ffb03f"}	\N	\N	\N	\N	t	\N	\N	2025-07-05 08:22:45.006761+00
f6d4d312-fc59-4dec-a866-f36a87d6dc87	2025-07-05 08:22:45.006761+00	\N	\N	\N	INSERT	role_permissions	5587e7e4-fa61-406a-8a1b-9b7df9b69c22	\N	{"id": "5587e7e4-fa61-406a-8a1b-9b7df9b69c22", "role_id": "39180393-6b3f-4db9-adb1-7f00e7cd5b7f", "conditions": null, "created_at": "2025-07-05T08:22:45.006761+00:00", "updated_at": "2025-07-05T08:22:45.006761+00:00", "permission_id": "f02c7f6e-87f6-401e-95a7-4b2f65dd5f2f"}	\N	\N	\N	\N	t	\N	\N	2025-07-05 08:22:45.006761+00
599929a8-e5c7-4ae4-8775-a6df906a303e	2025-07-05 08:22:45.006761+00	\N	\N	\N	INSERT	role_permissions	0b297363-a789-4666-99ee-446f60097ec8	\N	{"id": "0b297363-a789-4666-99ee-446f60097ec8", "role_id": "39180393-6b3f-4db9-adb1-7f00e7cd5b7f", "conditions": null, "created_at": "2025-07-05T08:22:45.006761+00:00", "updated_at": "2025-07-05T08:22:45.006761+00:00", "permission_id": "876c6f6e-8636-4b9f-993b-eef296282196"}	\N	\N	\N	\N	t	\N	\N	2025-07-05 08:22:45.006761+00
9cbb6fda-565f-4d57-81dc-a154ddb2648c	2025-07-05 08:22:45.006761+00	\N	\N	\N	INSERT	role_permissions	c58e30d4-d558-4fd8-a34b-c60a36d1369d	\N	{"id": "c58e30d4-d558-4fd8-a34b-c60a36d1369d", "role_id": "39180393-6b3f-4db9-adb1-7f00e7cd5b7f", "conditions": null, "created_at": "2025-07-05T08:22:45.006761+00:00", "updated_at": "2025-07-05T08:22:45.006761+00:00", "permission_id": "7ec4298b-dd95-4257-8394-030fe0f0ed10"}	\N	\N	\N	\N	t	\N	\N	2025-07-05 08:22:45.006761+00
3a69830b-2aeb-4b96-b784-986bf6644072	2025-07-05 08:22:45.006761+00	\N	\N	\N	INSERT	role_permissions	6b600ab7-c5a7-4e76-9127-a1571a4a2559	\N	{"id": "6b600ab7-c5a7-4e76-9127-a1571a4a2559", "role_id": "39180393-6b3f-4db9-adb1-7f00e7cd5b7f", "conditions": null, "created_at": "2025-07-05T08:22:45.006761+00:00", "updated_at": "2025-07-05T08:22:45.006761+00:00", "permission_id": "cc025fbb-a4cc-4ea7-aa3b-93df0e6e4e3c"}	\N	\N	\N	\N	t	\N	\N	2025-07-05 08:22:45.006761+00
a11effa5-1c1f-4379-9d27-f22dbca7e598	2025-07-05 08:22:45.006761+00	\N	\N	\N	INSERT	role_permissions	ef252bff-2194-4eb1-9271-03e9b3756cf8	\N	{"id": "ef252bff-2194-4eb1-9271-03e9b3756cf8", "role_id": "39180393-6b3f-4db9-adb1-7f00e7cd5b7f", "conditions": null, "created_at": "2025-07-05T08:22:45.006761+00:00", "updated_at": "2025-07-05T08:22:45.006761+00:00", "permission_id": "5b2182dc-58bb-4a5f-9f3a-6c062a1bbf6e"}	\N	\N	\N	\N	t	\N	\N	2025-07-05 08:22:45.006761+00
f67dd8a7-0bd6-4aa3-b776-d313b4fe258c	2025-07-05 08:22:45.006761+00	\N	\N	\N	INSERT	role_permissions	495894c1-3b68-4497-864e-b97591b526df	\N	{"id": "495894c1-3b68-4497-864e-b97591b526df", "role_id": "39180393-6b3f-4db9-adb1-7f00e7cd5b7f", "conditions": null, "created_at": "2025-07-05T08:22:45.006761+00:00", "updated_at": "2025-07-05T08:22:45.006761+00:00", "permission_id": "cc4e11ff-cb8d-435c-868d-349614942cac"}	\N	\N	\N	\N	t	\N	\N	2025-07-05 08:22:45.006761+00
716ec41d-5d3e-496b-afae-160ddbcc09a8	2025-07-05 08:22:45.006761+00	\N	\N	\N	INSERT	role_permissions	304f1453-bbe8-4c1e-ba07-5ba1e3b351ae	\N	{"id": "304f1453-bbe8-4c1e-ba07-5ba1e3b351ae", "role_id": "39180393-6b3f-4db9-adb1-7f00e7cd5b7f", "conditions": null, "created_at": "2025-07-05T08:22:45.006761+00:00", "updated_at": "2025-07-05T08:22:45.006761+00:00", "permission_id": "82d2fc03-6cb4-4282-8cf2-80982e15a719"}	\N	\N	\N	\N	t	\N	\N	2025-07-05 08:22:45.006761+00
ac7c73bb-60f3-4ee9-b34e-1ee84f97a66b	2025-07-05 08:22:45.006761+00	\N	\N	\N	INSERT	role_permissions	8aa268a2-6308-484d-82bb-ecc36c0900db	\N	{"id": "8aa268a2-6308-484d-82bb-ecc36c0900db", "role_id": "39180393-6b3f-4db9-adb1-7f00e7cd5b7f", "conditions": null, "created_at": "2025-07-05T08:22:45.006761+00:00", "updated_at": "2025-07-05T08:22:45.006761+00:00", "permission_id": "ca761e2a-e843-478a-a32b-f4275694dcec"}	\N	\N	\N	\N	t	\N	\N	2025-07-05 08:22:45.006761+00
298af617-866d-4b3f-974c-8bcbc8f09f71	2025-07-05 08:22:45.006761+00	\N	\N	\N	INSERT	role_permissions	5218217d-f1dc-4c6f-a908-cfaf4b42ccbc	\N	{"id": "5218217d-f1dc-4c6f-a908-cfaf4b42ccbc", "role_id": "39180393-6b3f-4db9-adb1-7f00e7cd5b7f", "conditions": null, "created_at": "2025-07-05T08:22:45.006761+00:00", "updated_at": "2025-07-05T08:22:45.006761+00:00", "permission_id": "6baf6d05-223e-4f2f-bd02-31dede69c390"}	\N	\N	\N	\N	t	\N	\N	2025-07-05 08:22:45.006761+00
6ebc30b1-364b-4f44-bc03-e295b119556b	2025-07-05 08:22:45.006761+00	\N	\N	\N	INSERT	role_permissions	355ceeaa-14b1-4534-a2cf-da2ace645c6c	\N	{"id": "355ceeaa-14b1-4534-a2cf-da2ace645c6c", "role_id": "39180393-6b3f-4db9-adb1-7f00e7cd5b7f", "conditions": null, "created_at": "2025-07-05T08:22:45.006761+00:00", "updated_at": "2025-07-05T08:22:45.006761+00:00", "permission_id": "ccd2ef4e-b4a8-40ac-9810-06528f7dc4aa"}	\N	\N	\N	\N	t	\N	\N	2025-07-05 08:22:45.006761+00
3403170c-9280-4fc7-82c8-142165ef7fa2	2025-07-05 08:22:45.006761+00	\N	\N	\N	INSERT	role_permissions	bba27ef4-d877-46fa-b504-472a60146b3a	\N	{"id": "bba27ef4-d877-46fa-b504-472a60146b3a", "role_id": "39180393-6b3f-4db9-adb1-7f00e7cd5b7f", "conditions": null, "created_at": "2025-07-05T08:22:45.006761+00:00", "updated_at": "2025-07-05T08:22:45.006761+00:00", "permission_id": "0783a6e9-536d-4ccb-b91e-a6cdd62454c5"}	\N	\N	\N	\N	t	\N	\N	2025-07-05 08:22:45.006761+00
4f71fe90-12d3-406f-908d-20ff34ffb437	2025-07-05 08:22:45.006761+00	\N	\N	\N	INSERT	role_permissions	2f7a4243-478c-4e2d-ba56-74f258860374	\N	{"id": "2f7a4243-478c-4e2d-ba56-74f258860374", "role_id": "39180393-6b3f-4db9-adb1-7f00e7cd5b7f", "conditions": null, "created_at": "2025-07-05T08:22:45.006761+00:00", "updated_at": "2025-07-05T08:22:45.006761+00:00", "permission_id": "db0c2f6d-b12e-4d2d-938b-cf7131d9f9ef"}	\N	\N	\N	\N	t	\N	\N	2025-07-05 08:22:45.006761+00
039a6036-df68-4a5e-955d-f35b7c66c580	2025-07-05 08:22:45.006761+00	\N	\N	\N	INSERT	role_permissions	a09e0f2c-0d7c-412a-b3e3-5306de06658b	\N	{"id": "a09e0f2c-0d7c-412a-b3e3-5306de06658b", "role_id": "39180393-6b3f-4db9-adb1-7f00e7cd5b7f", "conditions": null, "created_at": "2025-07-05T08:22:45.006761+00:00", "updated_at": "2025-07-05T08:22:45.006761+00:00", "permission_id": "c5f62b4b-b85a-4e4f-a544-87853fa8baf9"}	\N	\N	\N	\N	t	\N	\N	2025-07-05 08:22:45.006761+00
8422ba06-0e19-4f91-bd41-196c09a25e50	2025-07-05 08:22:45.006761+00	\N	\N	\N	INSERT	role_permissions	e990074d-d9f6-4b6f-96f3-db29563e4db2	\N	{"id": "e990074d-d9f6-4b6f-96f3-db29563e4db2", "role_id": "39180393-6b3f-4db9-adb1-7f00e7cd5b7f", "conditions": null, "created_at": "2025-07-05T08:22:45.006761+00:00", "updated_at": "2025-07-05T08:22:45.006761+00:00", "permission_id": "41cb9e7b-ea0c-4607-aadb-09c3315e1b77"}	\N	\N	\N	\N	t	\N	\N	2025-07-05 08:22:45.006761+00
86a819f6-a748-453c-a160-75dc43b2dac6	2025-07-05 08:22:45.006761+00	\N	\N	\N	INSERT	role_permissions	ca54920c-58d6-4e57-b61d-0e90dd082242	\N	{"id": "ca54920c-58d6-4e57-b61d-0e90dd082242", "role_id": "39180393-6b3f-4db9-adb1-7f00e7cd5b7f", "conditions": null, "created_at": "2025-07-05T08:22:45.006761+00:00", "updated_at": "2025-07-05T08:22:45.006761+00:00", "permission_id": "dc470401-f19d-41d7-99df-df7151f15c20"}	\N	\N	\N	\N	t	\N	\N	2025-07-05 08:22:45.006761+00
86e8bcc2-0ec4-493a-9475-86890a258fc8	2025-07-05 08:22:45.006761+00	\N	\N	\N	INSERT	role_permissions	4b5ddaae-c022-4fae-8b0f-c6e96b71c6ef	\N	{"id": "4b5ddaae-c022-4fae-8b0f-c6e96b71c6ef", "role_id": "39180393-6b3f-4db9-adb1-7f00e7cd5b7f", "conditions": null, "created_at": "2025-07-05T08:22:45.006761+00:00", "updated_at": "2025-07-05T08:22:45.006761+00:00", "permission_id": "a200aa97-212a-4253-a7c0-fc96d6b804ef"}	\N	\N	\N	\N	t	\N	\N	2025-07-05 08:22:45.006761+00
bc4741be-b00e-4cdf-85bd-2b1ffec119b5	2025-07-05 08:22:45.006761+00	\N	\N	\N	INSERT	role_permissions	e7c1434d-e30f-4db6-b404-1856ee8f0281	\N	{"id": "e7c1434d-e30f-4db6-b404-1856ee8f0281", "role_id": "39180393-6b3f-4db9-adb1-7f00e7cd5b7f", "conditions": null, "created_at": "2025-07-05T08:22:45.006761+00:00", "updated_at": "2025-07-05T08:22:45.006761+00:00", "permission_id": "25d5c4ad-c4e1-48de-8917-03ee38620ca8"}	\N	\N	\N	\N	t	\N	\N	2025-07-05 08:22:45.006761+00
0750124d-c0f2-42da-ad1b-cd34b5e0e0d9	2025-07-05 08:22:45.006761+00	\N	\N	\N	INSERT	role_permissions	e469fc58-28c0-4c24-9c5d-cf48c56c320a	\N	{"id": "e469fc58-28c0-4c24-9c5d-cf48c56c320a", "role_id": "39180393-6b3f-4db9-adb1-7f00e7cd5b7f", "conditions": null, "created_at": "2025-07-05T08:22:45.006761+00:00", "updated_at": "2025-07-05T08:22:45.006761+00:00", "permission_id": "c1562bcd-2596-4d3d-8e1e-a4eab2b3c2a8"}	\N	\N	\N	\N	t	\N	\N	2025-07-05 08:22:45.006761+00
7fecb5de-ae9e-4400-b206-93559a44e193	2025-07-05 08:22:45.006761+00	\N	\N	\N	INSERT	role_permissions	21fc2dfa-c68e-4527-8ac1-61fea732831f	\N	{"id": "21fc2dfa-c68e-4527-8ac1-61fea732831f", "role_id": "39180393-6b3f-4db9-adb1-7f00e7cd5b7f", "conditions": null, "created_at": "2025-07-05T08:22:45.006761+00:00", "updated_at": "2025-07-05T08:22:45.006761+00:00", "permission_id": "f20efbe3-1af3-49b4-8cc1-0e840f753471"}	\N	\N	\N	\N	t	\N	\N	2025-07-05 08:22:45.006761+00
a24ba2a0-1315-4deb-960d-4d8f653b74ad	2025-07-05 08:22:45.006761+00	\N	\N	\N	INSERT	role_permissions	ca258a3e-32b6-4ead-b140-751c763df220	\N	{"id": "ca258a3e-32b6-4ead-b140-751c763df220", "role_id": "39180393-6b3f-4db9-adb1-7f00e7cd5b7f", "conditions": null, "created_at": "2025-07-05T08:22:45.006761+00:00", "updated_at": "2025-07-05T08:22:45.006761+00:00", "permission_id": "f9d1b185-4f31-42e1-8d6e-95ab9db68708"}	\N	\N	\N	\N	t	\N	\N	2025-07-05 08:22:45.006761+00
fdcbaaeb-76da-43f0-8fd4-6faebfd64c12	2025-07-05 08:22:45.006761+00	\N	\N	\N	INSERT	role_permissions	0d79461b-fccb-46bb-b396-97de8af15514	\N	{"id": "0d79461b-fccb-46bb-b396-97de8af15514", "role_id": "39180393-6b3f-4db9-adb1-7f00e7cd5b7f", "conditions": null, "created_at": "2025-07-05T08:22:45.006761+00:00", "updated_at": "2025-07-05T08:22:45.006761+00:00", "permission_id": "6f81c1c2-c026-4817-a1ed-38fe45882569"}	\N	\N	\N	\N	t	\N	\N	2025-07-05 08:22:45.006761+00
9d6bcd3e-6508-4181-ace7-3353e0769681	2025-07-05 08:22:45.006761+00	\N	\N	\N	INSERT	role_permissions	30299234-8bee-4739-af48-85760deb6be1	\N	{"id": "30299234-8bee-4739-af48-85760deb6be1", "role_id": "39180393-6b3f-4db9-adb1-7f00e7cd5b7f", "conditions": null, "created_at": "2025-07-05T08:22:45.006761+00:00", "updated_at": "2025-07-05T08:22:45.006761+00:00", "permission_id": "eeedfd8d-d5ac-4886-bdc9-6c6965d31505"}	\N	\N	\N	\N	t	\N	\N	2025-07-05 08:22:45.006761+00
86a0075e-0460-4518-8315-a8d8cee5cccd	2025-07-05 08:22:45.006761+00	\N	\N	\N	INSERT	role_permissions	abde5870-addf-4094-aff0-5e671a681d53	\N	{"id": "abde5870-addf-4094-aff0-5e671a681d53", "role_id": "39180393-6b3f-4db9-adb1-7f00e7cd5b7f", "conditions": null, "created_at": "2025-07-05T08:22:45.006761+00:00", "updated_at": "2025-07-05T08:22:45.006761+00:00", "permission_id": "2d763a2a-ed1b-46c6-973b-a76c4cdcb34b"}	\N	\N	\N	\N	t	\N	\N	2025-07-05 08:22:45.006761+00
aa5c65ef-9a5e-4e4a-99b2-af16a3f63485	2025-07-05 08:22:45.006761+00	\N	\N	\N	INSERT	role_permissions	7baef54f-3b6a-40c7-aa59-284ab947f7cd	\N	{"id": "7baef54f-3b6a-40c7-aa59-284ab947f7cd", "role_id": "39180393-6b3f-4db9-adb1-7f00e7cd5b7f", "conditions": null, "created_at": "2025-07-05T08:22:45.006761+00:00", "updated_at": "2025-07-05T08:22:45.006761+00:00", "permission_id": "f491df38-07bd-4b12-bd90-c8b96bb0618c"}	\N	\N	\N	\N	t	\N	\N	2025-07-05 08:22:45.006761+00
879354ef-b087-4b67-8b06-3d8b4cc8587a	2025-07-05 08:22:45.006761+00	\N	\N	\N	INSERT	role_permissions	b26461f7-c8ab-4817-881e-1a5558d4464a	\N	{"id": "b26461f7-c8ab-4817-881e-1a5558d4464a", "role_id": "39180393-6b3f-4db9-adb1-7f00e7cd5b7f", "conditions": null, "created_at": "2025-07-05T08:22:45.006761+00:00", "updated_at": "2025-07-05T08:22:45.006761+00:00", "permission_id": "ab9aca4d-925a-48bf-85c8-34af730792c3"}	\N	\N	\N	\N	t	\N	\N	2025-07-05 08:22:45.006761+00
73040c0c-4316-4d20-ba57-2aba2b59943c	2025-07-05 08:22:45.006761+00	\N	\N	\N	INSERT	role_permissions	8453cf76-8fbc-4169-a254-27983e0907a6	\N	{"id": "8453cf76-8fbc-4169-a254-27983e0907a6", "role_id": "39180393-6b3f-4db9-adb1-7f00e7cd5b7f", "conditions": null, "created_at": "2025-07-05T08:22:45.006761+00:00", "updated_at": "2025-07-05T08:22:45.006761+00:00", "permission_id": "8fb4e255-ae5d-4417-8267-799459f1d98f"}	\N	\N	\N	\N	t	\N	\N	2025-07-05 08:22:45.006761+00
d582da55-3e41-43a1-bd9e-fa76759887e6	2025-07-05 08:22:45.006761+00	\N	\N	\N	INSERT	role_permissions	2b60c05d-f1bf-4b88-80d9-710b3dfa0978	\N	{"id": "2b60c05d-f1bf-4b88-80d9-710b3dfa0978", "role_id": "39180393-6b3f-4db9-adb1-7f00e7cd5b7f", "conditions": null, "created_at": "2025-07-05T08:22:45.006761+00:00", "updated_at": "2025-07-05T08:22:45.006761+00:00", "permission_id": "0989f4ca-7d35-4621-9c78-9aeb4bbeff19"}	\N	\N	\N	\N	t	\N	\N	2025-07-05 08:22:45.006761+00
12ddc1be-9fd9-4824-b8d2-86d7882990c9	2025-07-05 08:22:45.006761+00	\N	\N	\N	INSERT	role_permissions	8acb3428-9cb3-4317-b9a8-af25dd6276dc	\N	{"id": "8acb3428-9cb3-4317-b9a8-af25dd6276dc", "role_id": "39180393-6b3f-4db9-adb1-7f00e7cd5b7f", "conditions": null, "created_at": "2025-07-05T08:22:45.006761+00:00", "updated_at": "2025-07-05T08:22:45.006761+00:00", "permission_id": "49c0ec14-8d91-4968-85ed-57609b4f90ec"}	\N	\N	\N	\N	t	\N	\N	2025-07-05 08:22:45.006761+00
a59ded50-02b1-4d92-bf15-9235b9cea3fd	2025-07-05 08:22:45.006761+00	\N	\N	\N	INSERT	role_permissions	01bddd61-5506-48be-ae13-4e4b28519ac7	\N	{"id": "01bddd61-5506-48be-ae13-4e4b28519ac7", "role_id": "39180393-6b3f-4db9-adb1-7f00e7cd5b7f", "conditions": null, "created_at": "2025-07-05T08:22:45.006761+00:00", "updated_at": "2025-07-05T08:22:45.006761+00:00", "permission_id": "4a24ba61-b71c-4b23-84fb-265eefc0135e"}	\N	\N	\N	\N	t	\N	\N	2025-07-05 08:22:45.006761+00
869fac29-f843-4239-8fc0-3b3a12e40a10	2025-07-05 08:22:45.006761+00	\N	\N	\N	INSERT	role_permissions	d1989b1b-07cb-4adf-bbca-7e66f8ef2652	\N	{"id": "d1989b1b-07cb-4adf-bbca-7e66f8ef2652", "role_id": "39180393-6b3f-4db9-adb1-7f00e7cd5b7f", "conditions": null, "created_at": "2025-07-05T08:22:45.006761+00:00", "updated_at": "2025-07-05T08:22:45.006761+00:00", "permission_id": "6b925f8b-6fb3-4ee7-b663-ec288be7d9fb"}	\N	\N	\N	\N	t	\N	\N	2025-07-05 08:22:45.006761+00
a051d898-9e5d-4f80-bda8-54c09aa1336a	2025-07-05 08:22:45.006761+00	\N	\N	\N	INSERT	role_permissions	e0c446d9-2aab-4441-a21d-b67fdcc6b100	\N	{"id": "e0c446d9-2aab-4441-a21d-b67fdcc6b100", "role_id": "39180393-6b3f-4db9-adb1-7f00e7cd5b7f", "conditions": null, "created_at": "2025-07-05T08:22:45.006761+00:00", "updated_at": "2025-07-05T08:22:45.006761+00:00", "permission_id": "001b6665-b03a-430f-a28b-47c5a0db6b18"}	\N	\N	\N	\N	t	\N	\N	2025-07-05 08:22:45.006761+00
5c252e95-3f56-4de5-87d3-4f20b14c2e94	2025-07-05 08:22:45.006761+00	\N	\N	\N	INSERT	role_permissions	e665785e-2220-468e-b4b1-4cd5154d31ef	\N	{"id": "e665785e-2220-468e-b4b1-4cd5154d31ef", "role_id": "39180393-6b3f-4db9-adb1-7f00e7cd5b7f", "conditions": null, "created_at": "2025-07-05T08:22:45.006761+00:00", "updated_at": "2025-07-05T08:22:45.006761+00:00", "permission_id": "2b81a98a-967a-4b73-8e60-c5f13669412e"}	\N	\N	\N	\N	t	\N	\N	2025-07-05 08:22:45.006761+00
45cf2980-6797-48af-8d4e-e19b705fb3fb	2025-07-05 08:22:45.006761+00	\N	\N	\N	INSERT	role_permissions	abb59b3a-ef4b-4873-8264-dc3f484fa4ae	\N	{"id": "abb59b3a-ef4b-4873-8264-dc3f484fa4ae", "role_id": "39180393-6b3f-4db9-adb1-7f00e7cd5b7f", "conditions": null, "created_at": "2025-07-05T08:22:45.006761+00:00", "updated_at": "2025-07-05T08:22:45.006761+00:00", "permission_id": "936baa6d-1c78-4cf6-8f5f-d6f5138d7077"}	\N	\N	\N	\N	t	\N	\N	2025-07-05 08:22:45.006761+00
45bd0248-5a63-4843-8b90-bca8f7e98ff2	2025-07-05 08:22:45.006761+00	\N	\N	\N	INSERT	role_permissions	b3671070-87f6-46bc-87c4-8d546898e684	\N	{"id": "b3671070-87f6-46bc-87c4-8d546898e684", "role_id": "39180393-6b3f-4db9-adb1-7f00e7cd5b7f", "conditions": null, "created_at": "2025-07-05T08:22:45.006761+00:00", "updated_at": "2025-07-05T08:22:45.006761+00:00", "permission_id": "40ada269-3ca7-43d7-9c43-19f0c57167d1"}	\N	\N	\N	\N	t	\N	\N	2025-07-05 08:22:45.006761+00
c733ec7d-989e-4ca2-8f42-cf9225dda5b9	2025-07-05 08:22:45.006761+00	\N	\N	\N	INSERT	role_permissions	ff6e172d-f40b-41b9-a892-620c447d0d25	\N	{"id": "ff6e172d-f40b-41b9-a892-620c447d0d25", "role_id": "39180393-6b3f-4db9-adb1-7f00e7cd5b7f", "conditions": null, "created_at": "2025-07-05T08:22:45.006761+00:00", "updated_at": "2025-07-05T08:22:45.006761+00:00", "permission_id": "82b627b7-a0fd-44e4-9d97-f753cb647508"}	\N	\N	\N	\N	t	\N	\N	2025-07-05 08:22:45.006761+00
83f4c30a-7e79-4975-a56e-f22f234cf016	2025-07-05 08:22:45.006761+00	\N	\N	\N	INSERT	role_permissions	cc37cdab-e3ed-4d15-ba2a-08f6b2ec1a2c	\N	{"id": "cc37cdab-e3ed-4d15-ba2a-08f6b2ec1a2c", "role_id": "39180393-6b3f-4db9-adb1-7f00e7cd5b7f", "conditions": null, "created_at": "2025-07-05T08:22:45.006761+00:00", "updated_at": "2025-07-05T08:22:45.006761+00:00", "permission_id": "5349c356-154f-4fd5-8af8-627b08afb275"}	\N	\N	\N	\N	t	\N	\N	2025-07-05 08:22:45.006761+00
c2661954-203b-44a4-b3c7-a667dd712445	2025-07-05 08:22:45.006761+00	\N	\N	\N	INSERT	role_permissions	932240d1-266f-4fc5-85c1-f8c26a970269	\N	{"id": "932240d1-266f-4fc5-85c1-f8c26a970269", "role_id": "39180393-6b3f-4db9-adb1-7f00e7cd5b7f", "conditions": null, "created_at": "2025-07-05T08:22:45.006761+00:00", "updated_at": "2025-07-05T08:22:45.006761+00:00", "permission_id": "f526e477-e567-42a6-9fd3-f96d71130646"}	\N	\N	\N	\N	t	\N	\N	2025-07-05 08:22:45.006761+00
832f328d-f665-42a8-9f1b-7fe6724c392c	2025-07-05 08:22:45.006761+00	\N	\N	\N	INSERT	role_permissions	4e17d532-cf71-425c-9ca5-2f288344a402	\N	{"id": "4e17d532-cf71-425c-9ca5-2f288344a402", "role_id": "39180393-6b3f-4db9-adb1-7f00e7cd5b7f", "conditions": null, "created_at": "2025-07-05T08:22:45.006761+00:00", "updated_at": "2025-07-05T08:22:45.006761+00:00", "permission_id": "ac5e7b8e-7376-4d08-a8eb-255f8f5f557f"}	\N	\N	\N	\N	t	\N	\N	2025-07-05 08:22:45.006761+00
48e050ea-ce57-413a-951e-a4877437bb70	2025-07-05 08:22:45.006761+00	\N	\N	\N	INSERT	role_permissions	563633a7-e9fb-49e8-8003-fb49bfc2c2b3	\N	{"id": "563633a7-e9fb-49e8-8003-fb49bfc2c2b3", "role_id": "39180393-6b3f-4db9-adb1-7f00e7cd5b7f", "conditions": null, "created_at": "2025-07-05T08:22:45.006761+00:00", "updated_at": "2025-07-05T08:22:45.006761+00:00", "permission_id": "05b6489f-fdd9-4ccb-b1fb-d35dc654ba41"}	\N	\N	\N	\N	t	\N	\N	2025-07-05 08:22:45.006761+00
9c7f023b-f018-47da-9545-4d4ea5ecc3ab	2025-07-05 08:22:45.006761+00	\N	\N	\N	INSERT	role_permissions	68ba301a-6d3c-4964-b2f8-bc3e4f7065ee	\N	{"id": "68ba301a-6d3c-4964-b2f8-bc3e4f7065ee", "role_id": "39180393-6b3f-4db9-adb1-7f00e7cd5b7f", "conditions": null, "created_at": "2025-07-05T08:22:45.006761+00:00", "updated_at": "2025-07-05T08:22:45.006761+00:00", "permission_id": "6669f922-0ae1-4b05-8b4e-1b593d982711"}	\N	\N	\N	\N	t	\N	\N	2025-07-05 08:22:45.006761+00
5449212d-2951-4f0f-ac11-87041369370d	2025-07-05 08:22:45.006761+00	\N	\N	\N	INSERT	role_permissions	546fa6b5-ab07-4848-a01a-b462dca4410f	\N	{"id": "546fa6b5-ab07-4848-a01a-b462dca4410f", "role_id": "64f5bc8d-aef6-4cc2-9aa2-170566d1af54", "conditions": null, "created_at": "2025-07-05T08:22:45.006761+00:00", "updated_at": "2025-07-05T08:22:45.006761+00:00", "permission_id": "7143ea47-6ace-49b3-83f2-4a269bd29cbe"}	\N	\N	\N	\N	t	\N	\N	2025-07-05 08:22:45.006761+00
89ce5127-398f-41d2-b204-8d438df625f2	2025-07-05 08:22:45.006761+00	\N	\N	\N	INSERT	role_permissions	a45a819e-0867-4898-a7d1-fc02c94931a2	\N	{"id": "a45a819e-0867-4898-a7d1-fc02c94931a2", "role_id": "64f5bc8d-aef6-4cc2-9aa2-170566d1af54", "conditions": null, "created_at": "2025-07-05T08:22:45.006761+00:00", "updated_at": "2025-07-05T08:22:45.006761+00:00", "permission_id": "01d343d4-3ad9-4ccc-a501-8c2f083c4e73"}	\N	\N	\N	\N	t	\N	\N	2025-07-05 08:22:45.006761+00
f7113c9d-7ce1-4059-a863-0a824117e5f2	2025-07-05 08:22:45.006761+00	\N	\N	\N	INSERT	role_permissions	d300ffb8-2789-4f4c-beba-d5d09bb2e92a	\N	{"id": "d300ffb8-2789-4f4c-beba-d5d09bb2e92a", "role_id": "64f5bc8d-aef6-4cc2-9aa2-170566d1af54", "conditions": null, "created_at": "2025-07-05T08:22:45.006761+00:00", "updated_at": "2025-07-05T08:22:45.006761+00:00", "permission_id": "3932f66d-69c8-4975-99e6-68b3d240d652"}	\N	\N	\N	\N	t	\N	\N	2025-07-05 08:22:45.006761+00
0d443688-87c6-40b9-a1a2-ad6ec71a0ad7	2025-07-05 08:22:45.006761+00	\N	\N	\N	INSERT	role_permissions	c06c17e9-b64a-4a45-ae04-f0569cecb4c5	\N	{"id": "c06c17e9-b64a-4a45-ae04-f0569cecb4c5", "role_id": "64f5bc8d-aef6-4cc2-9aa2-170566d1af54", "conditions": null, "created_at": "2025-07-05T08:22:45.006761+00:00", "updated_at": "2025-07-05T08:22:45.006761+00:00", "permission_id": "18229e44-2d7e-4aa6-a2e5-15d2adc7990c"}	\N	\N	\N	\N	t	\N	\N	2025-07-05 08:22:45.006761+00
962c80c5-0419-4a99-96cc-91a1c337a4b6	2025-07-05 08:22:45.006761+00	\N	\N	\N	INSERT	role_permissions	92b01f77-03dd-4242-aff2-1aa34a942a8b	\N	{"id": "92b01f77-03dd-4242-aff2-1aa34a942a8b", "role_id": "64f5bc8d-aef6-4cc2-9aa2-170566d1af54", "conditions": null, "created_at": "2025-07-05T08:22:45.006761+00:00", "updated_at": "2025-07-05T08:22:45.006761+00:00", "permission_id": "61dd104d-b839-427e-a741-e3d375b1b43c"}	\N	\N	\N	\N	t	\N	\N	2025-07-05 08:22:45.006761+00
6b0c2697-0490-4e3b-b00a-9b9c6ccc5b63	2025-07-05 08:22:45.006761+00	\N	\N	\N	INSERT	role_permissions	bb6d995f-5859-4616-8c24-3b1e9edc8a7f	\N	{"id": "bb6d995f-5859-4616-8c24-3b1e9edc8a7f", "role_id": "64f5bc8d-aef6-4cc2-9aa2-170566d1af54", "conditions": null, "created_at": "2025-07-05T08:22:45.006761+00:00", "updated_at": "2025-07-05T08:22:45.006761+00:00", "permission_id": "3a0dcac2-3f97-441b-9ba5-bb3b5a31d15b"}	\N	\N	\N	\N	t	\N	\N	2025-07-05 08:22:45.006761+00
83a7724c-5453-4e39-b2eb-53267feaf803	2025-07-05 08:22:45.006761+00	\N	\N	\N	INSERT	role_permissions	c79f5c66-1559-4b34-8014-a07c56346cb4	\N	{"id": "c79f5c66-1559-4b34-8014-a07c56346cb4", "role_id": "64f5bc8d-aef6-4cc2-9aa2-170566d1af54", "conditions": null, "created_at": "2025-07-05T08:22:45.006761+00:00", "updated_at": "2025-07-05T08:22:45.006761+00:00", "permission_id": "f3f94ca3-051d-4417-be8e-20d6a0182d17"}	\N	\N	\N	\N	t	\N	\N	2025-07-05 08:22:45.006761+00
7646d3c0-7997-48d0-9ff9-bf1cb2e9a0ca	2025-07-05 08:22:45.006761+00	\N	\N	\N	INSERT	role_permissions	edf72a67-e80a-42bc-9081-f15c77da27fc	\N	{"id": "edf72a67-e80a-42bc-9081-f15c77da27fc", "role_id": "64f5bc8d-aef6-4cc2-9aa2-170566d1af54", "conditions": null, "created_at": "2025-07-05T08:22:45.006761+00:00", "updated_at": "2025-07-05T08:22:45.006761+00:00", "permission_id": "77b291c9-caf7-4a27-b7c4-3f8e45950e61"}	\N	\N	\N	\N	t	\N	\N	2025-07-05 08:22:45.006761+00
d9d70767-09c9-43bd-8b02-543fd825e213	2025-07-05 08:22:45.006761+00	\N	\N	\N	INSERT	role_permissions	26d500dc-5601-4303-8a29-a84887753bc8	\N	{"id": "26d500dc-5601-4303-8a29-a84887753bc8", "role_id": "64f5bc8d-aef6-4cc2-9aa2-170566d1af54", "conditions": null, "created_at": "2025-07-05T08:22:45.006761+00:00", "updated_at": "2025-07-05T08:22:45.006761+00:00", "permission_id": "7ec4298b-dd95-4257-8394-030fe0f0ed10"}	\N	\N	\N	\N	t	\N	\N	2025-07-05 08:22:45.006761+00
ee83da2e-6458-4371-9b13-2b92b3e3c48c	2025-07-05 08:22:45.006761+00	\N	\N	\N	INSERT	role_permissions	1a02b928-2c76-4b4e-a36c-ca58f91cdb9a	\N	{"id": "1a02b928-2c76-4b4e-a36c-ca58f91cdb9a", "role_id": "64f5bc8d-aef6-4cc2-9aa2-170566d1af54", "conditions": null, "created_at": "2025-07-05T08:22:45.006761+00:00", "updated_at": "2025-07-05T08:22:45.006761+00:00", "permission_id": "cc025fbb-a4cc-4ea7-aa3b-93df0e6e4e3c"}	\N	\N	\N	\N	t	\N	\N	2025-07-05 08:22:45.006761+00
97ee87ea-f2ed-45c7-adb5-048acd61e72a	2025-07-05 08:22:45.006761+00	\N	\N	\N	INSERT	role_permissions	1d3dfc3d-5c7f-4041-99ff-3a1fc564662e	\N	{"id": "1d3dfc3d-5c7f-4041-99ff-3a1fc564662e", "role_id": "64f5bc8d-aef6-4cc2-9aa2-170566d1af54", "conditions": null, "created_at": "2025-07-05T08:22:45.006761+00:00", "updated_at": "2025-07-05T08:22:45.006761+00:00", "permission_id": "0783a6e9-536d-4ccb-b91e-a6cdd62454c5"}	\N	\N	\N	\N	t	\N	\N	2025-07-05 08:22:45.006761+00
e833518f-4bce-459f-b07d-ce3efc40df90	2025-07-05 08:22:45.006761+00	\N	\N	\N	INSERT	role_permissions	3bbb009a-a1e5-499b-9341-d87cc509d976	\N	{"id": "3bbb009a-a1e5-499b-9341-d87cc509d976", "role_id": "64f5bc8d-aef6-4cc2-9aa2-170566d1af54", "conditions": null, "created_at": "2025-07-05T08:22:45.006761+00:00", "updated_at": "2025-07-05T08:22:45.006761+00:00", "permission_id": "6f81c1c2-c026-4817-a1ed-38fe45882569"}	\N	\N	\N	\N	t	\N	\N	2025-07-05 08:22:45.006761+00
4149bff8-ed95-4d07-b1eb-c134f9517f13	2025-07-05 08:22:45.006761+00	\N	\N	\N	INSERT	role_permissions	7e510429-cd91-41a3-986d-dbdcbdbb328c	\N	{"id": "7e510429-cd91-41a3-986d-dbdcbdbb328c", "role_id": "64f5bc8d-aef6-4cc2-9aa2-170566d1af54", "conditions": null, "created_at": "2025-07-05T08:22:45.006761+00:00", "updated_at": "2025-07-05T08:22:45.006761+00:00", "permission_id": "f491df38-07bd-4b12-bd90-c8b96bb0618c"}	\N	\N	\N	\N	t	\N	\N	2025-07-05 08:22:45.006761+00
6d6d9559-a8b4-4ebc-ade9-bf1d5d730829	2025-07-05 08:22:45.006761+00	\N	\N	\N	INSERT	role_permissions	5dfb9856-32a3-4e7b-9490-a18aaf2c37af	\N	{"id": "5dfb9856-32a3-4e7b-9490-a18aaf2c37af", "role_id": "51a9454a-6961-4edb-a5eb-7d195eb3451d", "conditions": null, "created_at": "2025-07-05T08:22:45.006761+00:00", "updated_at": "2025-07-05T08:22:45.006761+00:00", "permission_id": "7143ea47-6ace-49b3-83f2-4a269bd29cbe"}	\N	\N	\N	\N	t	\N	\N	2025-07-05 08:22:45.006761+00
80d097d4-b513-48c8-babe-1ed68067351a	2025-07-05 08:22:45.006761+00	\N	\N	\N	INSERT	role_permissions	0f75c118-680e-41ac-91f2-065751e26b8e	\N	{"id": "0f75c118-680e-41ac-91f2-065751e26b8e", "role_id": "51a9454a-6961-4edb-a5eb-7d195eb3451d", "conditions": null, "created_at": "2025-07-05T08:22:45.006761+00:00", "updated_at": "2025-07-05T08:22:45.006761+00:00", "permission_id": "01d343d4-3ad9-4ccc-a501-8c2f083c4e73"}	\N	\N	\N	\N	t	\N	\N	2025-07-05 08:22:45.006761+00
2b7028fd-f646-4058-8287-cac7568bd0c2	2025-07-05 08:22:45.006761+00	\N	\N	\N	INSERT	role_permissions	5b60f888-735e-4427-b30a-c5480d3545d3	\N	{"id": "5b60f888-735e-4427-b30a-c5480d3545d3", "role_id": "51a9454a-6961-4edb-a5eb-7d195eb3451d", "conditions": null, "created_at": "2025-07-05T08:22:45.006761+00:00", "updated_at": "2025-07-05T08:22:45.006761+00:00", "permission_id": "3932f66d-69c8-4975-99e6-68b3d240d652"}	\N	\N	\N	\N	t	\N	\N	2025-07-05 08:22:45.006761+00
3dc4c6d3-daa6-4208-b1fd-814c756e4425	2025-07-05 08:22:45.006761+00	\N	\N	\N	INSERT	role_permissions	33c8eb80-a997-49e2-98df-3911f9ba8389	\N	{"id": "33c8eb80-a997-49e2-98df-3911f9ba8389", "role_id": "51a9454a-6961-4edb-a5eb-7d195eb3451d", "conditions": null, "created_at": "2025-07-05T08:22:45.006761+00:00", "updated_at": "2025-07-05T08:22:45.006761+00:00", "permission_id": "61dd104d-b839-427e-a741-e3d375b1b43c"}	\N	\N	\N	\N	t	\N	\N	2025-07-05 08:22:45.006761+00
34566b7e-4dd6-452d-8a97-e61438f5c74b	2025-07-05 08:22:45.006761+00	\N	\N	\N	INSERT	role_permissions	5fea490e-4a8b-4134-bc52-168b444f2231	\N	{"id": "5fea490e-4a8b-4134-bc52-168b444f2231", "role_id": "51a9454a-6961-4edb-a5eb-7d195eb3451d", "conditions": null, "created_at": "2025-07-05T08:22:45.006761+00:00", "updated_at": "2025-07-05T08:22:45.006761+00:00", "permission_id": "3a0dcac2-3f97-441b-9ba5-bb3b5a31d15b"}	\N	\N	\N	\N	t	\N	\N	2025-07-05 08:22:45.006761+00
4f1129a9-7c6c-42fa-9ac9-979c1ebcb611	2025-07-05 08:22:45.006761+00	\N	\N	\N	INSERT	role_permissions	8bb9289f-fb50-46a2-b58d-29f5944bace2	\N	{"id": "8bb9289f-fb50-46a2-b58d-29f5944bace2", "role_id": "51a9454a-6961-4edb-a5eb-7d195eb3451d", "conditions": null, "created_at": "2025-07-05T08:22:45.006761+00:00", "updated_at": "2025-07-05T08:22:45.006761+00:00", "permission_id": "77b291c9-caf7-4a27-b7c4-3f8e45950e61"}	\N	\N	\N	\N	t	\N	\N	2025-07-05 08:22:45.006761+00
cc8167b1-2e6e-40db-bceb-3a7be952bb51	2025-07-05 08:22:45.006761+00	\N	\N	\N	INSERT	role_permissions	3782671e-f1ac-4052-8dac-d23f084681ee	\N	{"id": "3782671e-f1ac-4052-8dac-d23f084681ee", "role_id": "51a9454a-6961-4edb-a5eb-7d195eb3451d", "conditions": null, "created_at": "2025-07-05T08:22:45.006761+00:00", "updated_at": "2025-07-05T08:22:45.006761+00:00", "permission_id": "7ec4298b-dd95-4257-8394-030fe0f0ed10"}	\N	\N	\N	\N	t	\N	\N	2025-07-05 08:22:45.006761+00
5818b98a-18e6-4b08-8c65-1599df972469	2025-07-05 08:22:45.006761+00	\N	\N	\N	INSERT	role_permissions	38e5d57e-3617-4a7f-8d09-e35315920541	\N	{"id": "38e5d57e-3617-4a7f-8d09-e35315920541", "role_id": "51a9454a-6961-4edb-a5eb-7d195eb3451d", "conditions": null, "created_at": "2025-07-05T08:22:45.006761+00:00", "updated_at": "2025-07-05T08:22:45.006761+00:00", "permission_id": "6f81c1c2-c026-4817-a1ed-38fe45882569"}	\N	\N	\N	\N	t	\N	\N	2025-07-05 08:22:45.006761+00
2ad11019-aa4b-43ac-8579-8930c0d64b62	2025-07-07 10:56:53.171486+00	\N	\N	\N	INSERT	role_permissions	db5e1f92-e804-420a-a22d-3ec265bdabf3	\N	{"id": "db5e1f92-e804-420a-a22d-3ec265bdabf3", "role_id": "39180393-6b3f-4db9-adb1-7f00e7cd5b7f", "conditions": null, "created_at": "2025-07-07T10:56:53.171486+00:00", "updated_at": "2025-07-07T10:56:53.171486+00:00", "permission_id": "d98ef1c2-31cf-4d6a-981f-d60999891fe1"}	\N	\N	\N	\N	t	\N	\N	2025-07-07 10:56:53.171486+00
b533a3d7-55ca-4a54-9790-1ad151dca818	2025-07-07 10:56:53.383462+00	\N	\N	\N	INSERT	role_permissions	a4578867-9f3f-4b32-9886-fa0667875663	\N	{"id": "a4578867-9f3f-4b32-9886-fa0667875663", "role_id": "39180393-6b3f-4db9-adb1-7f00e7cd5b7f", "conditions": null, "created_at": "2025-07-07T10:56:53.383462+00:00", "updated_at": "2025-07-07T10:56:53.383462+00:00", "permission_id": "887f8b0c-49cd-4334-984c-454777f9a8bf"}	\N	\N	\N	\N	t	\N	\N	2025-07-07 10:56:53.383462+00
81b8fb36-2d15-45f7-bec9-828fe5fb9fac	2025-07-07 10:56:53.463479+00	\N	\N	\N	INSERT	role_permissions	1cc85f35-b36d-4042-9f86-1e1b4318dea5	\N	{"id": "1cc85f35-b36d-4042-9f86-1e1b4318dea5", "role_id": "39180393-6b3f-4db9-adb1-7f00e7cd5b7f", "conditions": null, "created_at": "2025-07-07T10:56:53.463479+00:00", "updated_at": "2025-07-07T10:56:53.463479+00:00", "permission_id": "f467038b-0da7-4fb1-ad60-e5b33f8ff122"}	\N	\N	\N	\N	t	\N	\N	2025-07-07 10:56:53.463479+00
ffb50f16-d821-42c3-90fa-f877f463f408	2025-07-07 10:56:53.476459+00	\N	\N	\N	INSERT	role_permissions	ab0174fc-c32c-4877-a8fb-95f5718c1b72	\N	{"id": "ab0174fc-c32c-4877-a8fb-95f5718c1b72", "role_id": "39180393-6b3f-4db9-adb1-7f00e7cd5b7f", "conditions": null, "created_at": "2025-07-07T10:56:53.476459+00:00", "updated_at": "2025-07-07T10:56:53.476459+00:00", "permission_id": "803316d0-40ff-4e7e-8a5a-2eb18d5ca7a5"}	\N	\N	\N	\N	t	\N	\N	2025-07-07 10:56:53.476459+00
19a71cfc-8aef-4369-9685-0babd9b68b7c	2025-07-07 10:56:53.575474+00	\N	\N	\N	INSERT	role_permissions	552fc312-513c-4f2a-ab56-e020e167ff0f	\N	{"id": "552fc312-513c-4f2a-ab56-e020e167ff0f", "role_id": "39180393-6b3f-4db9-adb1-7f00e7cd5b7f", "conditions": null, "created_at": "2025-07-07T10:56:53.575474+00:00", "updated_at": "2025-07-07T10:56:53.575474+00:00", "permission_id": "0f1815f0-50c2-436f-bc61-22c6b6d21062"}	\N	\N	\N	\N	t	\N	\N	2025-07-07 10:56:53.575474+00
d4e9b903-60c7-4b69-9890-cc7ccdcee80f	2025-07-07 10:56:53.588484+00	\N	\N	\N	INSERT	role_permissions	ca70a7b9-2425-4cd8-9ba7-f79bb44b48ab	\N	{"id": "ca70a7b9-2425-4cd8-9ba7-f79bb44b48ab", "role_id": "39180393-6b3f-4db9-adb1-7f00e7cd5b7f", "conditions": null, "created_at": "2025-07-07T10:56:53.588484+00:00", "updated_at": "2025-07-07T10:56:53.588484+00:00", "permission_id": "77150743-b132-4b11-8685-ad08cce3425a"}	\N	\N	\N	\N	t	\N	\N	2025-07-07 10:56:53.588484+00
4e20f464-c63a-468b-b6a3-3772427aac15	2025-07-07 10:56:53.644402+00	\N	\N	\N	INSERT	role_permissions	e8b93514-7eec-41b3-b96d-a782066a0f78	\N	{"id": "e8b93514-7eec-41b3-b96d-a782066a0f78", "role_id": "39180393-6b3f-4db9-adb1-7f00e7cd5b7f", "conditions": null, "created_at": "2025-07-07T10:56:53.644402+00:00", "updated_at": "2025-07-07T10:56:53.644402+00:00", "permission_id": "d958e56a-97ed-479a-84c0-cc9cde20c011"}	\N	\N	\N	\N	t	\N	\N	2025-07-07 10:56:53.644402+00
f15395b2-bb07-4ee1-87b3-9df5ccd8b7f8	2025-07-07 10:56:53.683426+00	\N	\N	\N	INSERT	role_permissions	17f123d0-5c59-424e-a672-1423407fe4f2	\N	{"id": "17f123d0-5c59-424e-a672-1423407fe4f2", "role_id": "39180393-6b3f-4db9-adb1-7f00e7cd5b7f", "conditions": null, "created_at": "2025-07-07T10:56:53.683426+00:00", "updated_at": "2025-07-07T10:56:53.683426+00:00", "permission_id": "c8424ee5-21c2-4315-b82f-539e8b0b9478"}	\N	\N	\N	\N	t	\N	\N	2025-07-07 10:56:53.683426+00
9126b875-e846-4497-a407-d4b5d0d6bab5	2025-07-07 10:56:53.698417+00	\N	\N	\N	INSERT	role_permissions	5b9fc1be-1895-4690-915f-7595cb3a7b3f	\N	{"id": "5b9fc1be-1895-4690-915f-7595cb3a7b3f", "role_id": "39180393-6b3f-4db9-adb1-7f00e7cd5b7f", "conditions": null, "created_at": "2025-07-07T10:56:53.698417+00:00", "updated_at": "2025-07-07T10:56:53.698417+00:00", "permission_id": "8ec393b6-9a3f-48e3-a258-184e87b5e216"}	\N	\N	\N	\N	t	\N	\N	2025-07-07 10:56:53.698417+00
b7af2617-07e5-4f62-86f8-110d84eff067	2025-07-07 10:56:53.763438+00	\N	\N	\N	INSERT	role_permissions	c76dcaeb-02e2-4293-9454-7c6de93412c4	\N	{"id": "c76dcaeb-02e2-4293-9454-7c6de93412c4", "role_id": "39180393-6b3f-4db9-adb1-7f00e7cd5b7f", "conditions": null, "created_at": "2025-07-07T10:56:53.763438+00:00", "updated_at": "2025-07-07T10:56:53.763438+00:00", "permission_id": "22883459-23f8-4441-b8ea-6d96a6afa3d1"}	\N	\N	\N	\N	t	\N	\N	2025-07-07 10:56:53.763438+00
282b5df7-ce94-49f2-bcc5-61d5d1b02552	2025-07-07 10:56:53.820445+00	\N	\N	\N	INSERT	role_permissions	81fc01b7-b5f2-4871-80fe-5fbb5933cbdd	\N	{"id": "81fc01b7-b5f2-4871-80fe-5fbb5933cbdd", "role_id": "64f5bc8d-aef6-4cc2-9aa2-170566d1af54", "conditions": null, "created_at": "2025-07-07T10:56:53.820445+00:00", "updated_at": "2025-07-07T10:56:53.820445+00:00", "permission_id": "c74844cd-cf85-4718-8da3-d23a808a7acc"}	\N	\N	\N	\N	t	\N	\N	2025-07-07 10:56:53.820445+00
9c4dfff3-ef33-4075-9f1a-e0803f3107df	2025-07-07 10:56:53.852425+00	\N	\N	\N	INSERT	role_permissions	2747bb5a-46b0-4224-a4cb-3dc1c93fa1cc	\N	{"id": "2747bb5a-46b0-4224-a4cb-3dc1c93fa1cc", "role_id": "64f5bc8d-aef6-4cc2-9aa2-170566d1af54", "conditions": null, "created_at": "2025-07-07T10:56:53.852425+00:00", "updated_at": "2025-07-07T10:56:53.852425+00:00", "permission_id": "1a5e7dd3-1714-4ed3-854d-e8e7df4ac948"}	\N	\N	\N	\N	t	\N	\N	2025-07-07 10:56:53.852425+00
fd66ed54-67b7-42b9-b71b-0782552795a8	2025-07-07 10:56:53.864433+00	\N	\N	\N	INSERT	role_permissions	76acee0e-f3eb-4713-94c2-24a1bca18c1c	\N	{"id": "76acee0e-f3eb-4713-94c2-24a1bca18c1c", "role_id": "64f5bc8d-aef6-4cc2-9aa2-170566d1af54", "conditions": null, "created_at": "2025-07-07T10:56:53.864433+00:00", "updated_at": "2025-07-07T10:56:53.864433+00:00", "permission_id": "3a2ca03a-3de7-4017-857c-9105cef3dc8d"}	\N	\N	\N	\N	t	\N	\N	2025-07-07 10:56:53.864433+00
593e8dce-36f6-4285-99e5-2675cb576315	2025-07-07 10:56:53.887437+00	\N	\N	\N	INSERT	role_permissions	ae5c881a-f9e8-4b3c-9292-fe49878e72bc	\N	{"id": "ae5c881a-f9e8-4b3c-9292-fe49878e72bc", "role_id": "64f5bc8d-aef6-4cc2-9aa2-170566d1af54", "conditions": null, "created_at": "2025-07-07T10:56:53.887437+00:00", "updated_at": "2025-07-07T10:56:53.887437+00:00", "permission_id": "18c06d85-966e-4c2e-83c7-964803ae0383"}	\N	\N	\N	\N	t	\N	\N	2025-07-07 10:56:53.887437+00
1dd03d70-a6d1-40d9-b8aa-35042a36f069	2025-07-07 10:56:53.947564+00	\N	\N	\N	INSERT	role_permissions	6d10bd7d-ce93-4be7-a0ca-1c4786092e6c	\N	{"id": "6d10bd7d-ce93-4be7-a0ca-1c4786092e6c", "role_id": "64f5bc8d-aef6-4cc2-9aa2-170566d1af54", "conditions": null, "created_at": "2025-07-07T10:56:53.947564+00:00", "updated_at": "2025-07-07T10:56:53.947564+00:00", "permission_id": "5b2182dc-58bb-4a5f-9f3a-6c062a1bbf6e"}	\N	\N	\N	\N	t	\N	\N	2025-07-07 10:56:53.947564+00
5a0a5b7a-cf2d-4408-842b-c67403448fe7	2025-07-07 10:56:53.971455+00	\N	\N	\N	INSERT	role_permissions	ec3efdcb-1952-473e-8f20-2be97ecb05f6	\N	{"id": "ec3efdcb-1952-473e-8f20-2be97ecb05f6", "role_id": "64f5bc8d-aef6-4cc2-9aa2-170566d1af54", "conditions": null, "created_at": "2025-07-07T10:56:53.971455+00:00", "updated_at": "2025-07-07T10:56:53.971455+00:00", "permission_id": "f467038b-0da7-4fb1-ad60-e5b33f8ff122"}	\N	\N	\N	\N	t	\N	\N	2025-07-07 10:56:53.971455+00
486a39c4-c8fa-4d7d-adf1-c0fa89094cf6	2025-07-07 10:56:53.985617+00	\N	\N	\N	INSERT	role_permissions	c7d2ade7-2441-42ad-a9fb-e4a3c4b42637	\N	{"id": "c7d2ade7-2441-42ad-a9fb-e4a3c4b42637", "role_id": "64f5bc8d-aef6-4cc2-9aa2-170566d1af54", "conditions": null, "created_at": "2025-07-07T10:56:53.985617+00:00", "updated_at": "2025-07-07T10:56:53.985617+00:00", "permission_id": "c5f62b4b-b85a-4e4f-a544-87853fa8baf9"}	\N	\N	\N	\N	t	\N	\N	2025-07-07 10:56:53.985617+00
148874b8-c906-45a2-ac8f-398e07049616	2025-07-07 10:56:54.002576+00	\N	\N	\N	INSERT	role_permissions	92ae17cf-e3b2-4a1e-b075-fc789866bd67	\N	{"id": "92ae17cf-e3b2-4a1e-b075-fc789866bd67", "role_id": "64f5bc8d-aef6-4cc2-9aa2-170566d1af54", "conditions": null, "created_at": "2025-07-07T10:56:54.002576+00:00", "updated_at": "2025-07-07T10:56:54.002576+00:00", "permission_id": "41cb9e7b-ea0c-4607-aadb-09c3315e1b77"}	\N	\N	\N	\N	t	\N	\N	2025-07-07 10:56:54.002576+00
dd14fca7-cbc7-4550-a384-7812be4e2f56	2025-07-07 10:56:54.017437+00	\N	\N	\N	INSERT	role_permissions	ae28cd15-98e5-46b1-9183-f6b298142754	\N	{"id": "ae28cd15-98e5-46b1-9183-f6b298142754", "role_id": "64f5bc8d-aef6-4cc2-9aa2-170566d1af54", "conditions": null, "created_at": "2025-07-07T10:56:54.017437+00:00", "updated_at": "2025-07-07T10:56:54.017437+00:00", "permission_id": "dc470401-f19d-41d7-99df-df7151f15c20"}	\N	\N	\N	\N	t	\N	\N	2025-07-07 10:56:54.017437+00
71076ed1-44c0-4380-bec1-7d37cf884c99	2025-07-07 10:56:54.053453+00	\N	\N	\N	INSERT	role_permissions	68235989-3e07-436f-8277-4f098d34edc1	\N	{"id": "68235989-3e07-436f-8277-4f098d34edc1", "role_id": "64f5bc8d-aef6-4cc2-9aa2-170566d1af54", "conditions": null, "created_at": "2025-07-07T10:56:54.053453+00:00", "updated_at": "2025-07-07T10:56:54.053453+00:00", "permission_id": "ab9aca4d-925a-48bf-85c8-34af730792c3"}	\N	\N	\N	\N	t	\N	\N	2025-07-07 10:56:54.053453+00
de9f1780-cfc0-47e3-8dd5-87265235e4d2	2025-07-07 10:56:54.066417+00	\N	\N	\N	INSERT	role_permissions	6af42556-a1e6-470d-8e13-54d67f02939f	\N	{"id": "6af42556-a1e6-470d-8e13-54d67f02939f", "role_id": "64f5bc8d-aef6-4cc2-9aa2-170566d1af54", "conditions": null, "created_at": "2025-07-07T10:56:54.066417+00:00", "updated_at": "2025-07-07T10:56:54.066417+00:00", "permission_id": "8fb4e255-ae5d-4417-8267-799459f1d98f"}	\N	\N	\N	\N	t	\N	\N	2025-07-07 10:56:54.066417+00
22e8b8ce-f3c1-4d65-b02c-871891c7d147	2025-07-07 10:56:54.078546+00	\N	\N	\N	INSERT	role_permissions	e72c1746-3b71-44ba-8b17-d99cd5acca15	\N	{"id": "e72c1746-3b71-44ba-8b17-d99cd5acca15", "role_id": "64f5bc8d-aef6-4cc2-9aa2-170566d1af54", "conditions": null, "created_at": "2025-07-07T10:56:54.078546+00:00", "updated_at": "2025-07-07T10:56:54.078546+00:00", "permission_id": "4a24ba61-b71c-4b23-84fb-265eefc0135e"}	\N	\N	\N	\N	t	\N	\N	2025-07-07 10:56:54.078546+00
f87fabc0-c9a5-430b-bf78-b8744ce04a05	2025-07-07 10:56:54.091401+00	\N	\N	\N	INSERT	role_permissions	795fe87c-a56f-4de9-8a86-02ec26fa6691	\N	{"id": "795fe87c-a56f-4de9-8a86-02ec26fa6691", "role_id": "64f5bc8d-aef6-4cc2-9aa2-170566d1af54", "conditions": null, "created_at": "2025-07-07T10:56:54.091401+00:00", "updated_at": "2025-07-07T10:56:54.091401+00:00", "permission_id": "6b925f8b-6fb3-4ee7-b663-ec288be7d9fb"}	\N	\N	\N	\N	t	\N	\N	2025-07-07 10:56:54.091401+00
2d175213-e4af-4d9a-9772-75a3962ead23	2025-07-07 10:56:54.104435+00	\N	\N	\N	INSERT	role_permissions	f7340e74-becf-46c6-8f85-576af987f996	\N	{"id": "f7340e74-becf-46c6-8f85-576af987f996", "role_id": "64f5bc8d-aef6-4cc2-9aa2-170566d1af54", "conditions": null, "created_at": "2025-07-07T10:56:54.104435+00:00", "updated_at": "2025-07-07T10:56:54.104435+00:00", "permission_id": "c8424ee5-21c2-4315-b82f-539e8b0b9478"}	\N	\N	\N	\N	t	\N	\N	2025-07-07 10:56:54.104435+00
d6ebd699-392e-4b63-a04f-0dc46aeabafc	2025-07-07 10:56:54.117503+00	\N	\N	\N	INSERT	role_permissions	87beabd6-26ad-41d3-a8d9-1ec198121a93	\N	{"id": "87beabd6-26ad-41d3-a8d9-1ec198121a93", "role_id": "64f5bc8d-aef6-4cc2-9aa2-170566d1af54", "conditions": null, "created_at": "2025-07-07T10:56:54.117503+00:00", "updated_at": "2025-07-07T10:56:54.117503+00:00", "permission_id": "001b6665-b03a-430f-a28b-47c5a0db6b18"}	\N	\N	\N	\N	t	\N	\N	2025-07-07 10:56:54.117503+00
d18ea01a-efe5-4914-aed4-8f79e45b7148	2025-07-07 10:56:54.129483+00	\N	\N	\N	INSERT	role_permissions	32989332-9e10-4a9f-bd14-26663a03d6b9	\N	{"id": "32989332-9e10-4a9f-bd14-26663a03d6b9", "role_id": "64f5bc8d-aef6-4cc2-9aa2-170566d1af54", "conditions": null, "created_at": "2025-07-07T10:56:54.129483+00:00", "updated_at": "2025-07-07T10:56:54.129483+00:00", "permission_id": "05b6489f-fdd9-4ccb-b1fb-d35dc654ba41"}	\N	\N	\N	\N	t	\N	\N	2025-07-07 10:56:54.129483+00
b2a4616a-c9c9-4e18-a5a0-1a488af59c51	2025-07-07 10:56:54.225461+00	\N	\N	\N	INSERT	role_permissions	74cec2fb-a0ee-4c9e-b357-268a0da512d2	\N	{"id": "74cec2fb-a0ee-4c9e-b357-268a0da512d2", "role_id": "51a9454a-6961-4edb-a5eb-7d195eb3451d", "conditions": null, "created_at": "2025-07-07T10:56:54.225461+00:00", "updated_at": "2025-07-07T10:56:54.225461+00:00", "permission_id": "0783a6e9-536d-4ccb-b91e-a6cdd62454c5"}	\N	\N	\N	\N	t	\N	\N	2025-07-07 10:56:54.225461+00
7a404836-ff27-4aa7-aca1-d5ff4aefd611	2025-07-07 10:56:54.237412+00	\N	\N	\N	INSERT	role_permissions	8b723c44-e504-48ca-aa32-4557ed1a6ba1	\N	{"id": "8b723c44-e504-48ca-aa32-4557ed1a6ba1", "role_id": "51a9454a-6961-4edb-a5eb-7d195eb3451d", "conditions": null, "created_at": "2025-07-07T10:56:54.237412+00:00", "updated_at": "2025-07-07T10:56:54.237412+00:00", "permission_id": "c5f62b4b-b85a-4e4f-a544-87853fa8baf9"}	\N	\N	\N	\N	t	\N	\N	2025-07-07 10:56:54.237412+00
362db0a0-21cd-4556-9507-ce2a7d070f0e	2025-07-07 10:56:54.25946+00	\N	\N	\N	INSERT	role_permissions	7118842a-f84d-4e94-8efd-4095fa9ffc0b	\N	{"id": "7118842a-f84d-4e94-8efd-4095fa9ffc0b", "role_id": "51a9454a-6961-4edb-a5eb-7d195eb3451d", "conditions": null, "created_at": "2025-07-07T10:56:54.25946+00:00", "updated_at": "2025-07-07T10:56:54.25946+00:00", "permission_id": "f491df38-07bd-4b12-bd90-c8b96bb0618c"}	\N	\N	\N	\N	t	\N	\N	2025-07-07 10:56:54.25946+00
aa73d75f-ad2a-4ab2-8fff-b8d47ec225f0	2025-07-07 10:56:54.272401+00	\N	\N	\N	INSERT	role_permissions	05581b6f-dcd6-4761-b179-4425f9396789	\N	{"id": "05581b6f-dcd6-4761-b179-4425f9396789", "role_id": "51a9454a-6961-4edb-a5eb-7d195eb3451d", "conditions": null, "created_at": "2025-07-07T10:56:54.272401+00:00", "updated_at": "2025-07-07T10:56:54.272401+00:00", "permission_id": "4a24ba61-b71c-4b23-84fb-265eefc0135e"}	\N	\N	\N	\N	t	\N	\N	2025-07-07 10:56:54.272401+00
5daa1b0e-776f-44e1-9eb7-08682b43ee66	2025-07-07 10:56:54.284448+00	\N	\N	\N	INSERT	role_permissions	648b63fb-d3ce-4e21-9293-adb208cf14be	\N	{"id": "648b63fb-d3ce-4e21-9293-adb208cf14be", "role_id": "51a9454a-6961-4edb-a5eb-7d195eb3451d", "conditions": null, "created_at": "2025-07-07T10:56:54.284448+00:00", "updated_at": "2025-07-07T10:56:54.284448+00:00", "permission_id": "001b6665-b03a-430f-a28b-47c5a0db6b18"}	\N	\N	\N	\N	t	\N	\N	2025-07-07 10:56:54.284448+00
64bfc145-54e6-44e3-945d-7ed311992ff6	2025-07-07 10:56:54.296435+00	\N	\N	\N	INSERT	role_permissions	24750adb-6642-4cd8-b497-ea944fc8640d	\N	{"id": "24750adb-6642-4cd8-b497-ea944fc8640d", "role_id": "51a9454a-6961-4edb-a5eb-7d195eb3451d", "conditions": null, "created_at": "2025-07-07T10:56:54.296435+00:00", "updated_at": "2025-07-07T10:56:54.296435+00:00", "permission_id": "05b6489f-fdd9-4ccb-b1fb-d35dc654ba41"}	\N	\N	\N	\N	t	\N	\N	2025-07-07 10:56:54.296435+00
3d2771c9-b095-4ffa-8288-55365f34a41f	2025-07-08 12:33:22.04596+00	\N	\N	\N	UPDATE	users	d9ac8a7b-f679-49a1-8c99-837eb977578b	{"id": "d9ac8a7b-f679-49a1-8c99-837eb977578b", "bio": null, "name": "Nathan Harris", "role": "developer", "email": "nathan.harris02@gmail.com", "image": "https://img.clerk.com/eyJ0eXBlIjoiZGVmYXVsdCIsImlpZCI6Imluc18ydUNSSGZicEpnZXJwUUJwZTUyYnZGT1V4a0IiLCJyaWQiOiJ1c2VyXzJ5VTdOc3BnOU5lbW15MUZkS0UxU0ZJb2ZtcyIsImluaXRpYWxzIjoiTkgifQ", "phone": null, "status": "active", "address": null, "is_staff": true, "position": "partner", "username": null, "is_active": true, "created_at": "2025-05-23T06:45:00.468049+00:00", "manager_id": null, "updated_at": "2025-06-16T11:12:16.198006+00:00", "clerk_user_id": "user_2yU7Nspg9Nemmy1FdKE1SFIofms", "deactivated_at": null, "deactivated_by": null, "status_changed_at": "2025-06-28T05:32:28.086733+00:00", "status_changed_by": null, "status_change_reason": null, "default_admin_time_percentage": 70.00}	{"id": "d9ac8a7b-f679-49a1-8c99-837eb977578b", "bio": null, "name": "Nathan Harris", "role": "developer", "email": "nathan.harris02@gmail.com", "image": "https://img.clerk.com/eyJ0eXBlIjoiZGVmYXVsdCIsImlpZCI6Imluc18ydUNSSGZicEpnZXJwUUJwZTUyYnZGT1V4a0IiLCJyaWQiOiJ1c2VyXzJ5VTdOc3BnOU5lbW15MUZkS0UxU0ZJb2ZtcyIsImluaXRpYWxzIjoiTkgifQ", "phone": null, "status": "active", "address": null, "is_staff": true, "position": "partner", "username": null, "is_active": true, "created_at": "2025-05-23T06:45:00.468049+00:00", "manager_id": null, "updated_at": "2025-07-08T12:33:22.04596+00:00", "clerk_user_id": "user_2uNk3caC6G8tlohrgrkpwfzQwYv", "deactivated_at": null, "deactivated_by": null, "status_changed_at": "2025-06-28T05:32:28.086733+00:00", "status_changed_by": null, "status_change_reason": null, "default_admin_time_percentage": 70.00}	\N	\N	\N	\N	t	\N	\N	2025-07-08 12:33:22.04596+00
461abbb1-1d7f-4ee0-be32-ddc4dfb7a7b2	2025-07-08 12:33:22.101995+00	\N	\N	\N	UPDATE	users	d9ac8a7b-f679-49a1-8c99-837eb977578b	{"id": "d9ac8a7b-f679-49a1-8c99-837eb977578b", "bio": null, "name": "Nathan Harris", "role": "developer", "email": "nathan.harris02@gmail.com", "image": "https://img.clerk.com/eyJ0eXBlIjoiZGVmYXVsdCIsImlpZCI6Imluc18ydUNSSGZicEpnZXJwUUJwZTUyYnZGT1V4a0IiLCJyaWQiOiJ1c2VyXzJ5VTdOc3BnOU5lbW15MUZkS0UxU0ZJb2ZtcyIsImluaXRpYWxzIjoiTkgifQ", "phone": null, "status": "active", "address": null, "is_staff": true, "position": "partner", "username": null, "is_active": true, "created_at": "2025-05-23T06:45:00.468049+00:00", "manager_id": null, "updated_at": "2025-07-08T12:33:22.04596+00:00", "clerk_user_id": "user_2uNk3caC6G8tlohrgrkpwfzQwYv", "deactivated_at": null, "deactivated_by": null, "status_changed_at": "2025-06-28T05:32:28.086733+00:00", "status_changed_by": null, "status_change_reason": null, "default_admin_time_percentage": 70.00}	{"id": "d9ac8a7b-f679-49a1-8c99-837eb977578b", "bio": null, "name": "Nathan Harris", "role": "developer", "email": "nathan.harris02@gmail.com", "image": "https://img.clerk.com/eyJ0eXBlIjoiZGVmYXVsdCIsImlpZCI6Imluc18ydUNFWFhtQXhBcXNZTkhnTTBQNm1TY0U1QnQiLCJyaWQiOiJ1c2VyXzJ1TmszY2FDNkc4dGxvaHJncmtwd2Z6UXdZdiIsImluaXRpYWxzIjoiTkgifQ", "phone": null, "status": "active", "address": null, "is_staff": true, "position": "partner", "username": null, "is_active": true, "created_at": "2025-05-23T06:45:00.468049+00:00", "manager_id": null, "updated_at": "2025-07-08T12:33:22.101995+00:00", "clerk_user_id": "user_2uNk3caC6G8tlohrgrkpwfzQwYv", "deactivated_at": null, "deactivated_by": null, "status_changed_at": "2025-06-28T05:32:28.086733+00:00", "status_changed_by": null, "status_change_reason": null, "default_admin_time_percentage": 70.00}	\N	\N	\N	\N	t	\N	\N	2025-07-08 12:33:22.101995+00
98efead9-b5e7-45a9-b000-80f55fc655fc	2025-07-10 19:24:03.509118+00	\N	\N	\N	UPDATE	users	0727c441-3fa7-44c2-b8f3-4e0b77986ac1	{"id": "0727c441-3fa7-44c2-b8f3-4e0b77986ac1", "bio": null, "name": "Jane Manager", "role": "manager", "email": "manager@example.com", "image": "https://img.clerk.com/eyJ0eXBlIjoiZGVmYXVsdCIsImlpZCI6Imluc18ydUNFWFhtQXhBcXNZTkhnTTBQNm1TY0U1QnQiLCJyaWQiOiJ1c2VyXzJ1Q1U1TzV2Z0xwcXd0Tzh4Y3JTWHRSRWcySyIsImluaXRpYWxzIjoiSk0ifQ", "phone": null, "status": "active", "address": null, "is_staff": true, "position": "consultant", "username": null, "is_active": true, "created_at": "2025-05-23T06:45:00.468049+00:00", "manager_id": null, "updated_at": "2025-05-23T06:45:00.468049+00:00", "clerk_user_id": "user_2yXh2JHR2xtsfp16fkTdXHF9P3c", "deactivated_at": null, "deactivated_by": null, "status_changed_at": "2025-06-28T05:32:28.086733+00:00", "status_changed_by": null, "status_change_reason": null, "default_admin_time_percentage": 10.00}	{"id": "0727c441-3fa7-44c2-b8f3-4e0b77986ac1", "bio": null, "name": "Jane Manager", "role": "org_admin", "email": "manager@example.com", "image": "https://img.clerk.com/eyJ0eXBlIjoiZGVmYXVsdCIsImlpZCI6Imluc18ydUNFWFhtQXhBcXNZTkhnTTBQNm1TY0U1QnQiLCJyaWQiOiJ1c2VyXzJ1Q1U1TzV2Z0xwcXd0Tzh4Y3JTWHRSRWcySyIsImluaXRpYWxzIjoiSk0ifQ", "phone": null, "status": "active", "address": null, "is_staff": true, "position": "consultant", "username": null, "is_active": true, "created_at": "2025-05-23T06:45:00.468049+00:00", "manager_id": null, "updated_at": "2025-07-10T19:24:03.509118+00:00", "clerk_user_id": "user_2yXh2JHR2xtsfp16fkTdXHF9P3c", "deactivated_at": null, "deactivated_by": null, "status_changed_at": "2025-06-28T05:32:28.086733+00:00", "status_changed_by": null, "status_change_reason": null, "default_admin_time_percentage": 10.00}	\N	\N	\N	\N	t	\N	\N	2025-07-10 19:24:03.509118+00
50049221-759d-4110-97b7-9815222c199d	2025-07-10 19:24:17.352123+00	\N	\N	\N	UPDATE	users	0727c441-3fa7-44c2-b8f3-4e0b77986ac1	{"id": "0727c441-3fa7-44c2-b8f3-4e0b77986ac1", "bio": null, "name": "Jane Manager", "role": "org_admin", "email": "manager@example.com", "image": "https://img.clerk.com/eyJ0eXBlIjoiZGVmYXVsdCIsImlpZCI6Imluc18ydUNFWFhtQXhBcXNZTkhnTTBQNm1TY0U1QnQiLCJyaWQiOiJ1c2VyXzJ1Q1U1TzV2Z0xwcXd0Tzh4Y3JTWHRSRWcySyIsImluaXRpYWxzIjoiSk0ifQ", "phone": null, "status": "active", "address": null, "is_staff": true, "position": "consultant", "username": null, "is_active": true, "created_at": "2025-05-23T06:45:00.468049+00:00", "manager_id": null, "updated_at": "2025-07-10T19:24:03.509118+00:00", "clerk_user_id": "user_2yXh2JHR2xtsfp16fkTdXHF9P3c", "deactivated_at": null, "deactivated_by": null, "status_changed_at": "2025-06-28T05:32:28.086733+00:00", "status_changed_by": null, "status_change_reason": null, "default_admin_time_percentage": 10.00}	{"id": "0727c441-3fa7-44c2-b8f3-4e0b77986ac1", "bio": null, "name": "Jane Manager", "role": "consultant", "email": "manager@example.com", "image": "https://img.clerk.com/eyJ0eXBlIjoiZGVmYXVsdCIsImlpZCI6Imluc18ydUNFWFhtQXhBcXNZTkhnTTBQNm1TY0U1QnQiLCJyaWQiOiJ1c2VyXzJ1Q1U1TzV2Z0xwcXd0Tzh4Y3JTWHRSRWcySyIsImluaXRpYWxzIjoiSk0ifQ", "phone": null, "status": "active", "address": null, "is_staff": true, "position": "consultant", "username": null, "is_active": true, "created_at": "2025-05-23T06:45:00.468049+00:00", "manager_id": null, "updated_at": "2025-07-10T19:24:17.352123+00:00", "clerk_user_id": "user_2yXh2JHR2xtsfp16fkTdXHF9P3c", "deactivated_at": null, "deactivated_by": null, "status_changed_at": "2025-06-28T05:32:28.086733+00:00", "status_changed_by": null, "status_change_reason": null, "default_admin_time_percentage": 10.00}	\N	\N	\N	\N	t	\N	\N	2025-07-10 19:24:17.352123+00
fdded10c-2235-47fa-8a19-d63cd50d9e31	2025-07-10 19:24:21.256077+00	\N	\N	\N	UPDATE	users	0727c441-3fa7-44c2-b8f3-4e0b77986ac1	{"id": "0727c441-3fa7-44c2-b8f3-4e0b77986ac1", "bio": null, "name": "Jane Manager", "role": "consultant", "email": "manager@example.com", "image": "https://img.clerk.com/eyJ0eXBlIjoiZGVmYXVsdCIsImlpZCI6Imluc18ydUNFWFhtQXhBcXNZTkhnTTBQNm1TY0U1QnQiLCJyaWQiOiJ1c2VyXzJ1Q1U1TzV2Z0xwcXd0Tzh4Y3JTWHRSRWcySyIsImluaXRpYWxzIjoiSk0ifQ", "phone": null, "status": "active", "address": null, "is_staff": true, "position": "consultant", "username": null, "is_active": true, "created_at": "2025-05-23T06:45:00.468049+00:00", "manager_id": null, "updated_at": "2025-07-10T19:24:17.352123+00:00", "clerk_user_id": "user_2yXh2JHR2xtsfp16fkTdXHF9P3c", "deactivated_at": null, "deactivated_by": null, "status_changed_at": "2025-06-28T05:32:28.086733+00:00", "status_changed_by": null, "status_change_reason": null, "default_admin_time_percentage": 10.00}	{"id": "0727c441-3fa7-44c2-b8f3-4e0b77986ac1", "bio": null, "name": "Jane Manager", "role": "manager", "email": "manager@example.com", "image": "https://img.clerk.com/eyJ0eXBlIjoiZGVmYXVsdCIsImlpZCI6Imluc18ydUNFWFhtQXhBcXNZTkhnTTBQNm1TY0U1QnQiLCJyaWQiOiJ1c2VyXzJ1Q1U1TzV2Z0xwcXd0Tzh4Y3JTWHRSRWcySyIsImluaXRpYWxzIjoiSk0ifQ", "phone": null, "status": "active", "address": null, "is_staff": true, "position": "consultant", "username": null, "is_active": true, "created_at": "2025-05-23T06:45:00.468049+00:00", "manager_id": null, "updated_at": "2025-07-10T19:24:21.256077+00:00", "clerk_user_id": "user_2yXh2JHR2xtsfp16fkTdXHF9P3c", "deactivated_at": null, "deactivated_by": null, "status_changed_at": "2025-06-28T05:32:28.086733+00:00", "status_changed_by": null, "status_change_reason": null, "default_admin_time_percentage": 10.00}	\N	\N	\N	\N	t	\N	\N	2025-07-10 19:24:21.256077+00
62cea15c-ae6b-4ea2-8142-011e07c3d4e6	2025-07-26 03:54:12.670153+00	\N	\N	\N	INSERT	users	3c2d1f6e-17a3-4a5f-8856-a2106456755c	\N	{"id": "3c2d1f6e-17a3-4a5f-8856-a2106456755c", "bio": null, "name": "Tom Developer", "role": "developer", "email": "developer@example.com", "image": null, "phone": null, "status": "active", "address": null, "is_staff": true, "position": null, "username": null, "is_active": true, "created_at": "2025-07-26T00:00:00+00:00", "manager_id": null, "updated_at": "2025-07-26T00:00:00+00:00", "clerk_user_id": "user_30Oc5BrHZvfnSZZHxvsQtqyenK0", "deactivated_at": null, "deactivated_by": null, "status_changed_at": "2025-07-26T00:00:00+00:00", "status_changed_by": null, "status_change_reason": null, "default_admin_time_percentage": 100.00}	\N	\N	\N	\N	t	\N	\N	2025-07-26 03:54:12.670153+00
7736fc18-3c1d-4825-bcc8-885e428728f1	2025-07-26 03:54:12.725875+00	\N	\N	\N	UPDATE	users	e4313314-b89e-4346-9bb5-3aaf464c7152	{"id": "e4313314-b89e-4346-9bb5-3aaf464c7152", "bio": null, "name": "Jill Viewer", "role": "viewer", "email": "viewer@example.com", "image": "https://img.clerk.com/eyJ0eXBlIjoiZGVmYXVsdCIsImlpZCI6Imluc18ydUNFWFhtQXhBcXNZTkhnTTBQNm1TY0U1QnQiLCJyaWQiOiJ1c2VyXzJ1Q1VFS1N4Y2xkczc0TnYwaWZDZW5iOWs4dyIsImluaXRpYWxzIjoiSlYifQ", "phone": null, "status": "active", "address": null, "is_staff": false, "position": "senior_partner", "username": null, "is_active": true, "created_at": "2025-05-23T06:45:00.468049+00:00", "manager_id": null, "updated_at": "2025-05-23T06:45:00.468049+00:00", "clerk_user_id": "user_2yXhB08hGyXX7p8C8pWg5yPceIx", "deactivated_at": null, "deactivated_by": null, "status_changed_at": "2025-06-28T05:32:28.086733+00:00", "status_changed_by": null, "status_change_reason": null, "default_admin_time_percentage": 80.00}	{"id": "e4313314-b89e-4346-9bb5-3aaf464c7152", "bio": null, "name": "Jill Viewer", "role": "viewer", "email": "viewer@example.com", "image": "https://img.clerk.com/eyJ0eXBlIjoiZGVmYXVsdCIsImlpZCI6Imluc18ydUNFWFhtQXhBcXNZTkhnTTBQNm1TY0U1QnQiLCJyaWQiOiJ1c2VyXzJ1Q1VFS1N4Y2xkczc0TnYwaWZDZW5iOWs4dyIsImluaXRpYWxzIjoiSlYifQ", "phone": null, "status": "active", "address": null, "is_staff": true, "position": "senior_partner", "username": null, "is_active": true, "created_at": "2025-05-23T06:45:00.468049+00:00", "manager_id": null, "updated_at": "2025-07-26T03:54:12.725875+00:00", "clerk_user_id": "user_2yXhB08hGyXX7p8C8pWg5yPceIx", "deactivated_at": null, "deactivated_by": null, "status_changed_at": "2025-06-28T05:32:28.086733+00:00", "status_changed_by": null, "status_change_reason": null, "default_admin_time_percentage": 80.00}	\N	\N	\N	\N	t	\N	\N	2025-07-26 03:54:12.725875+00
1fab1434-8ed9-44eb-a9c1-70923130d47e	2025-07-26 06:18:43.761918+00	\N	\N	\N	UPDATE	users	3c2d1f6e-17a3-4a5f-8856-a2106456755c	{"id": "3c2d1f6e-17a3-4a5f-8856-a2106456755c", "bio": null, "name": "Tom Developer", "role": "developer", "email": "developer@example.com", "image": null, "phone": null, "status": "active", "address": null, "is_staff": true, "position": null, "username": null, "is_active": true, "created_at": "2025-07-26T00:00:00+00:00", "manager_id": null, "updated_at": "2025-07-26T00:00:00+00:00", "clerk_user_id": "user_30Oc5BrHZvfnSZZHxvsQtqyenK0", "deactivated_at": null, "deactivated_by": null, "status_changed_at": "2025-07-26T00:00:00+00:00", "status_changed_by": null, "status_change_reason": null, "default_admin_time_percentage": 100.00}	{"id": "3c2d1f6e-17a3-4a5f-8856-a2106456755c", "bio": null, "name": "Test Developer", "role": "developer", "email": "developer@example.com", "image": null, "phone": null, "status": "active", "address": null, "is_staff": true, "position": "senior_partner", "username": null, "is_active": true, "created_at": "2025-07-26T00:00:00+00:00", "manager_id": null, "updated_at": "2025-07-26T06:18:43.761918+00:00", "clerk_user_id": "user_30Oc5BrHZvfnSZZHxvsQtqyenK0", "deactivated_at": null, "deactivated_by": null, "status_changed_at": "2025-07-26T00:00:00+00:00", "status_changed_by": null, "status_change_reason": null, "default_admin_time_percentage": 10.00}	\N	\N	\N	\N	t	\N	\N	2025-07-26 06:18:43.761918+00
8ddf900d-bb63-4bc7-83d2-511fe070f978	2025-07-26 06:18:43.786932+00	\N	\N	\N	INSERT	user_roles	cf9c753a-cb41-4acb-a63f-015f184df766	\N	{"id": "cf9c753a-cb41-4acb-a63f-015f184df766", "role_id": "7950e369-5257-4cc4-94ea-53ceecaf91a3", "user_id": "3c2d1f6e-17a3-4a5f-8856-a2106456755c", "created_at": "2025-07-26T06:18:43.786932+00:00", "updated_at": "2025-07-26T06:18:43.786932+00:00"}	\N	\N	\N	\N	t	\N	\N	2025-07-26 06:18:43.786932+00
34fabd1a-f67b-4a9a-99a1-6f2f0192c4c2	2025-07-26 06:18:43.821915+00	\N	\N	\N	UPDATE	users	9aed2a64-0407-4dff-a621-2b7013e1713a	{"id": "9aed2a64-0407-4dff-a621-2b7013e1713a", "bio": null, "name": "John Admin", "role": "org_admin", "email": "admin@example.com", "image": "https://img.clerk.com/eyJ0eXBlIjoiZGVmYXVsdCIsImlpZCI6Imluc18ydUNFWFhtQXhBcXNZTkhnTTBQNm1TY0U1QnQiLCJyaWQiOiJ1c2VyXzJ1Q1R0RUJlbzcwdEFUMEdJaGliV2FRUTRpViIsImluaXRpYWxzIjoiSkEifQ", "phone": null, "status": "active", "address": null, "is_staff": true, "position": "senior_manager", "username": null, "is_active": true, "created_at": "2025-05-23T06:45:00.468049+00:00", "manager_id": null, "updated_at": "2025-05-23T06:45:00.468049+00:00", "clerk_user_id": "user_2yXgxgRHxUilIyqE04jWreCRoO4", "deactivated_at": null, "deactivated_by": null, "status_changed_at": "2025-06-28T05:32:28.086733+00:00", "status_changed_by": null, "status_change_reason": null, "default_admin_time_percentage": 50.00}	{"id": "9aed2a64-0407-4dff-a621-2b7013e1713a", "bio": null, "name": "John Admin", "role": "org_admin", "email": "admin@example.com", "image": "https://img.clerk.com/eyJ0eXBlIjoiZGVmYXVsdCIsImlpZCI6Imluc18ydUNFWFhtQXhBcXNZTkhnTTBQNm1TY0U1QnQiLCJyaWQiOiJ1c2VyXzJ1Q1R0RUJlbzcwdEFUMEdJaGliV2FRUTRpViIsImluaXRpYWxzIjoiSkEifQ", "phone": null, "status": "active", "address": null, "is_staff": true, "position": "senior_manager", "username": null, "is_active": true, "created_at": "2025-05-23T06:45:00.468049+00:00", "manager_id": null, "updated_at": "2025-07-26T06:18:43.821915+00:00", "clerk_user_id": "user_2yXgxgRHxUilIyqE04jWreCRoO4", "deactivated_at": null, "deactivated_by": null, "status_changed_at": "2025-06-28T05:32:28.086733+00:00", "status_changed_by": null, "status_change_reason": null, "default_admin_time_percentage": 50.00}	\N	\N	\N	\N	t	\N	\N	2025-07-26 06:18:43.821915+00
492bb501-d0cc-420a-9ac2-78d3bf4f9d37	2025-07-26 06:18:43.869942+00	\N	\N	\N	UPDATE	users	0727c441-3fa7-44c2-b8f3-4e0b77986ac1	{"id": "0727c441-3fa7-44c2-b8f3-4e0b77986ac1", "bio": null, "name": "Jane Manager", "role": "manager", "email": "manager@example.com", "image": "https://img.clerk.com/eyJ0eXBlIjoiZGVmYXVsdCIsImlpZCI6Imluc18ydUNFWFhtQXhBcXNZTkhnTTBQNm1TY0U1QnQiLCJyaWQiOiJ1c2VyXzJ1Q1U1TzV2Z0xwcXd0Tzh4Y3JTWHRSRWcySyIsImluaXRpYWxzIjoiSk0ifQ", "phone": null, "status": "active", "address": null, "is_staff": true, "position": "consultant", "username": null, "is_active": true, "created_at": "2025-05-23T06:45:00.468049+00:00", "manager_id": null, "updated_at": "2025-07-10T19:24:21.256077+00:00", "clerk_user_id": "user_2yXh2JHR2xtsfp16fkTdXHF9P3c", "deactivated_at": null, "deactivated_by": null, "status_changed_at": "2025-06-28T05:32:28.086733+00:00", "status_changed_by": null, "status_change_reason": null, "default_admin_time_percentage": 10.00}	{"id": "0727c441-3fa7-44c2-b8f3-4e0b77986ac1", "bio": null, "name": "Jane Manager", "role": "manager", "email": "manager@example.com", "image": "https://img.clerk.com/eyJ0eXBlIjoiZGVmYXVsdCIsImlpZCI6Imluc18ydUNFWFhtQXhBcXNZTkhnTTBQNm1TY0U1QnQiLCJyaWQiOiJ1c2VyXzJ1Q1U1TzV2Z0xwcXd0Tzh4Y3JTWHRSRWcySyIsImluaXRpYWxzIjoiSk0ifQ", "phone": null, "status": "active", "address": null, "is_staff": true, "position": "manager", "username": null, "is_active": true, "created_at": "2025-05-23T06:45:00.468049+00:00", "manager_id": null, "updated_at": "2025-07-26T06:18:43.869942+00:00", "clerk_user_id": "user_2yXh2JHR2xtsfp16fkTdXHF9P3c", "deactivated_at": null, "deactivated_by": null, "status_changed_at": "2025-06-28T05:32:28.086733+00:00", "status_changed_by": null, "status_change_reason": null, "default_admin_time_percentage": 30.00}	\N	\N	\N	\N	t	\N	\N	2025-07-26 06:18:43.869942+00
fad54505-fb85-4519-a2fa-cf3ce2fe59ae	2025-07-26 06:18:43.914982+00	\N	\N	\N	UPDATE	users	22a368d4-5d3f-4026-840c-55af6fb16972	{"id": "22a368d4-5d3f-4026-840c-55af6fb16972", "bio": null, "name": "Jim Consultant", "role": "consultant", "email": "consultant@example.com", "image": "https://img.clerk.com/eyJ0eXBlIjoiZGVmYXVsdCIsImlpZCI6Imluc18ydUNFWFhtQXhBcXNZTkhnTTBQNm1TY0U1QnQiLCJyaWQiOiJ1c2VyXzJ1Q1U5cEtmN1JQMkZpT1JISlZNNUlIMFBkMSIsImluaXRpYWxzIjoiSkMifQ", "phone": null, "status": "active", "address": null, "is_staff": true, "position": "senior_consultant", "username": null, "is_active": true, "created_at": "2025-05-23T06:45:00.468049+00:00", "manager_id": null, "updated_at": "2025-05-31T00:28:51.38901+00:00", "clerk_user_id": "user_2yXh6Wu8FUd7VbPEB56M0XfXsio", "deactivated_at": null, "deactivated_by": null, "status_changed_at": "2025-06-28T05:32:28.086733+00:00", "status_changed_by": null, "status_change_reason": null, "default_admin_time_percentage": 20.00}	{"id": "22a368d4-5d3f-4026-840c-55af6fb16972", "bio": null, "name": "Jim Consultant", "role": "consultant", "email": "consultant@example.com", "image": "https://img.clerk.com/eyJ0eXBlIjoiZGVmYXVsdCIsImlpZCI6Imluc18ydUNFWFhtQXhBcXNZTkhnTTBQNm1TY0U1QnQiLCJyaWQiOiJ1c2VyXzJ1Q1U5cEtmN1JQMkZpT1JISlZNNUlIMFBkMSIsImluaXRpYWxzIjoiSkMifQ", "phone": null, "status": "active", "address": null, "is_staff": true, "position": "senior_consultant", "username": null, "is_active": true, "created_at": "2025-05-23T06:45:00.468049+00:00", "manager_id": null, "updated_at": "2025-07-26T06:18:43.914982+00:00", "clerk_user_id": "user_2yXh6Wu8FUd7VbPEB56M0XfXsio", "deactivated_at": null, "deactivated_by": null, "status_changed_at": "2025-06-28T05:32:28.086733+00:00", "status_changed_by": null, "status_change_reason": null, "default_admin_time_percentage": 20.00}	\N	\N	\N	\N	t	\N	\N	2025-07-26 06:18:43.914982+00
86634479-d688-47d1-a34a-e742882fb4e8	2025-07-26 06:18:43.95991+00	\N	\N	\N	UPDATE	users	e4313314-b89e-4346-9bb5-3aaf464c7152	{"id": "e4313314-b89e-4346-9bb5-3aaf464c7152", "bio": null, "name": "Jill Viewer", "role": "viewer", "email": "viewer@example.com", "image": "https://img.clerk.com/eyJ0eXBlIjoiZGVmYXVsdCIsImlpZCI6Imluc18ydUNFWFhtQXhBcXNZTkhnTTBQNm1TY0U1QnQiLCJyaWQiOiJ1c2VyXzJ1Q1VFS1N4Y2xkczc0TnYwaWZDZW5iOWs4dyIsImluaXRpYWxzIjoiSlYifQ", "phone": null, "status": "active", "address": null, "is_staff": true, "position": "senior_partner", "username": null, "is_active": true, "created_at": "2025-05-23T06:45:00.468049+00:00", "manager_id": null, "updated_at": "2025-07-26T03:54:12.725875+00:00", "clerk_user_id": "user_2yXhB08hGyXX7p8C8pWg5yPceIx", "deactivated_at": null, "deactivated_by": null, "status_changed_at": "2025-06-28T05:32:28.086733+00:00", "status_changed_by": null, "status_change_reason": null, "default_admin_time_percentage": 80.00}	{"id": "e4313314-b89e-4346-9bb5-3aaf464c7152", "bio": null, "name": "Vera Viewer", "role": "viewer", "email": "viewer@example.com", "image": "https://img.clerk.com/eyJ0eXBlIjoiZGVmYXVsdCIsImlpZCI6Imluc18ydUNFWFhtQXhBcXNZTkhnTTBQNm1TY0U1QnQiLCJyaWQiOiJ1c2VyXzJ1Q1VFS1N4Y2xkczc0TnYwaWZDZW5iOWs4dyIsImluaXRpYWxzIjoiSlYifQ", "phone": null, "status": "active", "address": null, "is_staff": true, "position": "consultant", "username": null, "is_active": true, "created_at": "2025-05-23T06:45:00.468049+00:00", "manager_id": null, "updated_at": "2025-07-26T06:18:43.95991+00:00", "clerk_user_id": "user_2yXhB08hGyXX7p8C8pWg5yPceIx", "deactivated_at": null, "deactivated_by": null, "status_changed_at": "2025-06-28T05:32:28.086733+00:00", "status_changed_by": null, "status_change_reason": null, "default_admin_time_percentage": 15.00}	\N	\N	\N	\N	t	\N	\N	2025-07-26 06:18:43.95991+00
df912f12-d322-4340-b74e-a3ff77fe264a	2025-07-26 23:51:58.739012+00	\N	\N	\N	MIGRATION	system	audit_inet_fix	\N	\N	127.0.0.1	migration_script	\N	\N	t	\N	{"date": "2025-07-26", "issue": "AcceptInvitationEnhanced mutation failing with inet error", "migration": "fix_audit_inet_error", "description": "Fixed audit triggers to use valid inet IP addresses"}	2025-07-26 23:51:58.739012+00
765a6dd6-61f4-4769-bedd-f399b9200e5c	2025-07-26 23:52:29.012947+00	\N	\N	\N	MIGRATION	system	audit_inet_fix	\N	\N	127.0.0.1	migration_script	\N	\N	t	\N	{"date": "2025-07-26", "issue": "AcceptInvitationEnhanced mutation failing with inet error", "migration": "fix_audit_inet_error", "description": "Fixed audit triggers to use valid inet IP addresses"}	2025-07-26 23:52:29.012947+00
815c503b-f746-4d14-8f24-657e605019e5	2025-07-26 23:52:58.22696+00	d9ac8a7b-f679-49a1-8c99-837eb977578b	\N	\N	invitation_status_change	user_invitation	8d4ff9c1-5a45-4ab6-8eb9-3a98a06b65fd	{"status": "pending"}	{"status": "accepted"}	127.0.0.1	database_trigger	\N	\N	t	\N	{"email": "nathan.harris02+test@gmail.com", "changed_at": "2025-07-26T23:52:58.22696+00:00", "changed_by": "d9ac8a7b-f679-49a1-8c99-837eb977578b", "invited_by": "d9ac8a7b-f679-49a1-8c99-837eb977578b", "new_status": "accepted", "old_status": "pending", "change_reason": null, "invitation_id": "8d4ff9c1-5a45-4ab6-8eb9-3a98a06b65fd"}	2025-07-26 23:52:58.22696+00
a2ff385f-d874-4747-8a41-5555c377c5d5	2025-07-27 01:01:45.909977+00	7898704c-ee5c-4ade-81f3-80a4388413fb	\N	\N	AUDIT_TEST	system	test-audit-123	\N	{"testType": "business_logic_verification", "timestamp": "2025-07-27"}	\N	\N	\N	\N	t	\N	\N	2025-07-27 01:01:45.909977+00
14f84f86-75dc-41b6-8610-30bfc80bc7ec	2025-07-27 03:58:00.661892+00	\N	\N	\N	TEST_AUDIT	test	\N	\N	\N	192.168.1.100	Test Agent	\N	\N	t	\N	{"test": true}	2025-07-27 03:58:00.661892+00
ef0d99e7-c286-47a7-8090-8a43a2c3336a	2025-07-27 04:18:11.853369+00	\N	\N	\N	TEST_SOC2_AUDIT	test_compliance	\N	\N	\N	192.168.1.100	SOC2-Test-Agent	\N	\N	t	\N	{"testType": "SOC2_compliance", "timestamp": "2025-07-27T04:00:00Z"}	2025-07-27 04:18:11.853369+00
c4bf9344-7d5a-4ad9-b5ea-cfb82525b214	2025-07-27 06:13:42.984591+00	\N	\N	\N	PERMISSION_DENIED	admin_settings	\N	\N	\N	192.168.1.150	SOC2-Permission-Test	\N	\N	f	Access denied for action: DELETE admin_settings	{"resource": "admin_settings", "testType": "SOC2_permission_test", "attemptedAction": "DELETE"}	2025-07-27 06:13:42.984591+00
92916dfb-56e1-402b-9832-656b199e7491	2025-07-28 00:57:13.030541+00	d9ac8a7b-f679-49a1-8c99-837eb977578b	\N	\N	invitation_status_change	user_invitation	8d4ff9c1-5a45-4ab6-8eb9-3a98a06b65fd	{"status": "accepted"}	{"status": "pending"}	127.0.0.1	database_trigger	\N	\N	t	\N	{"email": "nathan.harris02+test@gmail.com", "changed_at": "2025-07-28T00:57:13.030541+00:00", "changed_by": null, "invited_by": "d9ac8a7b-f679-49a1-8c99-837eb977578b", "new_status": "pending", "old_status": "accepted", "change_reason": null, "invitation_id": "8d4ff9c1-5a45-4ab6-8eb9-3a98a06b65fd"}	2025-07-28 00:57:13.030541+00
43f1634d-93ed-44c0-b3d8-1c3a0e195679	2025-07-28 02:46:51.498044+00	\N	\N	\N	UPDATE	users	7898704c-ee5c-4ade-81f3-80a4388413fb	{"id": "7898704c-ee5c-4ade-81f3-80a4388413fb", "bio": null, "name": "Test User", "role": "consultant", "email": "nathan.harris@invenco.net", "image": "https://img.clerk.com/eyJ0eXBlIjoiZGVmYXVsdCIsImlpZCI6Imluc18ydUNFWFhtQXhBcXNZTkhnTTBQNm1TY0U1QnQiLCJyaWQiOiJ1c2VyXzJ4cUlkQmNQSldiUHNNZzc1Tklkc0VsbW9VVCIsImluaXRpYWxzIjoiVFUifQ", "phone": null, "status": "active", "address": null, "is_staff": true, "position": "manager", "username": null, "is_active": true, "last_name": null, "created_at": "2025-05-31T02:40:37.787341+00:00", "first_name": null, "manager_id": null, "updated_at": "2025-05-31T03:30:23.914982+00:00", "clerk_user_id": "user_2yXhEiNJEhLR25QDFnqD4dzpkkL", "deactivated_at": null, "deactivated_by": null, "status_changed_at": "2025-06-28T05:32:28.086733+00:00", "status_changed_by": null, "status_change_reason": null, "default_admin_time_percentage": 30.00}	{"id": "7898704c-ee5c-4ade-81f3-80a4388413fb", "bio": null, "name": "Test User", "role": "consultant", "email": "nathan.harris@invenco.net", "image": "https://img.clerk.com/eyJ0eXBlIjoiZGVmYXVsdCIsImlpZCI6Imluc18ydUNFWFhtQXhBcXNZTkhnTTBQNm1TY0U1QnQiLCJyaWQiOiJ1c2VyXzJ4cUlkQmNQSldiUHNNZzc1Tklkc0VsbW9VVCIsImluaXRpYWxzIjoiVFUifQ", "phone": null, "status": "active", "address": null, "is_staff": true, "position": "manager", "username": null, "is_active": true, "last_name": "User", "created_at": "2025-05-31T02:40:37.787341+00:00", "first_name": "Test", "manager_id": null, "updated_at": "2025-07-28T02:46:51.498044+00:00", "clerk_user_id": "user_2yXhEiNJEhLR25QDFnqD4dzpkkL", "deactivated_at": null, "deactivated_by": null, "status_changed_at": "2025-06-28T05:32:28.086733+00:00", "status_changed_by": null, "status_change_reason": null, "default_admin_time_percentage": 30.00}	\N	\N	\N	\N	t	\N	\N	2025-07-28 02:46:51.498044+00
d156c29c-7e5b-420d-b6ac-95f24e77a6af	2025-07-28 02:46:51.498044+00	\N	\N	\N	UPDATE	users	d9ac8a7b-f679-49a1-8c99-837eb977578b	{"id": "d9ac8a7b-f679-49a1-8c99-837eb977578b", "bio": null, "name": "Nathan Harris", "role": "developer", "email": "nathan.harris02@gmail.com", "image": "https://img.clerk.com/eyJ0eXBlIjoiZGVmYXVsdCIsImlpZCI6Imluc18ydUNFWFhtQXhBcXNZTkhnTTBQNm1TY0U1QnQiLCJyaWQiOiJ1c2VyXzJ1TmszY2FDNkc4dGxvaHJncmtwd2Z6UXdZdiIsImluaXRpYWxzIjoiTkgifQ", "phone": null, "status": "active", "address": null, "is_staff": true, "position": "partner", "username": null, "is_active": true, "last_name": null, "created_at": "2025-05-23T06:45:00.468049+00:00", "first_name": null, "manager_id": null, "updated_at": "2025-07-08T12:33:22.101995+00:00", "clerk_user_id": "user_2uNk3caC6G8tlohrgrkpwfzQwYv", "deactivated_at": null, "deactivated_by": null, "status_changed_at": "2025-06-28T05:32:28.086733+00:00", "status_changed_by": null, "status_change_reason": null, "default_admin_time_percentage": 70.00}	{"id": "d9ac8a7b-f679-49a1-8c99-837eb977578b", "bio": null, "name": "Nathan Harris", "role": "developer", "email": "nathan.harris02@gmail.com", "image": "https://img.clerk.com/eyJ0eXBlIjoiZGVmYXVsdCIsImlpZCI6Imluc18ydUNFWFhtQXhBcXNZTkhnTTBQNm1TY0U1QnQiLCJyaWQiOiJ1c2VyXzJ1TmszY2FDNkc4dGxvaHJncmtwd2Z6UXdZdiIsImluaXRpYWxzIjoiTkgifQ", "phone": null, "status": "active", "address": null, "is_staff": true, "position": "partner", "username": null, "is_active": true, "last_name": "Harris", "created_at": "2025-05-23T06:45:00.468049+00:00", "first_name": "Nathan", "manager_id": null, "updated_at": "2025-07-28T02:46:51.498044+00:00", "clerk_user_id": "user_2uNk3caC6G8tlohrgrkpwfzQwYv", "deactivated_at": null, "deactivated_by": null, "status_changed_at": "2025-06-28T05:32:28.086733+00:00", "status_changed_by": null, "status_change_reason": null, "default_admin_time_percentage": 70.00}	\N	\N	\N	\N	t	\N	\N	2025-07-28 02:46:51.498044+00
f267bb70-415d-4a68-81cb-9c2b5968200c	2025-07-28 02:46:51.498044+00	\N	\N	\N	UPDATE	users	3c2d1f6e-17a3-4a5f-8856-a2106456755c	{"id": "3c2d1f6e-17a3-4a5f-8856-a2106456755c", "bio": null, "name": "Test Developer", "role": "developer", "email": "developer@example.com", "image": null, "phone": null, "status": "active", "address": null, "is_staff": true, "position": "senior_partner", "username": null, "is_active": true, "last_name": null, "created_at": "2025-07-26T00:00:00+00:00", "first_name": null, "manager_id": null, "updated_at": "2025-07-26T06:18:43.761918+00:00", "clerk_user_id": "user_30Oc5BrHZvfnSZZHxvsQtqyenK0", "deactivated_at": null, "deactivated_by": null, "status_changed_at": "2025-07-26T00:00:00+00:00", "status_changed_by": null, "status_change_reason": null, "default_admin_time_percentage": 10.00}	{"id": "3c2d1f6e-17a3-4a5f-8856-a2106456755c", "bio": null, "name": "Test Developer", "role": "developer", "email": "developer@example.com", "image": null, "phone": null, "status": "active", "address": null, "is_staff": true, "position": "senior_partner", "username": null, "is_active": true, "last_name": "Developer", "created_at": "2025-07-26T00:00:00+00:00", "first_name": "Test", "manager_id": null, "updated_at": "2025-07-28T02:46:51.498044+00:00", "clerk_user_id": "user_30Oc5BrHZvfnSZZHxvsQtqyenK0", "deactivated_at": null, "deactivated_by": null, "status_changed_at": "2025-07-26T00:00:00+00:00", "status_changed_by": null, "status_change_reason": null, "default_admin_time_percentage": 10.00}	\N	\N	\N	\N	t	\N	\N	2025-07-28 02:46:51.498044+00
aed4830f-9a6b-4d4d-81d1-453fc7a9da4a	2025-07-28 02:46:51.498044+00	\N	\N	\N	UPDATE	users	9aed2a64-0407-4dff-a621-2b7013e1713a	{"id": "9aed2a64-0407-4dff-a621-2b7013e1713a", "bio": null, "name": "John Admin", "role": "org_admin", "email": "admin@example.com", "image": "https://img.clerk.com/eyJ0eXBlIjoiZGVmYXVsdCIsImlpZCI6Imluc18ydUNFWFhtQXhBcXNZTkhnTTBQNm1TY0U1QnQiLCJyaWQiOiJ1c2VyXzJ1Q1R0RUJlbzcwdEFUMEdJaGliV2FRUTRpViIsImluaXRpYWxzIjoiSkEifQ", "phone": null, "status": "active", "address": null, "is_staff": true, "position": "senior_manager", "username": null, "is_active": true, "last_name": null, "created_at": "2025-05-23T06:45:00.468049+00:00", "first_name": null, "manager_id": null, "updated_at": "2025-07-26T06:18:43.821915+00:00", "clerk_user_id": "user_2yXgxgRHxUilIyqE04jWreCRoO4", "deactivated_at": null, "deactivated_by": null, "status_changed_at": "2025-06-28T05:32:28.086733+00:00", "status_changed_by": null, "status_change_reason": null, "default_admin_time_percentage": 50.00}	{"id": "9aed2a64-0407-4dff-a621-2b7013e1713a", "bio": null, "name": "John Admin", "role": "org_admin", "email": "admin@example.com", "image": "https://img.clerk.com/eyJ0eXBlIjoiZGVmYXVsdCIsImlpZCI6Imluc18ydUNFWFhtQXhBcXNZTkhnTTBQNm1TY0U1QnQiLCJyaWQiOiJ1c2VyXzJ1Q1R0RUJlbzcwdEFUMEdJaGliV2FRUTRpViIsImluaXRpYWxzIjoiSkEifQ", "phone": null, "status": "active", "address": null, "is_staff": true, "position": "senior_manager", "username": null, "is_active": true, "last_name": "Admin", "created_at": "2025-05-23T06:45:00.468049+00:00", "first_name": "John", "manager_id": null, "updated_at": "2025-07-28T02:46:51.498044+00:00", "clerk_user_id": "user_2yXgxgRHxUilIyqE04jWreCRoO4", "deactivated_at": null, "deactivated_by": null, "status_changed_at": "2025-06-28T05:32:28.086733+00:00", "status_changed_by": null, "status_change_reason": null, "default_admin_time_percentage": 50.00}	\N	\N	\N	\N	t	\N	\N	2025-07-28 02:46:51.498044+00
74bfa0ca-a903-4a40-af7c-e9a4010817ef	2025-07-28 02:46:51.498044+00	\N	\N	\N	UPDATE	users	0727c441-3fa7-44c2-b8f3-4e0b77986ac1	{"id": "0727c441-3fa7-44c2-b8f3-4e0b77986ac1", "bio": null, "name": "Jane Manager", "role": "manager", "email": "manager@example.com", "image": "https://img.clerk.com/eyJ0eXBlIjoiZGVmYXVsdCIsImlpZCI6Imluc18ydUNFWFhtQXhBcXNZTkhnTTBQNm1TY0U1QnQiLCJyaWQiOiJ1c2VyXzJ1Q1U1TzV2Z0xwcXd0Tzh4Y3JTWHRSRWcySyIsImluaXRpYWxzIjoiSk0ifQ", "phone": null, "status": "active", "address": null, "is_staff": true, "position": "manager", "username": null, "is_active": true, "last_name": null, "created_at": "2025-05-23T06:45:00.468049+00:00", "first_name": null, "manager_id": null, "updated_at": "2025-07-26T06:18:43.869942+00:00", "clerk_user_id": "user_2yXh2JHR2xtsfp16fkTdXHF9P3c", "deactivated_at": null, "deactivated_by": null, "status_changed_at": "2025-06-28T05:32:28.086733+00:00", "status_changed_by": null, "status_change_reason": null, "default_admin_time_percentage": 30.00}	{"id": "0727c441-3fa7-44c2-b8f3-4e0b77986ac1", "bio": null, "name": "Jane Manager", "role": "manager", "email": "manager@example.com", "image": "https://img.clerk.com/eyJ0eXBlIjoiZGVmYXVsdCIsImlpZCI6Imluc18ydUNFWFhtQXhBcXNZTkhnTTBQNm1TY0U1QnQiLCJyaWQiOiJ1c2VyXzJ1Q1U1TzV2Z0xwcXd0Tzh4Y3JTWHRSRWcySyIsImluaXRpYWxzIjoiSk0ifQ", "phone": null, "status": "active", "address": null, "is_staff": true, "position": "manager", "username": null, "is_active": true, "last_name": "Manager", "created_at": "2025-05-23T06:45:00.468049+00:00", "first_name": "Jane", "manager_id": null, "updated_at": "2025-07-28T02:46:51.498044+00:00", "clerk_user_id": "user_2yXh2JHR2xtsfp16fkTdXHF9P3c", "deactivated_at": null, "deactivated_by": null, "status_changed_at": "2025-06-28T05:32:28.086733+00:00", "status_changed_by": null, "status_change_reason": null, "default_admin_time_percentage": 30.00}	\N	\N	\N	\N	t	\N	\N	2025-07-28 02:46:51.498044+00
27a899fc-69e0-440b-b78e-6d59e7769901	2025-07-28 02:46:51.498044+00	\N	\N	\N	UPDATE	users	22a368d4-5d3f-4026-840c-55af6fb16972	{"id": "22a368d4-5d3f-4026-840c-55af6fb16972", "bio": null, "name": "Jim Consultant", "role": "consultant", "email": "consultant@example.com", "image": "https://img.clerk.com/eyJ0eXBlIjoiZGVmYXVsdCIsImlpZCI6Imluc18ydUNFWFhtQXhBcXNZTkhnTTBQNm1TY0U1QnQiLCJyaWQiOiJ1c2VyXzJ1Q1U5cEtmN1JQMkZpT1JISlZNNUlIMFBkMSIsImluaXRpYWxzIjoiSkMifQ", "phone": null, "status": "active", "address": null, "is_staff": true, "position": "senior_consultant", "username": null, "is_active": true, "last_name": null, "created_at": "2025-05-23T06:45:00.468049+00:00", "first_name": null, "manager_id": null, "updated_at": "2025-07-26T06:18:43.914982+00:00", "clerk_user_id": "user_2yXh6Wu8FUd7VbPEB56M0XfXsio", "deactivated_at": null, "deactivated_by": null, "status_changed_at": "2025-06-28T05:32:28.086733+00:00", "status_changed_by": null, "status_change_reason": null, "default_admin_time_percentage": 20.00}	{"id": "22a368d4-5d3f-4026-840c-55af6fb16972", "bio": null, "name": "Jim Consultant", "role": "consultant", "email": "consultant@example.com", "image": "https://img.clerk.com/eyJ0eXBlIjoiZGVmYXVsdCIsImlpZCI6Imluc18ydUNFWFhtQXhBcXNZTkhnTTBQNm1TY0U1QnQiLCJyaWQiOiJ1c2VyXzJ1Q1U5cEtmN1JQMkZpT1JISlZNNUlIMFBkMSIsImluaXRpYWxzIjoiSkMifQ", "phone": null, "status": "active", "address": null, "is_staff": true, "position": "senior_consultant", "username": null, "is_active": true, "last_name": "Consultant", "created_at": "2025-05-23T06:45:00.468049+00:00", "first_name": "Jim", "manager_id": null, "updated_at": "2025-07-28T02:46:51.498044+00:00", "clerk_user_id": "user_2yXh6Wu8FUd7VbPEB56M0XfXsio", "deactivated_at": null, "deactivated_by": null, "status_changed_at": "2025-06-28T05:32:28.086733+00:00", "status_changed_by": null, "status_change_reason": null, "default_admin_time_percentage": 20.00}	\N	\N	\N	\N	t	\N	\N	2025-07-28 02:46:51.498044+00
8264ee14-93aa-47d6-b1ae-53c1b9117bff	2025-07-28 02:46:51.498044+00	\N	\N	\N	UPDATE	users	e4313314-b89e-4346-9bb5-3aaf464c7152	{"id": "e4313314-b89e-4346-9bb5-3aaf464c7152", "bio": null, "name": "Vera Viewer", "role": "viewer", "email": "viewer@example.com", "image": "https://img.clerk.com/eyJ0eXBlIjoiZGVmYXVsdCIsImlpZCI6Imluc18ydUNFWFhtQXhBcXNZTkhnTTBQNm1TY0U1QnQiLCJyaWQiOiJ1c2VyXzJ1Q1VFS1N4Y2xkczc0TnYwaWZDZW5iOWs4dyIsImluaXRpYWxzIjoiSlYifQ", "phone": null, "status": "active", "address": null, "is_staff": true, "position": "consultant", "username": null, "is_active": true, "last_name": null, "created_at": "2025-05-23T06:45:00.468049+00:00", "first_name": null, "manager_id": null, "updated_at": "2025-07-26T06:18:43.95991+00:00", "clerk_user_id": "user_2yXhB08hGyXX7p8C8pWg5yPceIx", "deactivated_at": null, "deactivated_by": null, "status_changed_at": "2025-06-28T05:32:28.086733+00:00", "status_changed_by": null, "status_change_reason": null, "default_admin_time_percentage": 15.00}	{"id": "e4313314-b89e-4346-9bb5-3aaf464c7152", "bio": null, "name": "Vera Viewer", "role": "viewer", "email": "viewer@example.com", "image": "https://img.clerk.com/eyJ0eXBlIjoiZGVmYXVsdCIsImlpZCI6Imluc18ydUNFWFhtQXhBcXNZTkhnTTBQNm1TY0U1QnQiLCJyaWQiOiJ1c2VyXzJ1Q1VFS1N4Y2xkczc0TnYwaWZDZW5iOWs4dyIsImluaXRpYWxzIjoiSlYifQ", "phone": null, "status": "active", "address": null, "is_staff": true, "position": "consultant", "username": null, "is_active": true, "last_name": "Viewer", "created_at": "2025-05-23T06:45:00.468049+00:00", "first_name": "Vera", "manager_id": null, "updated_at": "2025-07-28T02:46:51.498044+00:00", "clerk_user_id": "user_2yXhB08hGyXX7p8C8pWg5yPceIx", "deactivated_at": null, "deactivated_by": null, "status_changed_at": "2025-06-28T05:32:28.086733+00:00", "status_changed_by": null, "status_change_reason": null, "default_admin_time_percentage": 15.00}	\N	\N	\N	\N	t	\N	\N	2025-07-28 02:46:51.498044+00
\.


--
-- Data for Name: auth_events; Type: TABLE DATA; Schema: audit; Owner: -
--

COPY audit.auth_events (id, event_time, event_type, user_id, user_email, ip_address, user_agent, success, failure_reason, metadata, created_at) FROM stdin;
88bd2bb4-9058-4416-8f29-46281167304f	2025-07-27 06:13:11.19342+00	LOGIN	\N	test@soc2-compliance.com	192.168.1.200	SOC2-Auth-Test	t	\N	{"testType": "SOC2_auth_compliance"}	2025-07-27 06:13:11.19342+00
ee283951-734a-4da3-9639-07b58ad8b5c8	2025-07-27 06:13:19.794431+00	LOGIN_FAILED	\N	invalid@soc2-test.com	192.168.1.201	SOC2-Auth-Test	f	Invalid credentials - SOC2 test	\N	2025-07-27 06:13:19.794431+00
\.


--
-- Data for Name: data_access_log; Type: TABLE DATA; Schema: audit; Owner: -
--

COPY audit.data_access_log (id, accessed_at, user_id, resource_type, resource_id, access_type, data_classification, fields_accessed, query_executed, row_count, ip_address, session_id, metadata) FROM stdin;
\.


--
-- Data for Name: permission_changes; Type: TABLE DATA; Schema: audit; Owner: -
--

COPY audit.permission_changes (id, changed_at, changed_by_user_id, target_user_id, target_role_id, change_type, permission_type, old_permissions, new_permissions, reason, approved_by_user_id, metadata) FROM stdin;
\.


--
-- Data for Name: slow_queries; Type: TABLE DATA; Schema: audit; Owner: -
--

COPY audit.slow_queries (id, query_start, query_duration, query, user_id, application_name, client_addr, created_at) FROM stdin;
\.


--
-- Data for Name: hdb_action_log; Type: TABLE DATA; Schema: hdb_catalog; Owner: -
--

COPY hdb_catalog.hdb_action_log (id, action_name, input_payload, request_headers, session_variables, response_payload, errors, created_at, response_received_at, status) FROM stdin;
\.


--
-- Data for Name: hdb_cron_events; Type: TABLE DATA; Schema: hdb_catalog; Owner: -
--

COPY hdb_catalog.hdb_cron_events (id, trigger_name, scheduled_time, status, tries, created_at, next_retry_at) FROM stdin;
\.


--
-- Data for Name: hdb_cron_event_invocation_logs; Type: TABLE DATA; Schema: hdb_catalog; Owner: -
--

COPY hdb_catalog.hdb_cron_event_invocation_logs (id, event_id, status, request, response, created_at) FROM stdin;
\.


--
-- Data for Name: hdb_metadata; Type: TABLE DATA; Schema: hdb_catalog; Owner: -
--

COPY hdb_catalog.hdb_metadata (id, metadata, resource_version) FROM stdin;
1	{"actions":[{"definition":{"arguments":[{"name":"leaveId","type":"String!"},{"name":"approvalStatus","type":"String!"},{"name":"notes","type":"String"}],"forward_client_headers":true,"handler":"{{ACTION_BASE_ENDPOINT}}/api/leave/approve","headers":[{"name":"Authorization","value":"Bearer {{$session_variables.x-hasura-user-id}}"},{"name":"X-Hasura-User-Id","value":"{{$session_variables.x-hasura-user-id}}"},{"name":"X-Hasura-Role","value":"{{$session_variables.x-hasura-role}}"}],"kind":"synchronous","output_type":"LeaveResponse!","type":"mutation"},"name":"approve_leave_request","permissions":[{"role":"developer"},{"role":"org_admin"},{"role":"manager"}]},{"definition":{"arguments":[{"name":"input","type":"AuditEventInput!"}],"forward_client_headers":true,"handler":"{{ACTION_BASE_ENDPOINT}}/api/audit/event","headers":[{"name":"Authorization","value":"Bearer {{$session_variables.x-hasura-user-id}}"},{"name":"X-Hasura-User-Id","value":"{{$session_variables.x-hasura-user-id}}"},{"name":"X-Hasura-Role","value":"{{$session_variables.x-hasura-role}}"}],"kind":"synchronous","output_type":"AuditEventResponse!","type":"mutation"},"name":"audit_event","permissions":[{"role":"developer"},{"role":"org_admin"},{"role":"manager"},{"role":"consultant"},{"role":"viewer"}]},{"definition":{"arguments":[{"name":"input","type":"UtilizationStatsInput!"}],"forward_client_headers":true,"handler":"{{ACTION_BASE_ENDPOINT}}/api/workload/stats","headers":[{"name":"Authorization","value":"Bearer {{$session_variables.x-hasura-user-id}}"},{"name":"X-Hasura-User-Id","value":"{{$session_variables.x-hasura-user-id}}"},{"name":"X-Hasura-Role","value":"{{$session_variables.x-hasura-role}}"}],"output_type":"UtilizationStatsResponse!","type":"query"},"name":"calculate_utilization_stats","permissions":[{"role":"developer"},{"role":"org_admin"},{"role":"manager"},{"role":"consultant"},{"role":"viewer"}]},{"definition":{"arguments":[{"name":"userId","type":"String!"},{"name":"startDate","type":"String!"},{"name":"endDate","type":"String!"},{"name":"leaveType","type":"String!"},{"name":"reason","type":"String"}],"forward_client_headers":true,"handler":"{{ACTION_BASE_ENDPOINT}}/api/leave","headers":[{"name":"Authorization","value":"Bearer {{$session_variables.x-hasura-user-id}}"},{"name":"X-Hasura-User-Id","value":"{{$session_variables.x-hasura-user-id}}"},{"name":"X-Hasura-Role","value":"{{$session_variables.x-hasura-role}}"}],"kind":"synchronous","output_type":"LeaveResponse!","type":"mutation"},"name":"create_leave_request","permissions":[{"role":"developer"},{"role":"org_admin"},{"role":"manager"},{"role":"consultant"},{"role":"viewer"}]},{"definition":{"arguments":[{"name":"name","type":"String!"},{"name":"clientId","type":"String!"},{"name":"processingTime","type":"Int!"},{"name":"complexity","type":"String!"}],"forward_client_headers":true,"handler":"{{ACTION_BASE_ENDPOINT}}/api/payrolls","headers":[{"name":"Authorization","value":"Bearer {{$session_variables.x-hasura-user-id}}"},{"name":"X-Hasura-User-Id","value":"{{$session_variables.x-hasura-user-id}}"},{"name":"X-Hasura-Role","value":"{{$session_variables.x-hasura-role}}"}],"kind":"synchronous","output_type":"PayrollResponse!","type":"mutation"},"name":"create_payroll","permissions":[{"role":"developer"},{"role":"org_admin"},{"role":"manager"},{"role":"consultant"}]},{"definition":{"arguments":[{"name":"name","type":"String!"},{"name":"email","type":"String!"},{"name":"role","type":"String!"},{"name":"managerId","type":"String"}],"forward_client_headers":true,"handler":"{{ACTION_BASE_ENDPOINT}}/api/staff","headers":[{"name":"Authorization","value":"Bearer {{$session_variables.x-hasura-user-id}}"},{"name":"X-Hasura-User-Id","value":"{{$session_variables.x-hasura-user-id}}"},{"name":"X-Hasura-Role","value":"{{$session_variables.x-hasura-role}}"}],"kind":"synchronous","output_type":"StaffResponse!","type":"mutation"},"name":"create_staff_member","permissions":[{"role":"developer"},{"role":"org_admin"},{"role":"manager"}]},{"definition":{"arguments":[{"name":"payrollId","type":"String!"},{"name":"startDate","type":"String!"},{"name":"cycleType","type":"String!"}],"forward_client_headers":true,"handler":"{{ACTION_BASE_ENDPOINT}}/api/payrolls/schedule","headers":[{"name":"Authorization","value":"Bearer {{$session_variables.x-hasura-user-id}}"},{"name":"X-Hasura-User-Id","value":"{{$session_variables.x-hasura-user-id}}"},{"name":"X-Hasura-Role","value":"{{$session_variables.x-hasura-role}}"}],"kind":"synchronous","output_type":"ScheduleResponse!","type":"mutation"},"name":"generate_payroll_schedule","permissions":[{"role":"developer"},{"role":"org_admin"},{"role":"manager"},{"role":"consultant"}]},{"definition":{"arguments":[{"name":"input","type":"AssignmentCalendarInput!"}],"forward_client_headers":true,"handler":"{{ACTION_BASE_ENDPOINT}}/api/workload/calendar","headers":[{"name":"Authorization","value":"Bearer {{$session_variables.x-hasura-user-id}}"},{"name":"X-Hasura-User-Id","value":"{{$session_variables.x-hasura-user-id}}"},{"name":"X-Hasura-Role","value":"{{$session_variables.x-hasura-role}}"}],"output_type":"AssignmentCalendarResponse!","type":"query"},"name":"get_assignment_calendar","permissions":[{"role":"developer"},{"role":"org_admin"},{"role":"manager"},{"role":"consultant"},{"role":"viewer"}]},{"definition":{"arguments":[{"name":"input","type":"TeamCapacityInput!"}],"forward_client_headers":true,"handler":"{{ACTION_BASE_ENDPOINT}}/api/workload/team-capacity","headers":[{"name":"Authorization","value":"Bearer {{$session_variables.x-hasura-user-id}}"},{"name":"X-Hasura-User-Id","value":"{{$session_variables.x-hasura-user-id}}"},{"name":"X-Hasura-Role","value":"{{$session_variables.x-hasura-role}}"}],"output_type":"TeamCapacityResponse!","type":"query"},"name":"get_team_capacity_overview","permissions":[{"role":"developer"},{"role":"org_admin"},{"role":"manager"},{"role":"consultant"}]},{"definition":{"arguments":[{"name":"input","type":"WorkloadMetricsInput!"}],"forward_client_headers":true,"handler":"{{ACTION_BASE_ENDPOINT}}/api/workload/metrics","headers":[{"name":"Authorization","value":"Bearer {{$session_variables.x-hasura-user-id}}"},{"name":"X-Hasura-User-Id","value":"{{$session_variables.x-hasura-user-id}}"},{"name":"X-Hasura-Role","value":"{{$session_variables.x-hasura-role}}"}],"output_type":"WorkloadMetricsResponse!","type":"query"},"name":"get_workload_metrics","permissions":[{"role":"developer"},{"role":"org_admin"},{"role":"manager"},{"role":"consultant"},{"role":"viewer"}]},{"definition":{"arguments":[{"name":"id","type":"String!"},{"name":"name","type":"String"},{"name":"processingTime","type":"Int"},{"name":"complexity","type":"String"}],"forward_client_headers":true,"handler":"{{ACTION_BASE_ENDPOINT}}/api/payrolls","headers":[{"name":"Authorization","value":"Bearer {{$session_variables.x-hasura-user-id}}"},{"name":"X-Hasura-User-Id","value":"{{$session_variables.x-hasura-user-id}}"},{"name":"X-Hasura-Role","value":"{{$session_variables.x-hasura-role}}"}],"kind":"synchronous","output_type":"PayrollResponse!","type":"mutation"},"name":"update_payroll","permissions":[{"role":"developer"},{"role":"org_admin"},{"role":"manager"}]},{"definition":{"arguments":[{"name":"userId","type":"String!"},{"name":"name","type":"String"},{"name":"email","type":"String"},{"name":"role","type":"String"},{"name":"managerId","type":"String"}],"forward_client_headers":true,"handler":"{{ACTION_BASE_ENDPOINT}}/api/staff/update","headers":[{"name":"Authorization","value":"Bearer {{$session_variables.x-hasura-user-id}}"},{"name":"X-Hasura-User-Id","value":"{{$session_variables.x-hasura-user-id}}"},{"name":"X-Hasura-Role","value":"{{$session_variables.x-hasura-role}}"}],"kind":"synchronous","output_type":"StaffResponse!","type":"mutation"},"name":"update_staff_member","permissions":[{"role":"developer"},{"role":"org_admin"},{"role":"manager"}]},{"definition":{"arguments":[{"name":"userId","type":"String!"},{"name":"role","type":"String!"}],"forward_client_headers":true,"handler":"{{ACTION_BASE_ENDPOINT}}/api/update-user-role","headers":[{"name":"Authorization","value":"Bearer {{$session_variables.x-hasura-user-id}}"},{"name":"X-Hasura-User-Id","value":"{{$session_variables.x-hasura-user-id}}"},{"name":"X-Hasura-Role","value":"{{$session_variables.x-hasura-role}}"}],"kind":"synchronous","output_type":"UserRoleResponse!","type":"mutation"},"name":"update_user_role","permissions":[{"role":"developer"}]}],"api_limits":{"batch_limit":{"global":10,"per_role":{"consultant":5,"developer":15,"manager":8,"org_admin":10,"viewer":3}},"depth_limit":{"global":15,"per_role":{"consultant":10,"developer":20,"manager":12,"org_admin":15,"viewer":8}},"disabled":false,"node_limit":{"global":1000,"per_role":{"consultant":500,"developer":2000,"manager":800,"org_admin":1000,"viewer":200}},"rate_limit":{"global":{"max_reqs_per_min":1000,"unique_params":"IP"},"per_role":{"consultant":{"max_reqs_per_min":300,"unique_params":null},"developer":{"max_reqs_per_min":1200,"unique_params":null},"manager":{"max_reqs_per_min":500,"unique_params":null},"org_admin":{"max_reqs_per_min":800,"unique_params":null},"viewer":{"max_reqs_per_min":200,"unique_params":null}}},"time_limit":{"global":30,"per_role":{"consultant":20,"developer":60,"manager":25,"org_admin":30,"viewer":15}}},"backend_configs":{"dataconnector":{"athena":{"uri":"http://localhost:8081/api/v1/athena"},"mariadb":{"uri":"http://localhost:8081/api/v1/mariadb"},"mongodb":{"uri":"http://localhost:8082"},"mysql8":{"uri":"http://localhost:8081/api/v1/mysql"},"oracle":{"uri":"http://localhost:8081/api/v1/oracle"},"redshift":{"uri":"http://localhost:8081/api/v1/redshift"},"snowflake":{"uri":"http://localhost:8081/api/v1/snowflake"}}},"custom_types":{"input_objects":[{"fields":[{"name":"payrollId","type":"String!"},{"name":"fromConsultantId","type":"String!"},{"name":"toConsultantId","type":"String!"},{"name":"date","type":"String!"}],"name":"PayrollAssignmentInput"},{"fields":[{"name":"userId","type":"String!"},{"name":"action","type":"String!"},{"name":"resourceType","type":"String!"},{"name":"resourceId","type":"String"},{"name":"metadata","type":"json"},{"name":"ipAddress","type":"String"},{"name":"userAgent","type":"String"}],"name":"AuditEventInput"},{"fields":[{"name":"reportType","type":"String!"},{"name":"startDate","type":"String!"},{"name":"endDate","type":"String!"},{"name":"includeDetails","type":"Boolean"}],"name":"ComplianceReportInput"},{"fields":[{"name":"userId","type":"String!"},{"name":"period","type":"String!"},{"name":"startDate","type":"String!"},{"name":"endDate","type":"String!"}],"name":"WorkloadMetricsInput"},{"fields":[{"name":"teamIds","type":"[String!]!"},{"name":"period","type":"String!"},{"name":"startDate","type":"String!"},{"name":"endDate","type":"String!"}],"name":"TeamCapacityInput"},{"fields":[{"name":"userId","type":"String!"},{"name":"startDate","type":"String!"},{"name":"endDate","type":"String!"}],"name":"AssignmentCalendarInput"},{"fields":[{"name":"userId","type":"String!"},{"name":"period","type":"String!"},{"name":"startDate","type":"String!"},{"name":"endDate","type":"String!"}],"name":"UtilizationStatsInput"}],"objects":[{"fields":[{"name":"id","type":"String!"},{"name":"payrollDateId","type":"String!"},{"name":"originalConsultantId","type":"String!"},{"name":"newConsultantId","type":"String!"},{"name":"adjustedEftDate","type":"String!"}],"name":"AffectedAssignment"},{"fields":[{"name":"success","type":"Boolean!"},{"name":"message","type":"String"},{"name":"errors","type":"[String!]"},{"name":"affectedAssignments","type":"[AffectedAssignment!]"}],"name":"CommitPayrollAssignmentsOutput"},{"fields":[{"name":"success","type":"Boolean!"},{"name":"eventId","type":"String"},{"name":"message","type":"String"}],"name":"AuditEventResponse"},{"fields":[{"name":"success","type":"Boolean!"},{"name":"reportUrl","type":"String"},{"name":"summary","type":"json"},{"name":"generatedAt","type":"String!"}],"name":"ComplianceReportResponse"},{"fields":[{"name":"success","type":"Boolean!"},{"name":"suspicious","type":"Boolean!"},{"name":"events","type":"[SuspiciousEvent!]"},{"name":"message","type":"String"}],"name":"SuspiciousActivityResponse"},{"fields":[{"name":"eventType","type":"String!"},{"name":"count","type":"Int!"},{"name":"timeframe","type":"String!"},{"name":"severity","type":"String!"}],"name":"SuspiciousEvent"},{"fields":[{"name":"success","type":"Boolean!"},{"name":"payrollId","type":"String"},{"name":"message","type":"String"},{"name":"errors","type":"[String!]"}],"name":"PayrollResponse"},{"fields":[{"name":"success","type":"Boolean!"},{"name":"scheduleId","type":"String"},{"name":"dates","type":"[String!]"},{"name":"message","type":"String"},{"name":"errors","type":"[String!]"}],"name":"ScheduleResponse"},{"fields":[{"name":"success","type":"Boolean!"},{"name":"leaveId","type":"String"},{"name":"message","type":"String"},{"name":"errors","type":"[String!]"}],"name":"LeaveResponse"},{"fields":[{"name":"success","type":"Boolean!"},{"name":"userId","type":"String"},{"name":"newRole","type":"String"},{"name":"message","type":"String"},{"name":"errors","type":"[String!]"}],"name":"UserRoleResponse"},{"fields":[{"name":"success","type":"Boolean!"},{"name":"userId","type":"String"},{"name":"message","type":"String"},{"name":"errors","type":"[String!]"}],"name":"StaffResponse"},{"fields":[{"name":"success","type":"Boolean!"},{"name":"periods","type":"[WorkloadPeriodData!]!"},{"name":"summary","type":"CapacitySummary!"},{"name":"message","type":"String"},{"name":"errors","type":"[String!]"}],"name":"WorkloadMetricsResponse"},{"fields":[{"name":"success","type":"Boolean!"},{"name":"teamMembers","type":"[WorkloadMetricsResponse!]!"},{"name":"teamSummary","type":"CapacitySummary!"},{"name":"message","type":"String"},{"name":"errors","type":"[String!]"}],"name":"TeamCapacityResponse"},{"fields":[{"name":"success","type":"Boolean!"},{"name":"calendarDays","type":"[CalendarDay!]!"},{"name":"message","type":"String"},{"name":"errors","type":"[String!]"}],"name":"AssignmentCalendarResponse"},{"fields":[{"name":"success","type":"Boolean!"},{"name":"summary","type":"CapacitySummary!"},{"name":"overallocatedPeriods","type":"Int!"},{"name":"averageUtilization","type":"Float!"},{"name":"message","type":"String"},{"name":"errors","type":"[String!]"}],"name":"UtilizationStatsResponse"},{"fields":[{"name":"date","type":"String!"},{"name":"period","type":"String!"},{"name":"fullDate","type":"String!"},{"name":"workHours","type":"Float!"},{"name":"adminTimeHours","type":"Float!"},{"name":"payrollCapacityHours","type":"Float!"},{"name":"assignedHours","type":"Float!"},{"name":"utilization","type":"Int!"},{"name":"utilizationHours","type":"Float!"},{"name":"overflowHours","type":"Float!"},{"name":"assignments","type":"[AssignmentDetails!]!"},{"name":"isOverallocated","type":"Boolean!"}],"name":"WorkloadPeriodData"},{"fields":[{"name":"totalCapacity","type":"Float!"},{"name":"totalAssigned","type":"Float!"},{"name":"avgUtilization","type":"Int!"},{"name":"overallocatedPeriods","type":"Int!"},{"name":"periodsShown","type":"Int!"}],"name":"CapacitySummary"},{"fields":[{"name":"id","type":"String!"},{"name":"name","type":"String!"},{"name":"clientName","type":"String!"},{"name":"processingTime","type":"Float!"},{"name":"processingDaysBeforeEft","type":"Int!"},{"name":"eftDate","type":"String!"},{"name":"status","type":"String!"},{"name":"priority","type":"String!"}],"name":"AssignmentDetails"},{"fields":[{"name":"date","type":"String!"},{"name":"workHours","type":"Float!"},{"name":"adminTimeHours","type":"Float!"},{"name":"payrollCapacityHours","type":"Float!"},{"name":"assignments","type":"[AssignmentDetails!]!"},{"name":"totalAssignedHours","type":"Float!"},{"name":"utilization","type":"Int!"},{"name":"isOverallocated","type":"Boolean!"}],"name":"CalendarDay"}]},"graphql_schema_introspection":{"disabled_for_roles":["consultant","viewer","manager"]},"inherited_roles":[{"role_name":"ai_assistant","role_set":["viewer"]},{"role_name":"consultant","role_set":["viewer"]},{"role_name":"manager","role_set":["consultant","viewer"]},{"role_name":"org_admin","role_set":["consultant","viewer","manager"]}],"sources":[{"configuration":{"connection_info":{"database_url":{"from_env":"PG_DATABASE_URL"},"isolation_level":"read-committed","use_prepared_statements":true}},"customization":{"naming_convention":"graphql-default"},"functions":[{"configuration":{"custom_root_fields":{"function":"activatePayrollVersions","function_aggregate":"activatePayrollVersionsAggregate"},"exposed_as":"query"},"function":{"name":"activate_payroll_versions","schema":"public"}},{"configuration":{"custom_name":"create_payroll_version","custom_root_fields":{"function":"createPayrollVersion","function_aggregate":"createPayrollVersionAggregate"},"exposed_as":"query"},"function":{"name":"create_payroll_version","schema":"public"},"permissions":[{"role":"user"},{"role":"developer"},{"role":"org_admin"},{"role":"manager"},{"role":"consultant"}]},{"configuration":{"custom_root_fields":{"function":"createPayrollVersionSimple","function_aggregate":"createPayrollVersionSimpleAggregate"},"exposed_as":"query"},"function":{"name":"create_payroll_version_simple","schema":"public"}},{"configuration":{"custom_root_fields":{"function":"generatePayrollDates","function_aggregate":"generatePayrollDatesAggregate"},"exposed_as":"query"},"function":{"name":"generate_payroll_dates","schema":"public"}},{"configuration":{"custom_root_fields":{"function":"getLatestPayrollVersion","function_aggregate":"getLatestPayrollVersionAggregate"},"exposed_as":"query"},"function":{"name":"get_latest_payroll_version","schema":"public"}},{"configuration":{"custom_root_fields":{"function":"getPayrollVersionHistory","function_aggregate":"getPayrollVersionHistoryAggregate"},"exposed_as":"query"},"function":{"name":"get_payroll_version_history","schema":"public"}}],"kind":"postgres","name":"default","tables":[{"apollo_federation_config":{"enable":"v1"},"configuration":{"column_config":{"error_message":{"custom_name":"errorMessage"},"event_time":{"custom_name":"eventTime"},"ip_address":{"custom_name":"ipAddress"},"new_values":{"custom_name":"newValues"},"old_values":{"custom_name":"oldValues"},"request_id":{"custom_name":"requestId"},"resource_id":{"custom_name":"resourceId"},"resource_type":{"custom_name":"resourceType"},"session_id":{"custom_name":"sessionId"},"user_agent":{"custom_name":"userAgent"},"user_email":{"custom_name":"userEmail"},"user_id":{"custom_name":"userId"},"user_role":{"custom_name":"userRole"}},"custom_column_names":{"error_message":"errorMessage","event_time":"eventTime","ip_address":"ipAddress","new_values":"newValues","old_values":"oldValues","request_id":"requestId","resource_id":"resourceId","resource_type":"resourceType","session_id":"sessionId","user_agent":"userAgent","user_email":"userEmail","user_id":"userId","user_role":"userRole"},"custom_name":"auditLogs","custom_root_fields":{"delete":"bulkDeleteAuditLogs","delete_by_pk":"deleteAuditLogById","insert":"bulkInsertAuditLogs","insert_one":"insertAuditLog","select":"auditLogs","select_aggregate":"auditLogsAggregate","select_by_pk":"auditLogById","update":"bulkUpdateAuditLogs","update_by_pk":"updateAuditLogById"}},"delete_permissions":[{"comment":"Developer role has full delete access","permission":{"filter":{}},"role":"developer"}],"insert_permissions":[{"permission":{"check":{},"columns":["user_id","user_email","user_role","action","resource_type","resource_id","old_values","new_values","ip_address","user_agent","session_id","request_id","success","error_message","metadata"]},"role":"system"}],"select_permissions":[{"comment":"Consultants can view their own audit logs","permission":{"allow_aggregations":true,"columns":["id","event_time","user_id","user_email","user_role","action","resource_type","resource_id","success"],"filter":{"_and":[{"user_id":{"_eq":"X-Hasura-User-Id"}},{"resource_type":{"_in":["payrolls","payroll_dates","staff"]}}]}},"role":"consultant"},{"comment":"Developer role has full select access","permission":{"allow_aggregations":true,"columns":"*","filter":{}},"role":"developer"},{"comment":"Managers can view all audit logs for security monitoring","permission":{"allow_aggregations":true,"columns":["id","event_time","user_id","user_email","user_role","action","resource_type","resource_id","success","error_message","ip_address","metadata"],"filter":{}},"role":"manager"},{"comment":"Organization admins can view all audit logs","permission":{"allow_aggregations":true,"columns":["id","event_time","user_id","user_email","user_role","action","resource_type","resource_id","old_values","new_values","ip_address","user_agent","session_id","request_id","success","error_message","metadata"],"filter":{}},"role":"org_admin"},{"comment":"Viewers can see basic audit info for their own actions","permission":{"allow_aggregations":true,"columns":["id","event_time","action","resource_type","success"],"filter":{"user_id":{"_eq":"X-Hasura-User-Id"}}},"role":"viewer"}],"table":{"name":"audit_log","schema":"audit"},"update_permissions":[{"comment":"Developer role has full update access","permission":{"check":{},"columns":"*","filter":{}},"role":"developer"}]},{"apollo_federation_config":{"enable":"v1"},"configuration":{"column_config":{"created_at":{"custom_name":"createdAt"},"event_time":{"custom_name":"eventTime"},"event_type":{"custom_name":"eventType"},"failure_reason":{"custom_name":"failureReason"},"ip_address":{"custom_name":"ipAddress"},"user_agent":{"custom_name":"userAgent"},"user_email":{"custom_name":"userEmail"},"user_id":{"custom_name":"userId"}},"custom_column_names":{"created_at":"createdAt","event_time":"eventTime","event_type":"eventType","failure_reason":"failureReason","ip_address":"ipAddress","user_agent":"userAgent","user_email":"userEmail","user_id":"userId"},"custom_name":"authEvents","custom_root_fields":{"delete":"bulkDeleteAuthEvents","delete_by_pk":"deleteAuthEventById","insert":"bulkInsertAuthEvents","insert_one":"insertAuthEvent","select":"authEvents","select_aggregate":"authEventsAggregate","select_by_pk":"authEventById","update":"bulkUpdateAuthEvents","update_by_pk":"updateAuthEventById"}},"delete_permissions":[{"comment":"Developer role has full delete access","permission":{"filter":{}},"role":"developer"}],"insert_permissions":[{"permission":{"check":{},"columns":["event_type","user_id","user_email","ip_address","user_agent","success","failure_reason","metadata"]},"role":"system"}],"select_permissions":[{"comment":"Consultants can view their own auth events","permission":{"allow_aggregations":true,"columns":["id","event_time","event_type","success"],"filter":{"user_id":{"_eq":"X-Hasura-User-Id"}}},"role":"consultant"},{"comment":"Developer role has full select access","permission":{"allow_aggregations":true,"columns":"*","filter":{}},"role":"developer"},{"comment":"Managers can view all auth events for security monitoring","permission":{"allow_aggregations":true,"columns":["id","event_time","event_type","user_id","success","failure_reason"],"filter":{}},"role":"manager"},{"comment":"Organization admins can view all auth events","permission":{"allow_aggregations":true,"columns":["id","event_time","event_type","user_id","user_email","ip_address","user_agent","success","failure_reason","metadata","created_at"],"filter":{}},"role":"org_admin"},{"comment":"Viewers can see basic auth info for their own events","permission":{"allow_aggregations":true,"columns":["id","event_time","event_type","success"],"filter":{"user_id":{"_eq":"X-Hasura-User-Id"}}},"role":"viewer"}],"table":{"name":"auth_events","schema":"audit"},"update_permissions":[{"comment":"Developer role has full update access","permission":{"check":{},"columns":"*","filter":{}},"role":"developer"}]},{"apollo_federation_config":{"enable":"v1"},"configuration":{"column_config":{"access_type":{"custom_name":"accessType"},"accessed_at":{"custom_name":"accessedAt"},"data_classification":{"custom_name":"dataClassification"},"fields_accessed":{"custom_name":"fieldsAccessed"},"ip_address":{"custom_name":"ipAddress"},"query_executed":{"custom_name":"queryExecuted"},"resource_id":{"custom_name":"resourceId"},"resource_type":{"custom_name":"resourceType"},"row_count":{"custom_name":"rowCount"},"session_id":{"custom_name":"sessionId"},"user_id":{"custom_name":"userId"}},"custom_column_names":{"access_type":"accessType","accessed_at":"accessedAt","data_classification":"dataClassification","fields_accessed":"fieldsAccessed","ip_address":"ipAddress","query_executed":"queryExecuted","resource_id":"resourceId","resource_type":"resourceType","row_count":"rowCount","session_id":"sessionId","user_id":"userId"},"custom_name":"dataAccessLogs","custom_root_fields":{"delete":"bulkDeleteDataAccessLogs","delete_by_pk":"deleteDataAccessLogById","insert":"bulkInsertDataAccessLogs","insert_one":"insertDataAccessLog","select":"dataAccessLogs","select_aggregate":"dataAccessLogsAggregate","select_by_pk":"dataAccessLogById","update":"bulkUpdateDataAccessLogs","update_by_pk":"updateDataAccessLogById"}},"delete_permissions":[{"comment":"Developer role has full delete access","permission":{"filter":{}},"role":"developer"}],"insert_permissions":[{"permission":{"check":{},"columns":["user_id","resource_type","resource_id","access_type","data_classification","fields_accessed","query_executed","row_count","ip_address","session_id","metadata"]},"role":"system"}],"select_permissions":[{"comment":"Developer role has full select access","permission":{"allow_aggregations":true,"columns":"*","filter":{}},"role":"developer"},{"permission":{"columns":["accessed_at","user_id","resource_type","access_type","row_count"],"filter":{"_and":[{"user_id":{"_eq":"X-Hasura-User-Id"}},{"data_classification":{"_in":["LOW","MEDIUM"]}}]}},"role":"manager"},{"comment":"Organization admins can view all data access logs including CRITICAL","permission":{"allow_aggregations":true,"columns":["id","accessed_at","user_id","resource_type","resource_id","access_type","data_classification","fields_accessed","query_executed","row_count","ip_address","session_id","metadata"],"filter":{}},"role":"org_admin"}],"table":{"name":"data_access_log","schema":"audit"},"update_permissions":[{"comment":"Developer role has full update access","permission":{"check":{},"columns":"*","filter":{}},"role":"developer"}]},{"apollo_federation_config":{"enable":"v1"},"configuration":{"column_config":{"approved_by_user_id":{"custom_name":"approvedByUserId"},"change_type":{"custom_name":"changeType"},"changed_at":{"custom_name":"changedAt"},"changed_by_user_id":{"custom_name":"changedByUserId"},"new_permissions":{"custom_name":"newPermissions"},"old_permissions":{"custom_name":"oldPermissions"},"permission_type":{"custom_name":"permissionType"},"target_role_id":{"custom_name":"targetRoleId"},"target_user_id":{"custom_name":"targetUserId"}},"custom_column_names":{"approved_by_user_id":"approvedByUserId","change_type":"changeType","changed_at":"changedAt","changed_by_user_id":"changedByUserId","new_permissions":"newPermissions","old_permissions":"oldPermissions","permission_type":"permissionType","target_role_id":"targetRoleId","target_user_id":"targetUserId"},"custom_name":"permissionChanges","custom_root_fields":{"delete":"bulkDeletePermissionChanges","delete_by_pk":"deletePermissionChangeById","insert":"bulkInsertPermissionChanges","insert_one":"insertPermissionChange","select":"permissionChanges","select_aggregate":"permissionChangesAggregate","select_by_pk":"permissionChangeById","update":"bulkUpdatePermissionChanges","update_by_pk":"updatePermissionChangeById"}},"delete_permissions":[{"comment":"Developer role has full delete access","permission":{"filter":{}},"role":"developer"}],"insert_permissions":[{"comment":"Developer role has full insert access","permission":{"check":{},"columns":"*"},"role":"developer"},{"permission":{"check":{},"columns":["target_user_id","target_role_id","change_type","permission_type","old_permissions","new_permissions","reason","metadata"],"set":{"changed_by_user_id":"X-Hasura-User-Id"}},"role":"org_admin"}],"select_permissions":[{"comment":"Developer role has full select access","permission":{"allow_aggregations":true,"columns":"*","filter":{}},"role":"developer"},{"permission":{"allow_aggregations":true,"columns":["id","changed_at","changed_by_user_id","target_user_id","target_role_id","change_type","permission_type","reason","approved_by_user_id"],"filter":{"changed_by_user_id":{"_eq":"X-Hasura-User-Id"}}},"role":"org_admin"}],"table":{"name":"permission_changes","schema":"audit"},"update_permissions":[{"comment":"Developer role has full update access","permission":{"check":{},"columns":"*","filter":{}},"role":"developer"}]},{"configuration":{"column_config":{"last_used":{"custom_name":"lastUsed"},"resource_name":{"custom_name":"resourceName"},"role_name":{"custom_name":"roleName"},"total_usage_count":{"custom_name":"totalUsageCount"},"users_who_used_permission":{"custom_name":"usersWhoUsedPermission"},"users_with_permission":{"custom_name":"usersWithPermission"}},"custom_column_names":{"last_used":"lastUsed","resource_name":"resourceName","role_name":"roleName","total_usage_count":"totalUsageCount","users_who_used_permission":"usersWhoUsedPermission","users_with_permission":"usersWithPermission"},"custom_name":"permissionUsageReports","custom_root_fields":{"delete":"bulkDeletePermissionUsageReports","delete_by_pk":"deletePermissionUsageReportById","insert":"bulkInsertPermissionUsageReports","insert_one":"insertPermissionUsageReport","select":"permissionUsageReports","select_aggregate":"permissionUsageReportsAggregate","select_by_pk":"permissionUsageReportById","update":"bulkUpdatePermissionUsageReports","update_by_pk":"updatePermissionUsageReportById"}},"delete_permissions":[{"comment":"Developer role has full delete access","permission":{"filter":{}},"role":"developer"}],"insert_permissions":[{"comment":"Developer role has full insert access","permission":{"check":{},"columns":"*"},"role":"developer"}],"select_permissions":[{"comment":"Developer role has full select access","permission":{"allow_aggregations":true,"columns":"*","filter":{}},"role":"developer"},{"permission":{"allow_aggregations":true,"columns":["role_name","resource_name","action","users_with_permission","users_who_used_permission","total_usage_count","last_used"],"filter":{"role_name":{"_nin":["developer"]}}},"role":"org_admin"}],"table":{"name":"permission_usage_report","schema":"audit"},"update_permissions":[{"comment":"Developer role has full update access","permission":{"check":{},"columns":"*","filter":{}},"role":"developer"}]},{"apollo_federation_config":{"enable":"v1"},"configuration":{"column_config":{"application_name":{"custom_name":"applicationName"},"client_addr":{"custom_name":"clientAddr"},"created_at":{"custom_name":"createdAt"},"query_duration":{"custom_name":"queryDuration"},"query_start":{"custom_name":"queryStart"},"user_id":{"custom_name":"userId"}},"custom_column_names":{"application_name":"applicationName","client_addr":"clientAddr","created_at":"createdAt","query_duration":"queryDuration","query_start":"queryStart","user_id":"userId"},"custom_name":"slowQueries","custom_root_fields":{"delete":"bulkDeleteSlowQueries","delete_by_pk":"deleteSlowQueryById","insert":"bulkInsertSlowQueries","insert_one":"insertSlowQuery","select":"slowQueries","select_aggregate":"slowQueriesAggregate","select_by_pk":"slowQueryById","update":"bulkUpdateSlowQueries","update_by_pk":"updateSlowQueryById"}},"delete_permissions":[{"comment":"Developer role has full delete access","permission":{"filter":{}},"role":"developer"}],"insert_permissions":[{"comment":"Developer role has full insert access","permission":{"check":{},"columns":"*"},"role":"developer"}],"select_permissions":[{"comment":"Developer role has full select access","permission":{"allow_aggregations":true,"columns":"*","filter":{}},"role":"developer"}],"table":{"name":"slow_queries","schema":"audit"},"update_permissions":[{"comment":"Developer role has full update access","permission":{"check":{},"columns":"*","filter":{}},"role":"developer"}]},{"configuration":{"column_config":{"created_at":{"custom_name":"createdAt"},"is_active":{"custom_name":"isActive"},"is_staff":{"custom_name":"isStaff"},"updated_at":{"custom_name":"updatedAt"}},"custom_column_names":{"created_at":"createdAt","is_active":"isActive","is_staff":"isStaff","updated_at":"updatedAt"},"custom_name":"userAccessSummaries","custom_root_fields":{"delete":"bulkDeleteUserAccessSummaries","delete_by_pk":"deleteUserAccessSummaryById","insert":"bulkInsertUserAccessSummaries","insert_one":"insertUserAccessSummary","select":"userAccessSummaries","select_aggregate":"userAccessSummariesAggregate","select_by_pk":"userAccessSummaryById","update":"bulkUpdateUserAccessSummaries","update_by_pk":"updateUserAccessSummaryById"}},"delete_permissions":[{"comment":"Developer role has full delete access","permission":{"filter":{}},"role":"developer"}],"insert_permissions":[{"comment":"Developer role has full insert access","permission":{"check":{},"columns":"*"},"role":"developer"}],"select_permissions":[{"comment":"Developer role has full select access","permission":{"allow_aggregations":true,"columns":"*","filter":{}},"role":"developer"},{"permission":{"columns":["id","name","role","is_active","created_at","updated_at"],"filter":{"role":{"_in":["consultant","viewer"]}}},"role":"manager"},{"permission":{"allow_aggregations":true,"columns":["id","name","email","role","is_active","is_staff","created_at","updated_at"],"filter":{"role":{"_nin":["developer"]}}},"role":"org_admin"}],"table":{"name":"user_access_summary","schema":"audit"},"update_permissions":[{"comment":"Developer role has full update access","permission":{"check":{},"columns":"*","filter":{}},"role":"developer"}]},{"configuration":{"column_config":{"created_at":{"custom_name":"createdAt"},"deleted_at":{"custom_name":"deletedAt"},"updated_at":{"custom_name":"updatedAt"}},"custom_column_names":{"created_at":"createdAt","deleted_at":"deletedAt","updated_at":"updatedAt"},"custom_name":"authUsersSync","custom_root_fields":{"delete":"bulkDeleteUsersSync","delete_by_pk":"deleteUserSyncById","insert":"bulkInsertUsersSync","insert_one":"insertUserSync","select":"usersSync","select_aggregate":"usersSyncAggregate","select_by_pk":"userSyncById","update":"bulkUpdateUsersSync","update_by_pk":"updateUserSyncById"}},"delete_permissions":[{"comment":"Developer role has full delete access","permission":{"filter":{}},"role":"developer"}],"insert_permissions":[{"comment":"Developer role has full insert access","permission":{"check":{},"columns":"*"},"role":"developer"}],"select_permissions":[{"comment":"Developer role has full select access","permission":{"allow_aggregations":true,"columns":"*","filter":{}},"role":"developer"},{"comment":"Org admins can view Neon Auth sync data","permission":{"columns":["id","name","email","created_at","updated_at","deleted_at"],"filter":{}},"role":"org_admin"}],"table":{"name":"users_sync","schema":"neon_auth"},"update_permissions":[{"comment":"Developer role has full update access","permission":{"check":{},"columns":"*","filter":{}},"role":"developer"}]},{"apollo_federation_config":{"enable":"v1"},"configuration":{"column_config":{"created_at":{"custom_name":"createdAt"},"cycle_id":{"custom_name":"cycleId"},"date_type_id":{"custom_name":"dateTypeId"},"rule_code":{"custom_name":"ruleCode"},"rule_description":{"custom_name":"ruleDescription"},"updated_at":{"custom_name":"updatedAt"}},"custom_column_names":{"created_at":"createdAt","cycle_id":"cycleId","date_type_id":"dateTypeId","rule_code":"ruleCode","rule_description":"ruleDescription","updated_at":"updatedAt"},"custom_name":"adjustmentRules","custom_root_fields":{"delete":"bulkDeleteAdjustmentRules","delete_by_pk":"deleteAdjustmentRuleById","insert":"bulkInsertAdjustmentRules","insert_one":"insertAdjustmentRule","select":"adjustmentRules","select_aggregate":"adjustmentRulesAggregate","select_by_pk":"adjustmentRuleById","update":"bulkUpdateAdjustmentRules","update_by_pk":"updateAdjustmentRuleById"}},"delete_permissions":[{"comment":"Developer role has full delete access","permission":{"filter":{}},"role":"developer"},{"comment":"Org admins can delete adjustment rules","permission":{"filter":{}},"role":"org_admin"}],"insert_permissions":[{"comment":"Developer role has full insert access","permission":{"check":{},"columns":"*"},"role":"developer"},{"comment":"Org admins can insert adjustment rules","permission":{"check":{},"columns":["cycle_id","date_type_id","rule_description","rule_code"]},"role":"org_admin"}],"object_relationships":[{"name":"relatedPayrollCycle","using":{"foreign_key_constraint_on":"cycle_id"}},{"name":"relatedPayrollDateType","using":{"foreign_key_constraint_on":"date_type_id"}}],"select_permissions":[{"comment":"All users can view adjustment rules as they're system-wide settings","permission":{"columns":["created_at","cycle_id","date_type_id","id","rule_code","rule_description","updated_at"],"filter":{}},"role":"consultant"},{"comment":"Developer role has full select access","permission":{"allow_aggregations":true,"columns":"*","filter":{}},"role":"developer"},{"comment":"Managers can view and aggregate adjustment rules","permission":{"allow_aggregations":true,"columns":["id","cycle_id","date_type_id","rule_code","rule_description","created_at","updated_at"],"filter":{}},"role":"manager"},{"comment":"Org admins have full view access to adjustment rules","permission":{"allow_aggregations":true,"columns":["id","cycle_id","date_type_id","rule_code","rule_description","created_at","updated_at"],"filter":{}},"role":"org_admin"},{"comment":"Viewers can view basic adjustment rule information","permission":{"columns":["created_at","cycle_id","date_type_id","id","rule_code","rule_description","updated_at"],"filter":{}},"role":"viewer"}],"table":{"name":"adjustment_rules","schema":"public"},"update_permissions":[{"comment":"Developer role has full update access","permission":{"check":{},"columns":"*","filter":{}},"role":"developer"},{"comment":"Org admins can update adjustment rules","permission":{"check":{},"columns":["rule_code","rule_description","updated_at"],"filter":{}},"role":"org_admin"}]},{"apollo_federation_config":{"enable":"v1"},"configuration":{"column_config":{},"custom_column_names":{},"custom_name":"appSettings","custom_root_fields":{"delete":"bulkDeleteAppSettings","delete_by_pk":"deleteAppSettingById","insert":"bulkInsertAppSettings","insert_one":"insertAppSetting","select":"appSettings","select_aggregate":"appSettingsAggregate","select_by_pk":"appSettingById","update":"bulkUpdateAppSettings","update_by_pk":"updateAppSettingById"}},"delete_permissions":[{"comment":"Developer role has full delete access","permission":{"filter":{}},"role":"developer"}],"insert_permissions":[{"comment":"Developer role has full insert access","permission":{"check":{},"columns":"*"},"role":"developer"}],"select_permissions":[{"comment":"All roles can view app settings","permission":{"columns":["permissions"],"filter":{}},"role":"consultant"},{"comment":"Developer role has full select access","permission":{"allow_aggregations":true,"columns":"*","filter":{}},"role":"developer"},{"comment":"All roles can view app settings","permission":{"columns":["permissions"],"filter":{}},"role":"manager"},{"comment":"Org admins can view app settings","permission":{"columns":["permissions"],"filter":{}},"role":"org_admin"},{"comment":"All roles can view app settings","permission":{"columns":["permissions"],"filter":{}},"role":"viewer"}],"table":{"name":"app_settings","schema":"public"},"update_permissions":[{"comment":"Developer role has full update access","permission":{"check":{},"columns":"*","filter":{}},"role":"developer"},{"comment":"Only org admins can update app settings","permission":{"check":{},"columns":["permissions"],"filter":{}},"role":"org_admin"}]},{"apollo_federation_config":{"enable":"v1"},"configuration":{"column_config":{"created_by":{"custom_name":"createdBy"},"event_type":{"custom_name":"eventType"},"invoice_id":{"custom_name":"invoiceId"}},"custom_column_names":{"created_by":"createdBy","event_type":"eventType","invoice_id":"invoiceId"},"custom_name":"billingEventLogs","custom_root_fields":{"delete":"bulkDeleteBillingEventLogs","delete_by_pk":"deleteBillingEventLogById","insert":"bulkInsertBillingEventLogs","insert_one":"insertBillingEventLog","select":"billingEventLogs","select_aggregate":"billingEventLogsAggregate","select_by_pk":"billingEventLogById","update":"bulkUpdateBillingEventLogs","update_by_pk":"updateBillingEventLogById"}},"delete_permissions":[{"comment":"Developer role has full delete access","permission":{"filter":{}},"role":"developer"}],"insert_permissions":[{"comment":"Developer role has full insert access","permission":{"check":{},"columns":"*"},"role":"developer"}],"object_relationships":[{"name":"billingInvoice","using":{"foreign_key_constraint_on":"invoice_id"}},{"name":"createdByUser","using":{"foreign_key_constraint_on":"created_by"}}],"select_permissions":[{"comment":"Consultants can view relevant data","permission":{"columns":["created_by","event_type","invoice_id","message"],"filter":{}},"role":"consultant"},{"comment":"Developer role has full select access","permission":{"allow_aggregations":true,"columns":"*","filter":{}},"role":"developer"},{"comment":"Managers can view all data","permission":{"allow_aggregations":true,"columns":["created_by","event_type","invoice_id","message"],"filter":{}},"role":"manager"},{"comment":"Org admins can view all data","permission":{"allow_aggregations":true,"columns":["created_by","event_type","invoice_id","message"],"filter":{}},"role":"org_admin"},{"comment":"Viewers can see basic information","permission":{"columns":["created_by","event_type","invoice_id","message"],"filter":{}},"role":"viewer"}],"table":{"name":"billing_event_log","schema":"public"},"update_permissions":[{"comment":"Developer role has full update access","permission":{"check":{},"columns":"*","filter":{}},"role":"developer"}]},{"apollo_federation_config":{"enable":"v1"},"array_relationships":[{"name":"billingEventLogs","using":{"foreign_key_constraint_on":{"column":"invoice_id","table":{"name":"billing_event_log","schema":"public"}}}},{"name":"billingInvoiceItems","using":{"foreign_key_constraint_on":{"column":"invoice_id","table":{"name":"billing_invoice_item","schema":"public"}}}}],"configuration":{"column_config":{"billing_period_end":{"custom_name":"billingPeriodEnd"},"billing_period_start":{"custom_name":"billingPeriodStart"},"client_id":{"custom_name":"clientId"},"created_at":{"custom_name":"createdAt"},"invoice_number":{"custom_name":"invoiceNumber"},"total_amount":{"custom_name":"totalAmount"},"updated_at":{"custom_name":"updatedAt"}},"custom_column_names":{"billing_period_end":"billingPeriodEnd","billing_period_start":"billingPeriodStart","client_id":"clientId","created_at":"createdAt","invoice_number":"invoiceNumber","total_amount":"totalAmount","updated_at":"updatedAt"},"custom_name":"billingInvoice","custom_root_fields":{"delete":"bulkDeleteBillingInvoice","delete_by_pk":"deleteBillingInvoiceById","insert":"bulkInsertBillingInvoice","insert_one":"insertBillingInvoice","select":"billingInvoice","select_aggregate":"billingInvoiceAggregate","select_by_pk":"billingInvoiceById","update":"bulkUpdateBillingInvoice","update_by_pk":"updateBillingInvoiceById"}},"delete_permissions":[{"comment":"Developer role has full delete access","permission":{"filter":{}},"role":"developer"}],"insert_permissions":[{"comment":"Developer role has full insert access","permission":{"check":{},"columns":"*"},"role":"developer"}],"object_relationships":[{"name":"billingPeriod","using":{"foreign_key_constraint_on":"billing_period_id"}},{"name":"client","using":{"foreign_key_constraint_on":"client_id"}}],"select_permissions":[{"comment":"Consultants can view billing data for their assigned payrolls","permission":{"columns":["billing_period_end","billing_period_start","client_id","created_at","id","invoice_number","status","total_amount","updated_at"],"filter":{}},"role":"consultant"},{"comment":"Developer role has full select access","permission":{"allow_aggregations":true,"columns":"*","filter":{}},"role":"developer"},{"comment":"Managers can view all billing data","permission":{"allow_aggregations":true,"columns":["billing_period_end","billing_period_start","client_id","created_at","id","invoice_number","status","total_amount","updated_at"],"filter":{}},"role":"manager"},{"comment":"Org admins can view all billing data","permission":{"allow_aggregations":true,"columns":["billing_period_end","billing_period_start","client_id","created_at","id","invoice_number","status","total_amount","updated_at"],"filter":{}},"role":"org_admin"},{"comment":"Viewers can see basic billing information","permission":{"columns":["billing_period_end","billing_period_start","client_id","created_at","id","invoice_number","status","total_amount","updated_at"],"filter":{}},"role":"viewer"}],"table":{"name":"billing_invoice","schema":"public"},"update_permissions":[{"comment":"Developer role has full update access","permission":{"check":{},"columns":"*","filter":{}},"role":"developer"}]},{"configuration":{"column_config":{"billing_period_end":{"custom_name":"billingPeriodEnd"},"billing_period_start":{"custom_name":"billingPeriodStart"},"created_at":{"custom_name":"createdAt"},"description_override":{"custom_name":"descriptionOverride"},"hourly_rate":{"custom_name":"hourlyRate"},"invoice_id":{"custom_name":"invoiceId"},"item_id":{"custom_name":"itemId"},"line_item_type":{"custom_name":"lineItemType"},"net_amount":{"custom_name":"netAmount"},"quantity_hours":{"custom_name":"quantityHours"},"tax_amount":{"custom_name":"taxAmount"},"total_amount":{"custom_name":"totalAmount"},"updated_at":{"custom_name":"updatedAt"}},"custom_column_names":{"billing_period_end":"billingPeriodEnd","billing_period_start":"billingPeriodStart","created_at":"createdAt","description_override":"descriptionOverride","hourly_rate":"hourlyRate","invoice_id":"invoiceId","item_id":"itemId","line_item_type":"lineItemType","net_amount":"netAmount","quantity_hours":"quantityHours","tax_amount":"taxAmount","total_amount":"totalAmount","updated_at":"updatedAt"},"custom_name":"billingInvoiceItem","custom_root_fields":{"delete":"deleteBillingInvoiceItem","delete_by_pk":"deleteBillingInvoiceItemById","insert":"insertBillingInvoiceItem","insert_one":"insertBillingInvoiceItemOne","select":"billingInvoiceItems","select_aggregate":"billingInvoiceItemsAggregate","select_by_pk":"billingInvoiceItemById","select_stream":"billingInvoiceItemsStream","update":"updateBillingInvoiceItem","update_by_pk":"updateBillingInvoiceItemById","update_many":"updateBillingInvoiceItemMany"}},"delete_permissions":[{"permission":{"filter":{}},"role":"developer"},{"permission":{"filter":{"_and":[{"billingInvoice":{"client":{"payrolls":{"_or":[{"manager_user_id":{"_eq":"X-Hasura-User-Id"}},{"primary_consultant_user_id":{"_eq":"X-Hasura-User-Id"}},{"backup_consultant_user_id":{"_eq":"X-Hasura-User-Id"}}]}}}},{"billingInvoice":{"status":{"_neq":"paid"}}}]}},"role":"manager"},{"permission":{"filter":{}},"role":"org_admin"}],"insert_permissions":[{"permission":{"check":{},"columns":["invoice_id","item_id","quantity_hours","hourly_rate","total_amount","tax_amount","description_override","line_item_type","billing_period_start","billing_period_end"]},"role":"developer"},{"permission":{"check":{"billingInvoice":{"client":{"payrolls":{"_or":[{"manager_user_id":{"_eq":"X-Hasura-User-Id"}},{"primary_consultant_user_id":{"_eq":"X-Hasura-User-Id"}},{"backup_consultant_user_id":{"_eq":"X-Hasura-User-Id"}}]}}}},"columns":["invoice_id","item_id","quantity_hours","hourly_rate","total_amount","tax_amount","description_override","line_item_type","billing_period_start","billing_period_end"]},"role":"manager"},{"permission":{"check":{},"columns":["invoice_id","item_id","quantity_hours","hourly_rate","total_amount","tax_amount","description_override","line_item_type","billing_period_start","billing_period_end"]},"role":"org_admin"}],"object_relationships":[{"name":"billingInvoice","using":{"foreign_key_constraint_on":"invoice_id"}},{"name":"billingItem","using":{"foreign_key_constraint_on":"item_id"}}],"select_permissions":[{"permission":{"columns":["id","quantity_hours","total_amount","net_amount","line_item_type","billing_period_start","billing_period_end","created_at"],"filter":{}},"role":"ai_assistant"},{"permission":{"columns":["id","invoice_id","item_id","quantity_hours","hourly_rate","total_amount","tax_amount","net_amount","description_override","line_item_type","billing_period_start","billing_period_end","created_at","updated_at"],"filter":{"billingInvoice":{"client":{"payrolls":{"_or":[{"primary_consultant_user_id":{"_eq":"X-Hasura-User-Id"}},{"backup_consultant_user_id":{"_eq":"X-Hasura-User-Id"}}]}}}}},"role":"consultant"},{"permission":{"columns":["id","invoice_id","item_id","quantity_hours","hourly_rate","total_amount","tax_amount","net_amount","description_override","line_item_type","billing_period_start","billing_period_end","created_at","updated_at"],"filter":{}},"role":"developer"},{"permission":{"columns":["id","invoice_id","item_id","quantity_hours","hourly_rate","total_amount","tax_amount","net_amount","description_override","line_item_type","billing_period_start","billing_period_end","created_at","updated_at"],"filter":{"billingInvoice":{"client":{"payrolls":{"_or":[{"manager_user_id":{"_eq":"X-Hasura-User-Id"}},{"primary_consultant_user_id":{"_eq":"X-Hasura-User-Id"}},{"backup_consultant_user_id":{"_eq":"X-Hasura-User-Id"}}]}}}}},"role":"manager"},{"permission":{"columns":["id","invoice_id","item_id","quantity_hours","hourly_rate","total_amount","tax_amount","net_amount","description_override","line_item_type","billing_period_start","billing_period_end","created_at","updated_at"],"filter":{}},"role":"org_admin"},{"permission":{"columns":["id","quantity_hours","total_amount","net_amount","billing_period_start","billing_period_end"],"filter":{"billingInvoice":{"client":{"payrolls":{"_or":[{"primary_consultant_user_id":{"_eq":"X-Hasura-User-Id"}},{"backup_consultant_user_id":{"_eq":"X-Hasura-User-Id"}}]}}}}},"role":"viewer"}],"table":{"name":"billing_invoice_item","schema":"public"},"update_permissions":[{"permission":{"check":null,"columns":["quantity_hours","hourly_rate","total_amount","tax_amount","description_override","line_item_type","billing_period_start","billing_period_end"],"filter":{}},"role":"developer"},{"permission":{"check":null,"columns":["quantity_hours","hourly_rate","total_amount","tax_amount","description_override","line_item_type","billing_period_start","billing_period_end"],"filter":{"billingInvoice":{"client":{"payrolls":{"_or":[{"manager_user_id":{"_eq":"X-Hasura-User-Id"}},{"primary_consultant_user_id":{"_eq":"X-Hasura-User-Id"}},{"backup_consultant_user_id":{"_eq":"X-Hasura-User-Id"}}]}}}}},"role":"manager"},{"permission":{"check":null,"columns":["quantity_hours","hourly_rate","total_amount","tax_amount","description_override","line_item_type","billing_period_start","billing_period_end"],"filter":{}},"role":"org_admin"}]},{"apollo_federation_config":{"enable":"v1"},"array_relationships":[{"name":"billingInvoiceItems","using":{"foreign_key_constraint_on":{"column":"item_id","table":{"name":"billing_invoice_item","schema":"public"}}}},{"name":"timeEntries","using":{"foreign_key_constraint_on":{"column":"billing_item_id","table":{"name":"time_entries","schema":"public"}}}}],"configuration":{"column_config":{"approval_date":{"custom_name":"approvalDate"},"approved_by":{"custom_name":"approvedBy"},"billing_plan_id":{"custom_name":"billingPlanId"},"client_id":{"custom_name":"clientId"},"created_at":{"custom_name":"createdAt"},"hourly_rate":{"custom_name":"hourlyRate"},"invoice_id":{"custom_name":"invoiceId"},"is_approved":{"custom_name":"isApproved"},"payroll_id":{"custom_name":"payrollId"},"service_name":{"custom_name":"serviceName"},"staff_user_id":{"custom_name":"staffUserId"},"total_amount":{"custom_name":"totalAmount"},"updated_at":{"custom_name":"updatedAt"}},"custom_column_names":{"approval_date":"approvalDate","approved_by":"approvedBy","billing_plan_id":"billingPlanId","client_id":"clientId","created_at":"createdAt","hourly_rate":"hourlyRate","invoice_id":"invoiceId","is_approved":"isApproved","payroll_id":"payrollId","service_name":"serviceName","staff_user_id":"staffUserId","total_amount":"totalAmount","updated_at":"updatedAt"},"custom_name":"billingItems","custom_root_fields":{"delete":"bulkDeleteBillingItems","delete_by_pk":"deleteBillingItemById","insert":"bulkInsertBillingItems","insert_one":"insertBillingItem","select":"billingItems","select_aggregate":"billingItemsAggregate","select_by_pk":"billingItemById","update":"bulkUpdateBillingItems","update_by_pk":"updateBillingItemById"}},"delete_permissions":[{"comment":"Developer role has full delete access","permission":{"filter":{}},"role":"developer"}],"insert_permissions":[{"comment":"Developer role has full insert access","permission":{"check":{},"columns":"*"},"role":"developer"}],"object_relationships":[{"name":"approver","using":{"foreign_key_constraint_on":"approved_by"}},{"name":"billingPlanItems","using":{"foreign_key_constraint_on":"billing_plan_id"}},{"name":"billingServicePlan","using":{"foreign_key_constraint_on":"service_id"}},{"name":"client","using":{"foreign_key_constraint_on":"client_id"}},{"name":"relatedPayroll","using":{"foreign_key_constraint_on":"payroll_id"}},{"name":"staffUser","using":{"foreign_key_constraint_on":"staff_user_id"}},{"name":"user","using":{"foreign_key_constraint_on":"confirmed_by"}}],"select_permissions":[{"comment":"Consultants can view relevant data","permission":{"columns":["id","invoice_id","payroll_id","billing_plan_id","client_id","staff_user_id","description","quantity","unit_price","amount","service_name","hourly_rate","total_amount","is_approved","approval_date","approved_by","created_at","updated_at"],"filter":{}},"role":"consultant"},{"comment":"Developer role has full select access","permission":{"allow_aggregations":true,"columns":"*","filter":{}},"role":"developer"},{"comment":"Managers can view all data","permission":{"allow_aggregations":true,"columns":["id","invoice_id","payroll_id","billing_plan_id","client_id","staff_user_id","description","quantity","unit_price","amount","service_name","hourly_rate","total_amount","is_approved","approval_date","approved_by","created_at","updated_at"],"filter":{}},"role":"manager"},{"comment":"Org admins can view all data","permission":{"allow_aggregations":true,"columns":["id","invoice_id","payroll_id","billing_plan_id","client_id","staff_user_id","description","quantity","unit_price","amount","service_name","hourly_rate","total_amount","is_approved","approval_date","approved_by","created_at","updated_at"],"filter":{}},"role":"org_admin"},{"comment":"Viewers can see basic information","permission":{"columns":["id","invoice_id","payroll_id","billing_plan_id","client_id","staff_user_id","description","quantity","unit_price","amount","service_name","hourly_rate","total_amount","is_approved","approval_date","approved_by","created_at","updated_at"],"filter":{}},"role":"viewer"}],"table":{"name":"billing_items","schema":"public"},"update_permissions":[{"comment":"Developer role has full update access","permission":{"check":{},"columns":"*","filter":{}},"role":"developer"}]},{"array_relationships":[{"name":"billingInvoices","using":{"foreign_key_constraint_on":{"column":"billing_period_id","table":{"name":"billing_invoice","schema":"public"}}}}],"configuration":{"column_config":{"client_id":{"custom_name":"clientId"},"created_at":{"custom_name":"createdAt"},"period_end":{"custom_name":"periodEnd"},"period_start":{"custom_name":"periodStart"},"updated_at":{"custom_name":"updatedAt"}},"custom_column_names":{"client_id":"clientId","created_at":"createdAt","period_end":"periodEnd","period_start":"periodStart","updated_at":"updatedAt"},"custom_name":"billingPeriods","custom_root_fields":{"delete":"deleteBillingPeriods","delete_by_pk":"deleteBillingPeriod","insert":"insertBillingPeriod","insert_one":"insertBillingPeriodOne","select":"billingPeriods","select_aggregate":"billingPeriodsAggregate","select_by_pk":"billingPeriod","update":"updateBillingPeriods","update_by_pk":"updateBillingPeriod","update_many":"updateBillingPeriodsMany"}},"delete_permissions":[{"comment":"Developer role has full delete access","permission":{"filter":{}},"role":"developer"},{"permission":{"filter":{}},"role":"manager"},{"permission":{"filter":{}},"role":"org_admin"}],"insert_permissions":[{"comment":"Developer role has full insert access","permission":{"check":{},"columns":"*"},"role":"developer"},{"permission":{"check":{},"columns":["client_id","period_end","period_start","status"]},"role":"manager"},{"permission":{"check":{},"columns":["client_id","period_end","period_start","status"]},"role":"org_admin"}],"object_relationships":[{"name":"client","using":{"foreign_key_constraint_on":"client_id"}}],"select_permissions":[{"permission":{"columns":["client_id","created_at","id","period_end","period_start","status","updated_at"],"filter":{}},"role":"consultant"},{"comment":"Developer role has full select access","permission":{"allow_aggregations":true,"columns":"*","filter":{}},"role":"developer"},{"permission":{"columns":["client_id","created_at","id","period_end","period_start","status","updated_at"],"filter":{}},"role":"manager"},{"permission":{"allow_aggregations":true,"columns":["client_id","created_at","id","period_end","period_start","status","updated_at"],"filter":{}},"role":"org_admin"}],"table":{"name":"billing_periods","schema":"public"},"update_permissions":[{"comment":"Developer role has full update access","permission":{"check":{},"columns":"*","filter":{}},"role":"developer"},{"permission":{"check":null,"columns":["period_end","period_start","status"],"filter":{}},"role":"manager"},{"permission":{"check":{},"columns":["period_end","period_start","status"],"filter":{}},"role":"org_admin"}]},{"apollo_federation_config":{"enable":"v1"},"array_relationships":[{"name":"billingPlanItems","using":{"foreign_key_constraint_on":{"column":"billing_plan_id","table":{"name":"billing_items","schema":"public"}}}},{"name":"billingServiceItems","using":{"foreign_key_constraint_on":{"column":"service_id","table":{"name":"billing_items","schema":"public"}}}},{"name":"clientBillingAssignments","using":{"foreign_key_constraint_on":{"column":"billing_plan_id","table":{"name":"client_billing_assignment","schema":"public"}}}}],"configuration":{"column_config":{"billing_unit":{"custom_name":"billingUnit"},"created_at":{"custom_name":"createdAt"},"is_active":{"custom_name":"isActive"},"standard_rate":{"custom_name":"standardRate"},"updated_at":{"custom_name":"updatedAt"}},"custom_column_names":{"billing_unit":"billingUnit","created_at":"createdAt","is_active":"isActive","standard_rate":"standardRate","updated_at":"updatedAt"},"custom_name":"billingPlans","custom_root_fields":{"delete":"bulkDeleteBillingPlans","delete_by_pk":"deleteBillingPlanById","insert":"bulkInsertBillingPlans","insert_one":"insertBillingPlan","select":"billingPlans","select_aggregate":"billingPlansAggregate","select_by_pk":"billingPlanById","update":"bulkUpdateBillingPlans","update_by_pk":"updateBillingPlanById"}},"delete_permissions":[{"comment":"Developer role has full delete access","permission":{"filter":{}},"role":"developer"}],"insert_permissions":[{"comment":"Developer role has full insert access","permission":{"check":{},"columns":"*"},"role":"developer"}],"select_permissions":[{"comment":"Consultants can view relevant data","permission":{"columns":["billing_unit","category","created_at","currency","description","id","is_active","name","standard_rate","updated_at"],"filter":{}},"role":"consultant"},{"comment":"Developer role has full select access","permission":{"allow_aggregations":true,"columns":"*","filter":{}},"role":"developer"},{"comment":"Managers can view all data","permission":{"allow_aggregations":true,"columns":["billing_unit","category","created_at","currency","description","id","is_active","name","standard_rate","updated_at"],"filter":{}},"role":"manager"},{"comment":"Org admins can view all data","permission":{"allow_aggregations":true,"columns":["billing_unit","category","created_at","currency","description","id","is_active","name","standard_rate","updated_at"],"filter":{}},"role":"org_admin"},{"comment":"Viewers can see basic information","permission":{"columns":["billing_unit","category","created_at","currency","description","id","is_active","name","standard_rate","updated_at"],"filter":{}},"role":"viewer"}],"table":{"name":"billing_plan","schema":"public"},"update_permissions":[{"comment":"Developer role has full update access","permission":{"check":{},"columns":"*","filter":{}},"role":"developer"}]},{"apollo_federation_config":{"enable":"v1"},"configuration":{"column_config":{"billing_frequency":{"custom_name":"billingFrequency"},"billing_plan_id":{"custom_name":"billingPlanId"},"client_id":{"custom_name":"clientId"},"created_at":{"custom_name":"createdAt"},"custom_rate":{"custom_name":"customRate"},"effective_date":{"custom_name":"effectiveDate"},"end_date":{"custom_name":"endDate"},"is_active":{"custom_name":"isActive"},"is_enabled":{"custom_name":"isEnabled"},"start_date":{"custom_name":"startDate"},"updated_at":{"custom_name":"updatedAt"}},"custom_column_names":{"billing_frequency":"billingFrequency","billing_plan_id":"billingPlanId","client_id":"clientId","created_at":"createdAt","custom_rate":"customRate","effective_date":"effectiveDate","end_date":"endDate","is_active":"isActive","is_enabled":"isEnabled","start_date":"startDate","updated_at":"updatedAt"},"custom_name":"clientBillingAssignments","custom_root_fields":{"delete":"bulkDeleteClientBillingAssignments","delete_by_pk":"deleteClientBillingAssignmentById","insert":"bulkInsertClientBillingAssignments","insert_one":"insertClientBillingAssignment","select":"clientBillingAssignments","select_aggregate":"clientBillingAssignmentsAggregate","select_by_pk":"clientBillingAssignmentById","update":"bulkUpdateClientBillingAssignments","update_by_pk":"updateClientBillingAssignmentById"}},"delete_permissions":[{"comment":"Developer role has full delete access","permission":{"filter":{}},"role":"developer"}],"insert_permissions":[{"comment":"Developer role has full insert access","permission":{"check":{},"columns":"*"},"role":"developer"}],"object_relationships":[{"name":"assignedBillingPlan","using":{"foreign_key_constraint_on":"billing_plan_id"}},{"name":"assignedClient","using":{"foreign_key_constraint_on":"client_id"}}],"select_permissions":[{"comment":"Consultants can view relevant data","permission":{"columns":["billing_frequency","billing_plan_id","client_id","created_at","custom_rate","effective_date","end_date","id","is_active","is_enabled","start_date","updated_at"],"filter":{}},"role":"consultant"},{"comment":"Developer role has full select access","permission":{"allow_aggregations":true,"columns":"*","filter":{}},"role":"developer"},{"comment":"Managers can view all data","permission":{"allow_aggregations":true,"columns":["billing_frequency","billing_plan_id","client_id","created_at","custom_rate","effective_date","end_date","id","is_active","is_enabled","start_date","updated_at"],"filter":{}},"role":"manager"},{"comment":"Org admins can view all data","permission":{"allow_aggregations":true,"columns":["billing_frequency","billing_plan_id","client_id","created_at","custom_rate","effective_date","end_date","id","is_active","is_enabled","start_date","updated_at"],"filter":{}},"role":"org_admin"},{"comment":"Viewers can see basic information","permission":{"columns":["billing_frequency","billing_plan_id","client_id","created_at","custom_rate","effective_date","end_date","id","is_active","is_enabled","start_date","updated_at"],"filter":{}},"role":"viewer"}],"table":{"name":"client_billing_assignment","schema":"public"},"update_permissions":[{"comment":"Developer role has full update access","permission":{"check":{},"columns":"*","filter":{}},"role":"developer"}]},{"apollo_federation_config":{"enable":"v1"},"configuration":{"column_config":{"client_id":{"custom_name":"clientId"},"created_at":{"custom_name":"createdAt"},"system_client_id":{"custom_name":"systemClientId"},"system_id":{"custom_name":"externalSystemId"},"updated_at":{"custom_name":"updatedAt"}},"custom_column_names":{"client_id":"clientId","created_at":"createdAt","system_client_id":"systemClientId","system_id":"externalSystemId","updated_at":"updatedAt"},"custom_name":"clientExternalSystems","custom_root_fields":{"delete":"bulkDeleteClientExternalSystems","delete_by_pk":"deleteClientExternalSystemById","insert":"bulkInsertClientExternalSystems","insert_one":"insertClientExternalSystem","select":"clientExternalSystems","select_aggregate":"clientExternalSystemsAggregate","select_by_pk":"clientExternalSystemById","update":"bulkUpdateClientExternalSystems","update_by_pk":"updateClientExternalSystemById"}},"delete_permissions":[{"comment":"Developer role has full delete access","permission":{"filter":{}},"role":"developer"},{"comment":"Only org admins can unlink clients from systems","permission":{"filter":{}},"role":"org_admin"}],"insert_permissions":[{"comment":"Developer role has full insert access","permission":{"check":{},"columns":"*"},"role":"developer"},{"comment":"Managers can link clients to external systems","permission":{"check":{},"columns":["client_id","system_id","system_client_id"]},"role":"manager"},{"comment":"Org admins can link clients to external systems","permission":{"check":{},"columns":["client_id","system_id","system_client_id"]},"role":"org_admin"}],"object_relationships":[{"name":"linkedClient","using":{"foreign_key_constraint_on":"client_id"}},{"name":"linkedExternalSystem","using":{"foreign_key_constraint_on":"system_id"}}],"select_permissions":[{"comment":"Consultants can see which systems clients are linked to","permission":{"columns":["client_id","created_at","id","system_client_id","system_id","updated_at"],"filter":{}},"role":"consultant"},{"comment":"Developer role has full select access","permission":{"allow_aggregations":true,"columns":"*","filter":{}},"role":"developer"},{"comment":"Managers can view all external system mappings","permission":{"columns":["id","client_id","system_id","system_client_id","created_at","updated_at"],"filter":{}},"role":"manager"},{"comment":"Org admins have full access to external client systems","permission":{"columns":["id","client_id","system_id","system_client_id","created_at","updated_at"],"filter":{}},"role":"org_admin"},{"comment":"Viewers can see basic information","permission":{"columns":["client_id","created_at","id","system_client_id","system_id","updated_at"],"filter":{}},"role":"viewer"}],"table":{"name":"client_external_systems","schema":"public"},"update_permissions":[{"comment":"Developer role has full update access","permission":{"check":{},"columns":"*","filter":{}},"role":"developer"},{"comment":"Managers can update system client IDs","permission":{"check":{},"columns":["system_client_id"],"filter":{}},"role":"manager"},{"comment":"Org admins can update system client IDs","permission":{"check":{},"columns":["system_client_id"],"filter":{}},"role":"org_admin"}]},{"table":{"name":"client_services_with_rates","schema":"public"}},{"apollo_federation_config":{"enable":"v1"},"array_relationships":[{"name":"billingAssignments","using":{"foreign_key_constraint_on":{"column":"client_id","table":{"name":"client_billing_assignment","schema":"public"}}}},{"name":"billingInvoices","using":{"foreign_key_constraint_on":{"column":"client_id","table":{"name":"billing_invoice","schema":"public"}}}},{"name":"billingItems","using":{"foreign_key_constraint_on":{"column":"client_id","table":{"name":"billing_items","schema":"public"}}}},{"name":"billingPeriods","using":{"foreign_key_constraint_on":{"column":"client_id","table":{"name":"billing_periods","schema":"public"}}}},{"name":"externalSystems","using":{"foreign_key_constraint_on":{"column":"client_id","table":{"name":"client_external_systems","schema":"public"}}}},{"name":"payrolls","using":{"foreign_key_constraint_on":{"column":"client_id","table":{"name":"payrolls","schema":"public"}}}},{"name":"timeEntries","using":{"foreign_key_constraint_on":{"column":"client_id","table":{"name":"time_entries","schema":"public"}}}}],"configuration":{"column_config":{"contact_email":{"custom_name":"contactEmail"},"contact_person":{"custom_name":"contactPerson"},"contact_phone":{"custom_name":"contactPhone"},"created_at":{"custom_name":"createdAt"},"updated_at":{"custom_name":"updatedAt"}},"custom_column_names":{"contact_email":"contactEmail","contact_person":"contactPerson","contact_phone":"contactPhone","created_at":"createdAt","updated_at":"updatedAt"},"custom_name":"clients","custom_root_fields":{"delete":"bulkDeleteClients","delete_by_pk":"deleteClientById","insert":"bulkInsertClients","insert_one":"insertClient","select":"clients","select_aggregate":"clientsAggregate","select_by_pk":"clientById","update":"bulkUpdateClients","update_by_pk":"updateClientById"}},"delete_permissions":[{"comment":"Developer role has full delete access","permission":{"filter":{}},"role":"developer"},{"comment":"Only org admins can delete clients","permission":{"filter":{}},"role":"org_admin"}],"insert_permissions":[{"comment":"Developer role has full insert access","permission":{"check":{},"columns":"*"},"role":"developer"},{"comment":"Managers can create clients","permission":{"check":{},"columns":["name","contact_person","contact_email","contact_phone","active"]},"role":"manager"},{"comment":"Org admins can create clients","permission":{"check":{},"columns":["name","contact_person","contact_email","contact_phone","active"]},"role":"org_admin"}],"select_permissions":[{"comment":"AI Assistant can view client data for analysis and reporting (read-only)","permission":{"allow_aggregations":true,"columns":["id","name","contact_person","contact_email","contact_phone","active","created_at","updated_at"],"filter":{}},"role":"ai_assistant"},{"comment":"Consultants can only view clients where they are assigned to payrolls","permission":{"allow_aggregations":true,"columns":["id","name","contact_person","contact_email","contact_phone","active","created_at","updated_at"],"filter":{"payrolls":{"_or":[{"primary_consultant_user_id":{"_eq":"X-Hasura-User-Id"}},{"backup_consultant_user_id":{"_eq":"X-Hasura-User-Id"}}]}}},"role":"consultant"},{"comment":"Developer role has full select access","permission":{"allow_aggregations":true,"columns":"*","filter":{}},"role":"developer"},{"comment":"Managers can view and aggregate all clients","permission":{"allow_aggregations":true,"columns":["id","name","contact_person","contact_email","contact_phone","active","created_at","updated_at"],"filter":{}},"role":"manager"},{"comment":"Org admins have full view access to all clients","permission":{"allow_aggregations":true,"columns":["id","name","contact_person","contact_email","contact_phone","active","created_at","updated_at"],"filter":{}},"role":"org_admin"},{"comment":"Viewers can see basic client information","permission":{"allow_aggregations":true,"columns":["active","contact_email","contact_person","contact_phone","created_at","id","name","updated_at"],"filter":{}},"role":"viewer"}],"table":{"name":"clients","schema":"public"},"update_permissions":[{"comment":"Consultants can update contact info for clients they're assigned to","permission":{"check":{},"columns":["contact_email","contact_phone"],"filter":{"payrolls":{"_or":[{"primary_consultant_user_id":{"_eq":"X-Hasura-User-Id"}},{"backup_consultant_user_id":{"_eq":"X-Hasura-User-Id"}}]}}},"role":"consultant"},{"comment":"Developer role has full update access","permission":{"check":{},"columns":"*","filter":{}},"role":"developer"},{"comment":"Managers can update clients","permission":{"check":{},"columns":["name","contact_person","contact_email","contact_phone","active"],"filter":{}},"role":"manager"},{"comment":"Org admins can update clients","permission":{"check":{},"columns":["name","contact_person","contact_email","contact_phone","active"],"filter":{}},"role":"org_admin"}]},{"table":{"name":"consultant_capacity_overview","schema":"public"}},{"configuration":{"column_config":{"backup_consultant_user_id":{"custom_name":"backupConsultantUserId"},"client_id":{"custom_name":"clientId"},"created_at":{"custom_name":"createdAt"},"cycle_id":{"custom_name":"cycleId"},"date_type_id":{"custom_name":"dateTypeId"},"date_value":{"custom_name":"dateValue"},"go_live_date":{"custom_name":"goLiveDate"},"manager_user_id":{"custom_name":"managerUserId"},"parent_payroll_id":{"custom_name":"parentPayrollId"},"primary_consultant_user_id":{"custom_name":"primaryConsultantUserId"},"superseded_date":{"custom_name":"supersededDate"},"updated_at":{"custom_name":"updatedAt"},"version_number":{"custom_name":"versionNumber"}},"custom_column_names":{"backup_consultant_user_id":"backupConsultantUserId","client_id":"clientId","created_at":"createdAt","cycle_id":"cycleId","date_type_id":"dateTypeId","date_value":"dateValue","go_live_date":"goLiveDate","manager_user_id":"managerUserId","parent_payroll_id":"parentPayrollId","primary_consultant_user_id":"primaryConsultantUserId","superseded_date":"supersededDate","updated_at":"updatedAt","version_number":"versionNumber"},"custom_name":"currentPayrolls","custom_root_fields":{"select":"currentPayrolls","select_aggregate":"currentPayrollsAggregate","select_by_pk":"currentPayrollById"}},"select_permissions":[{"comment":"Consultants can view current payrolls where they are assigned","permission":{"columns":["id","name","client_id","cycle_id","date_type_id","date_value","primary_consultant_user_id","backup_consultant_user_id","manager_user_id","version_number","parent_payroll_id","go_live_date","superseded_date","created_at","updated_at"],"filter":{"_or":[{"primary_consultant_user_id":{"_eq":"X-Hasura-User-Id"}},{"backup_consultant_user_id":{"_eq":"X-Hasura-User-Id"}}]}},"role":"consultant"},{"comment":"Developer role has full select access","permission":{"allow_aggregations":true,"columns":"*","filter":{}},"role":"developer"},{"comment":"Managers can view all current payrolls","permission":{"allow_aggregations":true,"columns":["id","name","client_id","cycle_id","date_type_id","date_value","primary_consultant_user_id","backup_consultant_user_id","manager_user_id","version_number","parent_payroll_id","go_live_date","superseded_date","created_at","updated_at"],"filter":{}},"role":"manager"},{"comment":"Org admins can view all current payrolls","permission":{"allow_aggregations":true,"columns":["id","name","client_id","cycle_id","date_type_id","date_value","primary_consultant_user_id","backup_consultant_user_id","manager_user_id","version_number","parent_payroll_id","go_live_date","superseded_date","created_at","updated_at"],"filter":{}},"role":"org_admin"},{"comment":"Viewers can see basic current payroll information","permission":{"columns":["backup_consultant_user_id","client_id","created_at","cycle_id","date_type_id","date_value","go_live_date","id","manager_user_id","name","parent_payroll_id","primary_consultant_user_id","superseded_date","updated_at","version_number"],"filter":{}},"role":"viewer"}],"table":{"name":"current_payrolls","schema":"public"}},{"object_relationships":[{"name":"user","using":{"foreign_key_constraint_on":"user_id"}}],"table":{"name":"data_backups","schema":"public"}},{"delete_permissions":[{"permission":{"filter":{"user_id":{"_eq":"X-Hasura-User-Id"}}},"role":"consultant"},{"permission":{"filter":{"user_id":{"_eq":"X-Hasura-User-Id"}}},"role":"manager"},{"permission":{"filter":{}},"role":"org_admin"}],"insert_permissions":[{"permission":{"check":{"user_id":{"_eq":"X-Hasura-User-Id"}},"columns":["template_id","recipient_emails","subject","html_content","text_content","variable_values","business_context","scheduled_for"]},"role":"consultant"},{"permission":{"check":{"user_id":{"_eq":"X-Hasura-User-Id"}},"columns":["template_id","recipient_emails","subject","html_content","text_content","variable_values","business_context","scheduled_for"]},"role":"manager"},{"permission":{"check":{},"columns":["user_id","template_id","recipient_emails","subject","html_content","text_content","variable_values","business_context","scheduled_for"]},"role":"org_admin"}],"object_relationships":[{"name":"emailTemplate","using":{"foreign_key_constraint_on":"template_id"}},{"name":"user","using":{"foreign_key_constraint_on":"user_id"}}],"select_permissions":[{"permission":{"allow_aggregations":true,"columns":["id","user_id","template_id","recipient_emails","subject","html_content","text_content","variable_values","business_context","scheduled_for","created_at","updated_at"],"filter":{"user_id":{"_eq":"X-Hasura-User-Id"}}},"role":"consultant"},{"permission":{"allow_aggregations":true,"columns":["id","user_id","template_id","recipient_emails","subject","html_content","text_content","variable_values","business_context","scheduled_for","created_at","updated_at"],"filter":{}},"role":"manager"},{"permission":{"allow_aggregations":true,"columns":["id","user_id","template_id","recipient_emails","subject","html_content","text_content","variable_values","business_context","scheduled_for","created_at","updated_at"],"filter":{}},"role":"org_admin"}],"table":{"name":"email_drafts","schema":"public"},"update_permissions":[{"permission":{"check":{"user_id":{"_eq":"X-Hasura-User-Id"}},"columns":["template_id","recipient_emails","subject","html_content","text_content","variable_values","business_context","scheduled_for"],"filter":{"user_id":{"_eq":"X-Hasura-User-Id"}}},"role":"consultant"},{"permission":{"check":{"user_id":{"_eq":"X-Hasura-User-Id"}},"columns":["template_id","recipient_emails","subject","html_content","text_content","variable_values","business_context","scheduled_for"],"filter":{"user_id":{"_eq":"X-Hasura-User-Id"}}},"role":"manager"},{"permission":{"check":{},"columns":["template_id","recipient_emails","subject","html_content","text_content","variable_values","business_context","scheduled_for"],"filter":{}},"role":"org_admin"}]},{"insert_permissions":[{"permission":{"check":{"sender_user_id":{"_eq":"X-Hasura-User-Id"}},"columns":["template_id","recipient_emails","subject","html_content","text_content","business_context","scheduled_for"]},"role":"consultant"},{"permission":{"check":{},"columns":["template_id","resend_email_id","recipient_emails","sender_user_id","subject","html_content","text_content","business_context","send_status","resend_response","error_message","scheduled_for","sent_at","delivered_at","opened_at","clicked_at"]},"role":"manager"},{"permission":{"check":{},"columns":["template_id","resend_email_id","recipient_emails","sender_user_id","subject","html_content","text_content","business_context","send_status","resend_response","error_message","scheduled_for","sent_at","delivered_at","opened_at","clicked_at"]},"role":"org_admin"}],"object_relationships":[{"name":"emailTemplate","using":{"foreign_key_constraint_on":"template_id"}},{"name":"senderUser","using":{"foreign_key_constraint_on":"sender_user_id"}}],"select_permissions":[{"permission":{"allow_aggregations":true,"columns":["id","template_id","recipient_emails","subject","send_status","sent_at","delivered_at","created_at"],"filter":{"sender_user_id":{"_eq":"X-Hasura-User-Id"}}},"role":"consultant"},{"permission":{"allow_aggregations":true,"columns":["id","template_id","resend_email_id","recipient_emails","sender_user_id","subject","business_context","send_status","scheduled_for","sent_at","delivered_at","opened_at","clicked_at","created_at"],"filter":{}},"role":"manager"},{"permission":{"allow_aggregations":true,"columns":["id","template_id","resend_email_id","recipient_emails","sender_user_id","subject","html_content","text_content","business_context","send_status","resend_response","error_message","scheduled_for","sent_at","delivered_at","opened_at","clicked_at","created_at"],"filter":{}},"role":"org_admin"}],"table":{"name":"email_send_logs","schema":"public"},"update_permissions":[{"permission":{"check":{},"columns":["send_status","resend_response","error_message","sent_at","delivered_at","opened_at","clicked_at"],"filter":{}},"role":"manager"},{"permission":{"check":{},"columns":["send_status","resend_response","error_message","sent_at","delivered_at","opened_at","clicked_at"],"filter":{}},"role":"org_admin"}]},{"array_relationships":[{"name":"emailDrafts","using":{"foreign_key_constraint_on":{"column":"template_id","table":{"name":"email_drafts","schema":"public"}}}},{"name":"emailSendLogs","using":{"foreign_key_constraint_on":{"column":"template_id","table":{"name":"email_send_logs","schema":"public"}}}},{"name":"userFavorites","using":{"foreign_key_constraint_on":{"column":"template_id","table":{"name":"user_email_template_favorites","schema":"public"}}}}],"delete_permissions":[{"permission":{"filter":{"is_system_template":{"_eq":false}}},"role":"org_admin"}],"insert_permissions":[{"permission":{"check":{"created_by_user_id":{"_eq":"X-Hasura-User-Id"}},"columns":["name","description","category","subject_template","html_content","text_content","available_variables","is_active","requires_approval"]},"role":"manager"},{"permission":{"check":{},"columns":["name","description","category","subject_template","html_content","text_content","available_variables","is_active","is_system_template","requires_approval","created_by_user_id","approved_by_user_id","approved_at"]},"role":"org_admin"}],"object_relationships":[{"name":"approvedByUser","using":{"foreign_key_constraint_on":"approved_by_user_id"}},{"name":"createdByUser","using":{"foreign_key_constraint_on":"created_by_user_id"}}],"select_permissions":[{"permission":{"allow_aggregations":true,"columns":["id","name","description","category","subject_template","html_content","text_content","available_variables","is_active","is_system_template","created_at","updated_at"],"filter":{"_or":[{"is_system_template":{"_eq":true}},{"created_by_user_id":{"_eq":"X-Hasura-User-Id"}}]}},"role":"consultant"},{"permission":{"allow_aggregations":true,"columns":["id","name","description","category","subject_template","html_content","text_content","available_variables","is_active","is_system_template","requires_approval","created_by_user_id","approved_by_user_id","approved_at","created_at","updated_at"],"filter":{}},"role":"manager"},{"permission":{"allow_aggregations":true,"columns":["id","name","description","category","subject_template","html_content","text_content","available_variables","is_active","is_system_template","requires_approval","created_by_user_id","approved_by_user_id","approved_at","created_at","updated_at"],"filter":{}},"role":"org_admin"}],"table":{"name":"email_templates","schema":"public"},"update_permissions":[{"permission":{"check":{"created_by_user_id":{"_eq":"X-Hasura-User-Id"}},"columns":["name","description","subject_template","html_content","text_content","available_variables","is_active"],"filter":{"_and":[{"created_by_user_id":{"_eq":"X-Hasura-User-Id"}},{"is_system_template":{"_eq":false}}]}},"role":"manager"},{"permission":{"check":{},"columns":["name","description","subject_template","html_content","text_content","available_variables","is_active","is_system_template","requires_approval","approved_by_user_id","approved_at"],"filter":{}},"role":"org_admin"}]},{"apollo_federation_config":{"enable":"v1"},"array_relationships":[{"name":"clientExternalSystems","using":{"foreign_key_constraint_on":{"column":"system_id","table":{"name":"client_external_systems","schema":"public"}}}}],"configuration":{"column_config":{"created_at":{"custom_name":"createdAt"},"updated_at":{"custom_name":"updatedAt"}},"custom_column_names":{"created_at":"createdAt","updated_at":"updatedAt"},"custom_name":"externalSystems","custom_root_fields":{"delete":"bulkDeleteExternalSystems","delete_by_pk":"deleteExternalSystemById","insert":"bulkInsertExternalSystems","insert_one":"insertExternalSystem","select":"externalSystems","select_aggregate":"externalSystemsAggregate","select_by_pk":"externalSystemById","update":"bulkUpdateExternalSystems","update_by_pk":"updateExternalSystemById"}},"delete_permissions":[{"comment":"Developer role has full delete access","permission":{"filter":{}},"role":"developer"},{"comment":"Only org admins can delete external systems","permission":{"filter":{}},"role":"org_admin"}],"insert_permissions":[{"comment":"Developer role has full insert access","permission":{"check":{},"columns":"*"},"role":"developer"},{"comment":"Only org admins can add external systems","permission":{"check":{},"columns":["name","url","description","icon"]},"role":"org_admin"}],"select_permissions":[{"comment":"Consultants can view external systems","permission":{"columns":["created_at","description","icon","id","name","updated_at","url"],"filter":{}},"role":"consultant"},{"comment":"Developer role has full select access","permission":{"allow_aggregations":true,"columns":"*","filter":{}},"role":"developer"},{"comment":"Managers can view external systems","permission":{"columns":["id","name","url","description","icon","created_at","updated_at"],"filter":{}},"role":"manager"},{"comment":"Org admins can view external systems","permission":{"columns":["id","name","url","description","icon","created_at","updated_at"],"filter":{}},"role":"org_admin"},{"comment":"Viewers can see basic information","permission":{"columns":["created_at","description","icon","id","name","updated_at","url"],"filter":{}},"role":"viewer"}],"table":{"name":"external_systems","schema":"public"},"update_permissions":[{"comment":"Developer role has full update access","permission":{"check":{},"columns":"*","filter":{}},"role":"developer"},{"comment":"Only org admins can update external systems","permission":{"check":{},"columns":["name","url","description","icon"],"filter":{}},"role":"org_admin"}]},{"apollo_federation_config":{"enable":"v1"},"configuration":{"column_config":{"allowed_roles":{"custom_name":"allowedRoles"},"feature_name":{"custom_name":"featureName"},"is_enabled":{"custom_name":"isEnabled"}},"custom_column_names":{"allowed_roles":"allowedRoles","feature_name":"featureName","is_enabled":"isEnabled"},"custom_name":"featureFlags","custom_root_fields":{"delete":"bulkDeleteFeatureFlags","delete_by_pk":"deleteFeatureFlagById","insert":"bulkInsertFeatureFlags","insert_one":"insertFeatureFlag","select":"featureFlags","select_aggregate":"featureFlagsAggregate","select_by_pk":"featureFlagById","update":"bulkUpdateFeatureFlags","update_by_pk":"updateFeatureFlagById"}},"delete_permissions":[{"comment":"Developer role has full delete access","permission":{"filter":{}},"role":"developer"}],"insert_permissions":[{"comment":"Developer role has full insert access","permission":{"check":{},"columns":"*"},"role":"developer"}],"select_permissions":[{"comment":"Consultants can view enabled features","permission":{"columns":["allowed_roles","feature_name","is_enabled"],"filter":{}},"role":"consultant"},{"comment":"Developer role has full select access","permission":{"allow_aggregations":true,"columns":"*","filter":{}},"role":"developer"},{"comment":"Managers can view all feature flags","permission":{"columns":["allowed_roles","feature_name","is_enabled"],"filter":{}},"role":"manager"},{"comment":"Org admins have full view of feature flags","permission":{"columns":["allowed_roles","feature_name","is_enabled"],"filter":{}},"role":"org_admin"},{"comment":"All users can view enabled features","permission":{"columns":["allowed_roles","feature_name","is_enabled"],"filter":{}},"role":"viewer"}],"table":{"name":"feature_flags","schema":"public"},"update_permissions":[{"comment":"Developer role has full update access","permission":{"check":{},"columns":"*","filter":{}},"role":"developer"},{"comment":"Only org admins can toggle feature flags","permission":{"check":{},"columns":["is_enabled","allowed_roles"],"filter":{}},"role":"org_admin"}]},{"apollo_federation_config":{"enable":"v1"},"configuration":{"column_config":{"country_code":{"custom_name":"countryCode"},"created_at":{"custom_name":"createdAt"},"is_fixed":{"custom_name":"isFixed"},"is_global":{"custom_name":"isGlobal"},"launch_year":{"custom_name":"launchYear"},"local_name":{"custom_name":"localName"},"updated_at":{"custom_name":"updatedAt"}},"custom_column_names":{"country_code":"countryCode","created_at":"createdAt","is_fixed":"isFixed","is_global":"isGlobal","launch_year":"launchYear","local_name":"localName","updated_at":"updatedAt"},"custom_name":"holidays","custom_root_fields":{"delete":"bulkDeleteHolidays","delete_by_pk":"deleteHolidayById","insert":"bulkInsertHolidays","insert_one":"insertHoliday","select":"holidays","select_aggregate":"holidaysAggregate","select_by_pk":"holidayById","update":"bulkUpdateHolidays","update_by_pk":"updateHolidayById"}},"delete_permissions":[{"comment":"Developer role has full delete access","permission":{"filter":{}},"role":"developer"},{"comment":"Only org admins can delete holidays","permission":{"filter":{}},"role":"org_admin"}],"insert_permissions":[{"comment":"Developer role has full insert access","permission":{"check":{},"columns":"*"},"role":"developer"},{"comment":"Only org admins can add holidays","permission":{"check":{},"columns":["date","local_name","name","country_code","region","is_fixed","is_global","launch_year","types"]},"role":"org_admin"}],"select_permissions":[{"comment":"Consultants can see holidays relevant to payroll processing","permission":{"columns":["country_code","created_at","date","id","is_fixed","is_global","launch_year","local_name","name","region","types","updated_at"],"filter":{}},"role":"consultant"},{"comment":"Developer role has full select access","permission":{"allow_aggregations":true,"columns":"*","filter":{}},"role":"developer"},{"comment":"Managers can view global and regional holidays","permission":{"columns":["country_code","created_at","date","id","is_fixed","is_global","launch_year","local_name","name","region","types","updated_at"],"filter":{}},"role":"manager"},{"comment":"Org admins have full access to holiday information","permission":{"columns":["id","date","local_name","name","country_code","region","is_fixed","is_global","launch_year","types","created_at","updated_at"],"filter":{}},"role":"org_admin"},{"comment":"All users can see holidays for payroll processing","permission":{"columns":["country_code","created_at","date","id","is_fixed","is_global","launch_year","local_name","name","region","types","updated_at"],"filter":{}},"role":"viewer"}],"table":{"name":"holidays","schema":"public"},"update_permissions":[{"comment":"Developer role has full update access","permission":{"check":{},"columns":"*","filter":{}},"role":"developer"},{"comment":"Only org admins can update holidays","permission":{"check":{},"columns":["date","local_name","name","region"],"filter":{}},"role":"org_admin"}]},{"apollo_federation_config":{"enable":"v1"},"configuration":{"column_config":{"queried_at":{"custom_name":"queriedAt"}},"custom_column_names":{"queried_at":"queriedAt"},"custom_name":"latestPayrollVersionResults","custom_root_fields":{"delete":"bulkDeleteLatestPayrollVersionResults","delete_by_pk":"deleteLatestPayrollVersionResultById","insert":"bulkInsertLatestPayrollVersionResults","insert_one":"insertLatestPayrollVersionResult","select":"latestPayrollVersionResults","select_aggregate":"latestPayrollVersionResultsAggregate","select_by_pk":"latestPayrollVersionResultById","update":"bulkUpdateLatestPayrollVersionResults","update_by_pk":"updateLatestPayrollVersionResultById"}},"delete_permissions":[{"comment":"Developer role has full delete access","permission":{"filter":{}},"role":"developer"}],"insert_permissions":[{"comment":"Developer role has full insert access","permission":{"check":{},"columns":"*"},"role":"developer"}],"select_permissions":[{"comment":"Consultants can view relevant data","permission":{"columns":["queried_at"],"filter":{}},"role":"consultant"},{"comment":"Developer role has full select access","permission":{"allow_aggregations":true,"columns":"*","filter":{}},"role":"developer"},{"comment":"Managers can view all data","permission":{"allow_aggregations":true,"columns":["queried_at"],"filter":{}},"role":"manager"},{"comment":"Org admins can view all data","permission":{"allow_aggregations":true,"columns":["queried_at"],"filter":{}},"role":"org_admin"},{"comment":"Viewers can see basic information","permission":{"columns":["queried_at"],"filter":{}},"role":"viewer"}],"table":{"name":"latest_payroll_version_results","schema":"public"},"update_permissions":[{"comment":"Developer role has full update access","permission":{"check":{},"columns":"*","filter":{}},"role":"developer"}]},{"apollo_federation_config":{"enable":"v1"},"configuration":{"column_config":{"end_date":{"custom_name":"endDate"},"leave_type":{"custom_name":"leaveType"},"start_date":{"custom_name":"startDate"},"user_id":{"custom_name":"userId"}},"custom_column_names":{"end_date":"endDate","leave_type":"leaveType","start_date":"startDate","user_id":"userId"},"custom_name":"leave","custom_root_fields":{"delete":"bulkDeleteLeave","delete_by_pk":"deleteLeaveById","insert":"bulkInsertLeave","insert_one":"insertLeave","select":"leave","select_aggregate":"leaveAggregate","select_by_pk":"leaveById","update":"bulkUpdateLeave","update_by_pk":"updateLeaveById"}},"delete_permissions":[{"comment":"Developer role has full delete access","permission":{"filter":{}},"role":"developer"},{"comment":"Only Org Admins can delete leave records","permission":{"filter":{}},"role":"org_admin"}],"insert_permissions":[{"comment":"Consultants can create their own leave requests","permission":{"check":{"user_id":{"_eq":"X-Hasura-User-Id"}},"columns":["start_date","end_date","leave_type","reason","user_id"]},"role":"consultant"},{"comment":"Developer role has full insert access","permission":{"check":{},"columns":"*"},"role":"developer"},{"comment":"Managers can create leave for any user and set status","permission":{"check":{},"columns":["start_date","end_date","leave_type","reason","user_id","status"]},"role":"manager"},{"comment":"Org Admins can create leave for any user","permission":{"check":{},"columns":["user_id","start_date","end_date","leave_type","reason","status"]},"role":"org_admin"},{"comment":"Users can create their own leave requests","permission":{"check":{"user_id":{"_eq":"X-Hasura-User-Id"}},"columns":["start_date","end_date","leave_type","reason","user_id"]},"role":"viewer"}],"object_relationships":[{"name":"leaveRequester","using":{"foreign_key_constraint_on":"user_id"}},{"name":"leaveUser","using":{"foreign_key_constraint_on":"user_id"}}],"select_permissions":[{"comment":"Consultants can view their own leave records","permission":{"allow_aggregations":true,"columns":["id","end_date","leave_type","reason","start_date","status","user_id"],"filter":{"user_id":{"_eq":"X-Hasura-User-Id"}}},"role":"consultant"},{"comment":"Developer role has full select access","permission":{"allow_aggregations":true,"columns":"*","filter":{}},"role":"developer"},{"comment":"Managers can view their own leave and their team's leave","permission":{"allow_aggregations":true,"columns":["id","end_date","leave_type","reason","start_date","status","user_id"],"filter":{"_or":[{"user_id":{"_eq":"X-Hasura-User-Id"}},{"leaveRequester":{"manager_id":{"_eq":"X-Hasura-User-Id"}}}]}},"role":"manager"},{"comment":"Org Admins can view all leave records","permission":{"allow_aggregations":true,"columns":["id","end_date","leave_type","reason","start_date","status","user_id"],"filter":{}},"role":"org_admin"},{"comment":"Users can view their own leave records","permission":{"allow_aggregations":true,"columns":["id","end_date","leave_type","reason","start_date","status","user_id"],"filter":{"user_id":{"_eq":"X-Hasura-User-Id"}}},"role":"viewer"}],"table":{"name":"leave","schema":"public"},"update_permissions":[{"comment":"Users can update their own pending leave requests","permission":{"check":{"user_id":{"_eq":"X-Hasura-User-Id"}},"columns":["start_date","end_date","leave_type","reason"],"filter":{"_and":[{"user_id":{"_eq":"X-Hasura-User-Id"}},{"status":{"_eq":"Pending"}}]}},"role":"consultant"},{"comment":"Developer role has full update access","permission":{"check":{},"columns":"*","filter":{}},"role":"developer"},{"comment":"Managers can update leave for their team","permission":{"check":{},"columns":["start_date","end_date","leave_type","reason","status"],"filter":{"_or":[{"user_id":{"_eq":"X-Hasura-User-Id"}},{"leaveRequester":{"manager_id":{"_eq":"X-Hasura-User-Id"}}}]}},"role":"manager"},{"comment":"Org Admins can update any leave record","permission":{"check":{},"columns":["start_date","end_date","leave_type","reason","status","user_id"],"filter":{}},"role":"org_admin"}]},{"apollo_federation_config":{"enable":"v1"},"array_relationships":[{"name":"notesByClient","using":{"manual_configuration":{"column_mapping":{"entity_id":"id"},"insertion_order":null,"remote_table":{"name":"clients","schema":"public"}}}},{"name":"notesByPayroll","using":{"manual_configuration":{"column_mapping":{"entity_id":"id"},"insertion_order":null,"remote_table":{"name":"payrolls","schema":"public"}}}}],"configuration":{"column_config":{"created_at":{"custom_name":"createdAt"},"entity_id":{"custom_name":"entityId"},"entity_type":{"custom_name":"entityType"},"is_important":{"custom_name":"isImportant"},"updated_at":{"custom_name":"updatedAt"},"user_id":{"custom_name":"userId"}},"custom_column_names":{"created_at":"createdAt","entity_id":"entityId","entity_type":"entityType","is_important":"isImportant","updated_at":"updatedAt","user_id":"userId"},"custom_name":"notes","custom_root_fields":{"delete":"bulkDeleteNotes","delete_by_pk":"deleteNoteById","insert":"bulkInsertNotes","insert_one":"insertNote","select":"notes","select_aggregate":"notesAggregate","select_by_pk":"noteById","update":"bulkUpdateNotes","update_by_pk":"updateNoteById"}},"delete_permissions":[{"comment":"Consultants can delete their own notes","permission":{"filter":{"user_id":{"_eq":"X-Hasura-User-Id"}}},"role":"consultant"},{"comment":"Developer role has full delete access","permission":{"filter":{}},"role":"developer"},{"comment":"Managers can delete their own notes","permission":{"filter":{"user_id":{"_eq":"X-Hasura-User-Id"}}},"role":"manager"},{"comment":"Org Admins can delete any notes","permission":{"filter":{}},"role":"org_admin"}],"insert_permissions":[{"comment":"Consultants can create notes","permission":{"check":{"user_id":{"_eq":"X-Hasura-User-Id"}},"columns":["entity_type","entity_id","content","is_important","user_id"]},"role":"consultant"},{"comment":"Developer role has full insert access","permission":{"check":{},"columns":"*"},"role":"developer"},{"comment":"Managers can create notes","permission":{"check":{"user_id":{"_eq":"X-Hasura-User-Id"}},"columns":["entity_type","entity_id","content","is_important","user_id"]},"role":"manager"},{"comment":"Org Admins can create notes","permission":{"check":{},"columns":["entity_type","entity_id","user_id","content","is_important"]},"role":"org_admin"},{"comment":"Viewers can create basic notes","permission":{"check":{"user_id":{"_eq":"X-Hasura-User-Id"}},"columns":["entity_type","entity_id","content","user_id"]},"role":"viewer"}],"object_relationships":[{"name":"authorUser","using":{"foreign_key_constraint_on":"user_id"}}],"select_permissions":[{"comment":"Consultants can view all notes on entities they have access to","permission":{"allow_aggregations":true,"columns":["content","created_at","entity_id","entity_type","id","updated_at","user_id","is_important"],"filter":{}},"role":"consultant"},{"comment":"Developer role has full select access","permission":{"allow_aggregations":true,"columns":"*","filter":{}},"role":"developer"},{"comment":"Managers can view all notes","permission":{"allow_aggregations":true,"columns":["id","entity_type","entity_id","user_id","content","is_important","created_at","updated_at"],"filter":{}},"role":"manager"},{"comment":"Org Admins can view all notes","permission":{"allow_aggregations":true,"columns":["id","entity_type","entity_id","user_id","content","is_important","created_at","updated_at"],"filter":{}},"role":"org_admin"},{"comment":"Viewers can view all notes","permission":{"columns":["id","entity_type","entity_id","user_id","content","is_important","created_at","updated_at"],"filter":{}},"role":"viewer"}],"table":{"name":"notes","schema":"public"},"update_permissions":[{"comment":"Consultants can update their own notes","permission":{"check":{"user_id":{"_eq":"X-Hasura-User-Id"}},"columns":["content","is_important"],"filter":{"user_id":{"_eq":"X-Hasura-User-Id"}}},"role":"consultant"},{"comment":"Developer role has full update access","permission":{"check":{},"columns":"*","filter":{}},"role":"developer"},{"comment":"Managers can update their own notes","permission":{"check":{"user_id":{"_eq":"X-Hasura-User-Id"}},"columns":["content","is_important"],"filter":{"user_id":{"_eq":"X-Hasura-User-Id"}}},"role":"manager"},{"comment":"Org Admins can update any notes","permission":{"check":{},"columns":["content","is_important"],"filter":{}},"role":"org_admin"},{"comment":"Viewers can update their own note content","permission":{"check":{"user_id":{"_eq":"X-Hasura-User-Id"}},"columns":["content"],"filter":{"user_id":{"_eq":"X-Hasura-User-Id"}}},"role":"viewer"}]},{"apollo_federation_config":{"enable":"v1"},"configuration":{"column_config":{"action_taken":{"custom_name":"actionTaken"},"executed_at":{"custom_name":"executedAt"},"payroll_id":{"custom_name":"payrollId"},"version_number":{"custom_name":"versionNumber"}},"custom_column_names":{"action_taken":"actionTaken","executed_at":"executedAt","payroll_id":"payrollId","version_number":"versionNumber"},"custom_name":"payrollActivationResults","custom_root_fields":{"delete":"bulkDeletePayrollActivationResults","delete_by_pk":"deletePayrollActivationResultById","insert":"bulkInsertPayrollActivationResults","insert_one":"insertPayrollActivationResult","select":"payrollActivationResults","select_aggregate":"payrollActivationResultsAggregate","select_by_pk":"payrollActivationResultById","update":"bulkUpdatePayrollActivationResults","update_by_pk":"updatePayrollActivationResultById"}},"delete_permissions":[{"comment":"Developer role has full delete access","permission":{"filter":{}},"role":"developer"}],"insert_permissions":[{"comment":"Developer role has full insert access","permission":{"check":{},"columns":"*"},"role":"developer"}],"select_permissions":[{"comment":"Consultants can view relevant data","permission":{"columns":["action_taken","executed_at","payroll_id","version_number"],"filter":{}},"role":"consultant"},{"comment":"Developer role has full select access","permission":{"allow_aggregations":true,"columns":"*","filter":{}},"role":"developer"},{"comment":"Managers can view all data","permission":{"allow_aggregations":true,"columns":["action_taken","executed_at","payroll_id","version_number"],"filter":{}},"role":"manager"},{"comment":"Org admins can view all data","permission":{"allow_aggregations":true,"columns":["action_taken","executed_at","payroll_id","version_number"],"filter":{}},"role":"org_admin"},{"comment":"Viewers can see basic information","permission":{"columns":["action_taken","executed_at","payroll_id","version_number"],"filter":{}},"role":"viewer"}],"table":{"name":"payroll_activation_results","schema":"public"},"update_permissions":[{"comment":"Developer role has full update access","permission":{"check":{},"columns":"*","filter":{}},"role":"developer"}]},{"apollo_federation_config":{"enable":"v1"},"configuration":{"column_config":{"assignment_id":{"custom_name":"assignmentId"},"change_reason":{"custom_name":"changeReason"},"changed_by":{"custom_name":"changedBy"},"from_consultant_id":{"custom_name":"fromConsultantId"},"payroll_date_id":{"custom_name":"payrollDateId"},"to_consultant_id":{"custom_name":"toConsultantId"}},"custom_column_names":{"assignment_id":"assignmentId","change_reason":"changeReason","changed_by":"changedBy","from_consultant_id":"fromConsultantId","payroll_date_id":"payrollDateId","to_consultant_id":"toConsultantId"},"custom_name":"payrollAssignmentAudits","custom_root_fields":{"delete":"bulkDeletePayrollAssignmentAudits","delete_by_pk":"deletePayrollAssignmentAuditById","insert":"bulkInsertPayrollAssignmentAudits","insert_one":"insertPayrollAssignmentAudit","select":"payrollAssignmentAudits","select_aggregate":"payrollAssignmentAuditsAggregate","select_by_pk":"payrollAssignmentAuditById","update":"bulkUpdatePayrollAssignmentAudits","update_by_pk":"updatePayrollAssignmentAuditById"}},"delete_permissions":[{"comment":"Developer role has full delete access","permission":{"filter":{}},"role":"developer"},{"comment":"Org admins can delete audit records if needed","permission":{"filter":{}},"role":"org_admin"}],"insert_permissions":[{"comment":"Developer role has full insert access","permission":{"check":{},"columns":"*"},"role":"developer"},{"comment":"Managers can create audit records for their changes","permission":{"check":{"changed_by":{"_eq":"X-Hasura-User-Id"}},"columns":["assignment_id","payroll_date_id","from_consultant_id","to_consultant_id","changed_by","change_reason"]},"role":"manager"},{"comment":"Org admins can create any audit records","permission":{"check":{},"columns":["assignment_id","payroll_date_id","from_consultant_id","to_consultant_id","changed_by","change_reason"]},"role":"org_admin"}],"object_relationships":[{"name":"changedByUser","using":{"foreign_key_constraint_on":"changed_by"}},{"name":"fromConsultant","using":{"foreign_key_constraint_on":"from_consultant_id"}},{"name":"payrollAssignment","using":{"foreign_key_constraint_on":"assignment_id"}},{"name":"payrollDate","using":{"foreign_key_constraint_on":"payroll_date_id"}},{"name":"toConsultant","using":{"foreign_key_constraint_on":"to_consultant_id"}}],"select_permissions":[{"comment":"Consultants can view audit records where they are involved","permission":{"columns":["assignment_id","change_reason","changed_by","from_consultant_id","payroll_date_id","to_consultant_id"],"filter":{"_or":[{"from_consultant_id":{"_eq":"X-Hasura-User-Id"}},{"to_consultant_id":{"_eq":"X-Hasura-User-Id"}}]}},"role":"consultant"},{"comment":"Developer role has full select access","permission":{"allow_aggregations":true,"columns":"*","filter":{}},"role":"developer"},{"comment":"Managers can view all assignment audit records","permission":{"allow_aggregations":true,"columns":["assignment_id","change_reason","changed_by","from_consultant_id","payroll_date_id","to_consultant_id"],"filter":{}},"role":"manager"},{"comment":"Org admins can view all assignment audit records","permission":{"allow_aggregations":true,"columns":["assignment_id","change_reason","changed_by","from_consultant_id","payroll_date_id","to_consultant_id"],"filter":{}},"role":"org_admin"},{"comment":"Viewers can see basic information","permission":{"columns":["assignment_id","change_reason","changed_by","from_consultant_id","payroll_date_id","to_consultant_id"],"filter":{}},"role":"viewer"}],"table":{"name":"payroll_assignment_audit","schema":"public"},"update_permissions":[{"comment":"Developer role has full update access","permission":{"check":{},"columns":"*","filter":{}},"role":"developer"}]},{"apollo_federation_config":{"enable":"v1"},"array_relationships":[{"name":"payrollAssignmentAudits","using":{"foreign_key_constraint_on":{"column":"assignment_id","table":{"name":"payroll_assignment_audit","schema":"public"}}}}],"configuration":{"column_config":{"assigned_by":{"custom_name":"assignedBy"},"assigned_date":{"custom_name":"assignedDate"},"consultant_id":{"custom_name":"consultantId"},"created_at":{"custom_name":"createdAt"},"is_backup":{"custom_name":"isBackup"},"original_consultant_id":{"custom_name":"originalConsultantId"},"payroll_date_id":{"custom_name":"payrollDateId"},"updated_at":{"custom_name":"updatedAt"}},"custom_column_names":{"assigned_by":"assignedBy","assigned_date":"assignedDate","consultant_id":"consultantId","created_at":"createdAt","is_backup":"isBackup","original_consultant_id":"originalConsultantId","payroll_date_id":"payrollDateId","updated_at":"updatedAt"},"custom_name":"payrollAssignments","custom_root_fields":{"delete":"bulkDeletePayrollAssignments","delete_by_pk":"deletePayrollAssignmentById","insert":"bulkInsertPayrollAssignments","insert_one":"insertPayrollAssignment","select":"payrollAssignments","select_aggregate":"payrollAssignmentsAggregate","select_by_pk":"payrollAssignmentById","update":"bulkUpdatePayrollAssignments","update_by_pk":"updatePayrollAssignmentById"}},"delete_permissions":[{"comment":"Developer role has full delete access","permission":{"filter":{}},"role":"developer"},{"comment":"Managers can delete payroll assignments","permission":{"filter":{}},"role":"manager"},{"comment":"Org admins can delete payroll assignments","permission":{"filter":{}},"role":"org_admin"}],"insert_permissions":[{"comment":"Developer role has full insert access","permission":{"check":{},"columns":"*"},"role":"developer"},{"comment":"Managers can create payroll assignments","permission":{"check":{},"columns":["payroll_date_id","consultant_id","assigned_by","is_backup","original_consultant_id"]},"role":"manager"},{"comment":"Org admins can create payroll assignments","permission":{"check":{},"columns":["payroll_date_id","consultant_id","assigned_by","is_backup","original_consultant_id"]},"role":"org_admin"}],"object_relationships":[{"name":"assignedByUser","using":{"foreign_key_constraint_on":"assigned_by"}},{"name":"assignedConsultant","using":{"foreign_key_constraint_on":"consultant_id"}},{"name":"originalConsultant","using":{"foreign_key_constraint_on":"original_consultant_id"}},{"name":"payrollDate","using":{"foreign_key_constraint_on":"payroll_date_id"}}],"select_permissions":[{"comment":"Consultants can view assignments where they are the consultant or original consultant","permission":{"columns":["id","payroll_date_id","consultant_id","assigned_by","is_backup","original_consultant_id","assigned_date","created_at","updated_at"],"filter":{"_or":[{"consultant_id":{"_eq":"X-Hasura-User-Id"}},{"original_consultant_id":{"_eq":"X-Hasura-User-Id"}}]}},"role":"consultant"},{"comment":"Developer role has full select access","permission":{"allow_aggregations":true,"columns":"*","filter":{}},"role":"developer"},{"comment":"Managers can view all payroll assignments","permission":{"allow_aggregations":true,"columns":["id","payroll_date_id","consultant_id","assigned_by","is_backup","original_consultant_id","assigned_date","created_at","updated_at"],"filter":{}},"role":"manager"},{"comment":"Org admins can view all payroll assignments","permission":{"allow_aggregations":true,"columns":["id","payroll_date_id","consultant_id","assigned_by","is_backup","original_consultant_id","assigned_date","created_at","updated_at"],"filter":{}},"role":"org_admin"},{"comment":"Viewers can see basic information","permission":{"columns":["assigned_by","assigned_date","consultant_id","created_at","id","is_backup","original_consultant_id","payroll_date_id","updated_at"],"filter":{}},"role":"viewer"}],"table":{"name":"payroll_assignments","schema":"public"},"update_permissions":[{"comment":"Developer role has full update access","permission":{"check":{},"columns":"*","filter":{}},"role":"developer"},{"comment":"Managers can update assignment details","permission":{"check":{},"columns":["consultant_id","is_backup","original_consultant_id"],"filter":{}},"role":"manager"},{"comment":"Org admins can update assignment details","permission":{"check":{},"columns":["consultant_id","is_backup","original_consultant_id"],"filter":{}},"role":"org_admin"}]},{"apollo_federation_config":{"enable":"v1"},"array_relationships":[{"name":"adjustmentRules","using":{"foreign_key_constraint_on":{"column":"cycle_id","table":{"name":"adjustment_rules","schema":"public"}}}},{"name":"payrolls","using":{"foreign_key_constraint_on":{"column":"cycle_id","table":{"name":"payrolls","schema":"public"}}}}],"configuration":{"column_config":{"created_at":{"custom_name":"createdAt"},"updated_at":{"custom_name":"updatedAt"}},"custom_column_names":{"created_at":"createdAt","updated_at":"updatedAt"},"custom_name":"payrollCycles","custom_root_fields":{"delete":"bulkDeletePayrollCycles","delete_by_pk":"deletePayrollCycleById","insert":"bulkInsertPayrollCycles","insert_one":"insertPayrollCycle","select":"payrollCycles","select_aggregate":"payrollCyclesAggregate","select_by_pk":"payrollCycleById","update":"bulkUpdatePayrollCycles","update_by_pk":"updatePayrollCycleById"}},"delete_permissions":[{"comment":"Developer role has full delete access","permission":{"filter":{}},"role":"developer"}],"insert_permissions":[{"comment":"Developer role has full insert access","permission":{"check":{},"columns":"*"},"role":"developer"}],"select_permissions":[{"comment":"All users need to see payroll cycles","permission":{"columns":["created_at","description","id","name","updated_at"],"filter":{}},"role":"consultant"},{"comment":"Developer role has full select access","permission":{"allow_aggregations":true,"columns":"*","filter":{}},"role":"developer"},{"comment":"Managers can see all payroll cycle details","permission":{"columns":["id","name","description","created_at","updated_at"],"filter":{}},"role":"manager"},{"comment":"Org admins can see all payroll cycle details","permission":{"columns":["id","name","description","created_at","updated_at"],"filter":{}},"role":"org_admin"},{"comment":"All users need to see payroll cycles","permission":{"columns":["created_at","description","id","name","updated_at"],"filter":{}},"role":"viewer"}],"table":{"name":"payroll_cycles","schema":"public"},"update_permissions":[{"comment":"Developer role has full update access","permission":{"check":{},"columns":"*","filter":{}},"role":"developer"}]},{"configuration":{"column_config":{"backup_consultant_user_id":{"custom_name":"backupConsultantUserId"},"client_name":{"custom_name":"clientName"},"cycle_name":{"custom_name":"cycleName"},"future_dates":{"custom_name":"futureDates"},"manager_user_id":{"custom_name":"managerUserId"},"next_eft_date":{"custom_name":"nextEftDate"},"past_dates":{"custom_name":"pastDates"},"primary_consultant_user_id":{"custom_name":"primaryConsultantUserId"},"total_dates":{"custom_name":"totalDates"}},"custom_column_names":{"backup_consultant_user_id":"backupConsultantUserId","client_name":"clientName","cycle_name":"cycleName","future_dates":"futureDates","manager_user_id":"managerUserId","next_eft_date":"nextEftDate","past_dates":"pastDates","primary_consultant_user_id":"primaryConsultantUserId","total_dates":"totalDates"},"custom_name":"payrollDashboardStats","custom_root_fields":{"select":"payrollDashboardStats","select_aggregate":"payrollDashboardStatsAggregate","select_by_pk":"payrollDashboardStatById"}},"select_permissions":[{"comment":"Consultants can view dashboard stats for their assigned payrolls","permission":{"columns":["backup_consultant_user_id","client_name","cycle_name","future_dates","manager_user_id","name","next_eft_date","past_dates","primary_consultant_user_id","status","total_dates"],"filter":{"_or":[{"primary_consultant_user_id":{"_eq":"X-Hasura-User-Id"}},{"backup_consultant_user_id":{"_eq":"X-Hasura-User-Id"}}]}},"role":"consultant"},{"comment":"Developer role has full select access","permission":{"allow_aggregations":true,"columns":"*","filter":{}},"role":"developer"},{"comment":"Managers can view all dashboard statistics","permission":{"allow_aggregations":true,"columns":["backup_consultant_user_id","client_name","cycle_name","future_dates","manager_user_id","name","next_eft_date","past_dates","primary_consultant_user_id","status","total_dates"],"filter":{}},"role":"manager"},{"comment":"Org admins can view all dashboard statistics including system health","permission":{"allow_aggregations":true,"columns":["backup_consultant_user_id","client_name","cycle_name","future_dates","manager_user_id","name","next_eft_date","past_dates","primary_consultant_user_id","status","total_dates"],"filter":{}},"role":"org_admin"},{"comment":"Viewers can see basic information","permission":{"columns":["backup_consultant_user_id","client_name","cycle_name","future_dates","manager_user_id","name","next_eft_date","past_dates","primary_consultant_user_id","status","total_dates"],"filter":{}},"role":"viewer"}],"table":{"name":"payroll_dashboard_stats","schema":"public"}},{"apollo_federation_config":{"enable":"v1"},"array_relationships":[{"name":"adjustmentRules","using":{"foreign_key_constraint_on":{"column":"date_type_id","table":{"name":"adjustment_rules","schema":"public"}}}},{"name":"payrolls","using":{"foreign_key_constraint_on":{"column":"date_type_id","table":{"name":"payrolls","schema":"public"}}}}],"configuration":{"column_config":{"created_at":{"custom_name":"createdAt"},"updated_at":{"custom_name":"updatedAt"}},"custom_column_names":{"created_at":"createdAt","updated_at":"updatedAt"},"custom_name":"payrollDateTypes","custom_root_fields":{"delete":"bulkDeletePayrollDateTypes","delete_by_pk":"deletePayrollDateTypeById","insert":"bulkInsertPayrollDateTypes","insert_one":"insertPayrollDateType","select":"payrollDateTypes","select_aggregate":"payrollDateTypesAggregate","select_by_pk":"payrollDateTypeById","update":"bulkUpdatePayrollDateTypes","update_by_pk":"updatePayrollDateTypeById"}},"delete_permissions":[{"comment":"Developer role has full delete access","permission":{"filter":{}},"role":"developer"},{"comment":"Org Admins can delete payroll date types","permission":{"filter":{}},"role":"org_admin"}],"insert_permissions":[{"comment":"Developer role has full insert access","permission":{"check":{},"columns":"*"},"role":"developer"},{"comment":"Org Admins can insert payroll date types","permission":{"check":{},"columns":["name","description"]},"role":"org_admin"}],"select_permissions":[{"comment":"Consultants can view payroll date types","permission":{"columns":["created_at","description","id","name","updated_at"],"filter":{}},"role":"consultant"},{"comment":"Developer role has full select access","permission":{"allow_aggregations":true,"columns":"*","filter":{}},"role":"developer"},{"comment":"Managers can view payroll date types","permission":{"allow_aggregations":true,"columns":["id","name","description","created_at","updated_at"],"filter":{}},"role":"manager"},{"comment":"Org Admins can view payroll date types","permission":{"allow_aggregations":true,"columns":["id","name","description","created_at","updated_at"],"filter":{}},"role":"org_admin"},{"comment":"All users need to see payroll date types","permission":{"columns":["created_at","description","id","name","updated_at"],"filter":{}},"role":"viewer"}],"table":{"name":"payroll_date_types","schema":"public"},"update_permissions":[{"comment":"Developer role has full update access","permission":{"check":{},"columns":"*","filter":{}},"role":"developer"},{"comment":"Org Admins can update payroll date types","permission":{"check":{},"columns":["name","description"],"filter":{}},"role":"org_admin"}]},{"apollo_federation_config":{"enable":"v1"},"array_relationships":[{"name":"payrollAssignmentAudits","using":{"foreign_key_constraint_on":{"column":"payroll_date_id","table":{"name":"payroll_assignment_audit","schema":"public"}}}}],"configuration":{"column_config":{"adjusted_eft_date":{"custom_name":"adjustedEftDate"},"created_at":{"custom_name":"createdAt"},"original_eft_date":{"custom_name":"originalEftDate"},"payroll_id":{"custom_name":"payrollId"},"processing_date":{"custom_name":"processingDate"},"updated_at":{"custom_name":"updatedAt"}},"custom_column_names":{"adjusted_eft_date":"adjustedEftDate","created_at":"createdAt","original_eft_date":"originalEftDate","payroll_id":"payrollId","processing_date":"processingDate","updated_at":"updatedAt"},"custom_name":"payrollDates","custom_root_fields":{"delete":"bulkDeletePayrollDates","delete_by_pk":"deletePayrollDateById","insert":"bulkInsertPayrollDates","insert_one":"insertPayrollDate","select":"payrollDates","select_aggregate":"payrollDatesAggregate","select_by_pk":"payrollDateById","update":"bulkUpdatePayrollDates","update_by_pk":"updatePayrollDateById"}},"delete_permissions":[{"comment":"Developer role has full delete access","permission":{"filter":{}},"role":"developer"},{"comment":"Only Org Admins can delete payroll dates","permission":{"filter":{}},"role":"org_admin"}],"insert_permissions":[{"comment":"Developer role has full insert access","permission":{"check":{},"columns":"*"},"role":"developer"},{"comment":"Managers can insert payroll dates for payrolls they manage","permission":{"check":{"relatedPayroll":{"_or":[{"manager_user_id":{"_eq":"X-Hasura-User-Id"}}]}},"columns":["payroll_id","original_eft_date","adjusted_eft_date","processing_date","notes"]},"role":"manager"},{"comment":"Org Admins can insert any payroll dates","permission":{"check":{},"columns":["payroll_id","original_eft_date","adjusted_eft_date","processing_date","notes"]},"role":"org_admin"}],"object_relationships":[{"name":"payrollAssignment","using":{"foreign_key_constraint_on":{"column":"payroll_date_id","table":{"name":"payroll_assignments","schema":"public"}}}},{"name":"relatedPayroll","using":{"foreign_key_constraint_on":"payroll_id"}}],"select_permissions":[{"comment":"Consultants can view dates for payrolls they're assigned to","permission":{"columns":["id","payroll_id","original_eft_date","adjusted_eft_date","processing_date","notes","created_at","updated_at"],"filter":{"relatedPayroll":{"_or":[{"primary_consultant_user_id":{"_eq":"X-Hasura-User-Id"}},{"backup_consultant_user_id":{"_eq":"X-Hasura-User-Id"}}]}}},"role":"consultant"},{"comment":"Developer role has full select access","permission":{"allow_aggregations":true,"columns":"*","filter":{}},"role":"developer"},{"comment":"Managers can view dates for payrolls they manage","permission":{"allow_aggregations":true,"columns":["id","payroll_id","original_eft_date","adjusted_eft_date","processing_date","notes","created_at","updated_at"],"filter":{"relatedPayroll":{"manager_user_id":{"_eq":"X-Hasura-User-Id"}}}},"role":"manager"},{"comment":"Org Admins can view all payroll dates","permission":{"allow_aggregations":true,"columns":["id","payroll_id","original_eft_date","adjusted_eft_date","processing_date","notes","created_at","updated_at"],"filter":{}},"role":"org_admin"},{"comment":"Viewers can view basic payroll date information","permission":{"columns":["adjusted_eft_date","created_at","id","notes","original_eft_date","payroll_id","processing_date","updated_at"],"filter":{}},"role":"viewer"}],"table":{"name":"payroll_dates","schema":"public"},"update_permissions":[{"comment":"Consultants can update notes on payroll dates they manage","permission":{"check":{},"columns":["notes"],"filter":{"relatedPayroll":{"_or":[{"primary_consultant_user_id":{"_eq":"X-Hasura-User-Id"}},{"backup_consultant_user_id":{"_eq":"X-Hasura-User-Id"}}]}}},"role":"consultant"},{"comment":"Developer role has full update access","permission":{"check":{},"columns":"*","filter":{}},"role":"developer"},{"comment":"Managers can update payroll dates they manage","permission":{"check":{},"columns":["original_eft_date","adjusted_eft_date","processing_date","notes"],"filter":{"relatedPayroll":{"manager_user_id":{"_eq":"X-Hasura-User-Id"}}}},"role":"manager"},{"comment":"Org Admins can update any payroll dates","permission":{"check":{},"columns":["original_eft_date","adjusted_eft_date","processing_date","notes"],"filter":{}},"role":"org_admin"}]},{"table":{"name":"payroll_profitability","schema":"public"}},{"apollo_federation_config":{"enable":"v1"},"configuration":{"column_config":{"payroll_id":{"custom_name":"payrollId"},"required_level":{"custom_name":"requiredLevel"},"skill_name":{"custom_name":"skillName"}},"custom_column_names":{"payroll_id":"payrollId","required_level":"requiredLevel","skill_name":"skillName"},"custom_name":"payrollRequiredSkill","custom_root_fields":{"delete":"bulkDeletePayrollRequiredSkill","insert":"bulkInsertPayrollRequiredSkill","insert_one":"insertPayrollRequiredSkill","select":"payrollRequiredSkill","select_aggregate":"payrollRequiredSkillAggregate","update":"bulkUpdatePayrollRequiredSkill"}},"delete_permissions":[{"comment":"Developer role has full delete access","permission":{"filter":{}},"role":"developer"},{"comment":"Managers can delete payroll required skills","permission":{"filter":{}},"role":"manager"},{"comment":"Org admins can delete payroll required skills","permission":{"filter":{}},"role":"org_admin"}],"insert_permissions":[{"comment":"Developer role has full insert access","permission":{"check":{},"columns":"*"},"role":"developer"},{"comment":"Managers can create payroll required skills","permission":{"check":{},"columns":"*"},"role":"manager"},{"comment":"Org admins can create payroll required skills","permission":{"check":{},"columns":"*"},"role":"org_admin"}],"object_relationships":[{"name":"requiringPayroll","using":{"foreign_key_constraint_on":"payroll_id"}}],"select_permissions":[{"comment":"Consultants can view skills for payrolls they're assigned to","permission":{"columns":"*","filter":{"requiringPayroll":{"_or":[{"primary_consultant_user_id":{"_eq":"X-Hasura-User-Id"}},{"backup_consultant_user_id":{"_eq":"X-Hasura-User-Id"}}]}}},"role":"consultant"},{"comment":"Developer role has full select access","permission":{"allow_aggregations":true,"columns":"*","filter":{}},"role":"developer"},{"comment":"Managers can view all payroll required skills for assignment purposes","permission":{"allow_aggregations":true,"columns":"*","filter":{}},"role":"manager"},{"comment":"Org admins can view all payroll required skills","permission":{"allow_aggregations":true,"columns":"*","filter":{}},"role":"org_admin"},{"comment":"Viewers can see payroll skill requirements for planning","permission":{"columns":"*","filter":{}},"role":"viewer"}],"table":{"name":"payroll_required_skills","schema":"public"},"update_permissions":[{"comment":"Developer role has full update access","permission":{"check":{},"columns":"*","filter":{}},"role":"developer"},{"comment":"Managers can update payroll required skills","permission":{"check":{},"columns":"*","filter":{}},"role":"manager"},{"comment":"Org admins can update payroll required skills","permission":{"check":{},"columns":"*","filter":{}},"role":"org_admin"}]},{"configuration":{"column_config":{"action_statement":{"custom_name":"actionStatement"},"action_timing":{"custom_name":"actionTiming"},"event_manipulation":{"custom_name":"eventManipulation"},"event_object_table":{"custom_name":"eventObjectTable"},"trigger_name":{"custom_name":"triggerName"}},"custom_column_names":{"action_statement":"actionStatement","action_timing":"actionTiming","event_manipulation":"eventManipulation","event_object_table":"eventObjectTable","trigger_name":"triggerName"},"custom_name":"payrollTriggersStatus","custom_root_fields":{"delete":"bulkDeletePayrollTriggersStatus","delete_by_pk":"deletePayrollTriggerStatusById","insert":"bulkInsertPayrollTriggersStatus","insert_one":"insertPayrollTriggerStatus","select":"payrollTriggersStatus","select_aggregate":"payrollTriggersStatusAggregate","select_by_pk":"payrollTriggerStatusById","update":"bulkUpdatePayrollTriggersStatus","update_by_pk":"updatePayrollTriggerStatusById"}},"delete_permissions":[{"comment":"Developer role has full delete access","permission":{"filter":{}},"role":"developer"}],"insert_permissions":[{"comment":"Developer role has full insert access","permission":{"check":{},"columns":"*"},"role":"developer"}],"select_permissions":[{"comment":"Consultants can view relevant data","permission":{"columns":["action_statement","action_timing","event_manipulation","event_object_table","trigger_name"],"filter":{}},"role":"consultant"},{"comment":"Developer role has full select access","permission":{"allow_aggregations":true,"columns":"*","filter":{}},"role":"developer"},{"comment":"Managers can view all data","permission":{"allow_aggregations":true,"columns":["action_statement","action_timing","event_manipulation","event_object_table","trigger_name"],"filter":{}},"role":"manager"},{"comment":"Org admins can view all data","permission":{"allow_aggregations":true,"columns":["action_statement","action_timing","event_manipulation","event_object_table","trigger_name"],"filter":{}},"role":"org_admin"},{"comment":"Viewers can see basic information","permission":{"columns":["action_statement","action_timing","event_manipulation","event_object_table","trigger_name"],"filter":{}},"role":"viewer"}],"table":{"name":"payroll_triggers_status","schema":"public"},"update_permissions":[{"comment":"Developer role has full update access","permission":{"check":{},"columns":"*","filter":{}},"role":"developer"}]},{"apollo_federation_config":{"enable":"v1"},"configuration":{"column_config":{"go_live_date":{"custom_name":"goLiveDate"},"is_current":{"custom_name":"isCurrent"},"payroll_id":{"custom_name":"payrollId"},"queried_at":{"custom_name":"queriedAt"},"superseded_date":{"custom_name":"supersededDate"},"version_number":{"custom_name":"versionNumber"},"version_reason":{"custom_name":"versionReason"}},"custom_column_names":{"go_live_date":"goLiveDate","is_current":"isCurrent","payroll_id":"payrollId","queried_at":"queriedAt","superseded_date":"supersededDate","version_number":"versionNumber","version_reason":"versionReason"},"custom_name":"payrollVersionHistoryResults","custom_root_fields":{"delete":"bulkDeletePayrollVersionHistoryResults","delete_by_pk":"deletePayrollVersionHistoryResultById","insert":"bulkInsertPayrollVersionHistoryResults","insert_one":"insertPayrollVersionHistoryResult","select":"payrollVersionHistoryResults","select_aggregate":"payrollVersionHistoryResultsAggregate","select_by_pk":"payrollVersionHistoryResultById","update":"bulkUpdatePayrollVersionHistoryResults","update_by_pk":"updatePayrollVersionHistoryResultById"}},"delete_permissions":[{"comment":"Developer role has full delete access","permission":{"filter":{}},"role":"developer"}],"insert_permissions":[{"comment":"Developer role has full insert access","permission":{"check":{},"columns":"*"},"role":"developer"}],"select_permissions":[{"comment":"Consultants can view relevant data","permission":{"columns":["active","go_live_date","is_current","name","payroll_id","queried_at","superseded_date","version_number","version_reason"],"filter":{}},"role":"consultant"},{"comment":"Developer role has full select access","permission":{"allow_aggregations":true,"columns":"*","filter":{}},"role":"developer"},{"comment":"Managers can view all data","permission":{"allow_aggregations":true,"columns":["active","go_live_date","is_current","name","payroll_id","queried_at","superseded_date","version_number","version_reason"],"filter":{}},"role":"manager"},{"comment":"Org admins can view all data","permission":{"allow_aggregations":true,"columns":["active","go_live_date","is_current","name","payroll_id","queried_at","superseded_date","version_number","version_reason"],"filter":{}},"role":"org_admin"},{"comment":"Viewers can see basic information","permission":{"columns":["active","go_live_date","is_current","name","payroll_id","queried_at","superseded_date","version_number","version_reason"],"filter":{}},"role":"viewer"}],"table":{"name":"payroll_version_history_results","schema":"public"},"update_permissions":[{"comment":"Developer role has full update access","permission":{"check":{},"columns":"*","filter":{}},"role":"developer"}]},{"apollo_federation_config":{"enable":"v1"},"configuration":{"column_config":{"created_by_user_id":{"custom_name":"createdByUserId"},"dates_deleted":{"custom_name":"datesDeleted"},"new_payroll_id":{"custom_name":"newPayrollId"},"new_version_number":{"custom_name":"newVersionNumber"},"old_payroll_id":{"custom_name":"oldPayrollId"}},"custom_column_names":{"created_by_user_id":"createdByUserId","dates_deleted":"datesDeleted","new_payroll_id":"newPayrollId","new_version_number":"newVersionNumber","old_payroll_id":"oldPayrollId"},"custom_name":"payrollVersionResults","custom_root_fields":{"delete":"bulkDeletePayrollVersionResults","delete_by_pk":"deletePayrollVersionResultById","insert":"bulkInsertPayrollVersionResults","insert_one":"insertPayrollVersionResult","select":"payrollVersionResults","select_aggregate":"payrollVersionResultsAggregate","select_by_pk":"payrollVersionResultById","update":"bulkUpdatePayrollVersionResults","update_by_pk":"updatePayrollVersionResultById"}},"delete_permissions":[{"comment":"Developer role has full delete access","permission":{"filter":{}},"role":"developer"}],"insert_permissions":[{"comment":"Developer role has full insert access","permission":{"check":{},"columns":"*"},"role":"developer"}],"select_permissions":[{"comment":"Consultants can view relevant data","permission":{"columns":["created_by_user_id","dates_deleted","message","new_payroll_id","new_version_number","old_payroll_id"],"filter":{}},"role":"consultant"},{"comment":"Developer role has full select access","permission":{"allow_aggregations":true,"columns":"*","filter":{}},"role":"developer"},{"comment":"Managers can view all data","permission":{"allow_aggregations":true,"columns":["created_by_user_id","dates_deleted","message","new_payroll_id","new_version_number","old_payroll_id"],"filter":{}},"role":"manager"},{"comment":"Org admins can view all data","permission":{"allow_aggregations":true,"columns":["created_by_user_id","dates_deleted","message","new_payroll_id","new_version_number","old_payroll_id"],"filter":{}},"role":"org_admin"},{"comment":"Viewers can see basic information","permission":{"columns":["created_by_user_id","dates_deleted","message","new_payroll_id","new_version_number","old_payroll_id"],"filter":{}},"role":"viewer"}],"table":{"name":"payroll_version_results","schema":"public"},"update_permissions":[{"comment":"Developer role has full update access","permission":{"check":{},"columns":"*","filter":{}},"role":"developer"}]},{"apollo_federation_config":{"enable":"v1"},"array_relationships":[{"name":"billingItems","using":{"foreign_key_constraint_on":{"column":"payroll_id","table":{"name":"billing_items","schema":"public"}}}},{"name":"childPayrolls","using":{"foreign_key_constraint_on":{"column":"parent_payroll_id","table":{"name":"payrolls","schema":"public"}}}},{"name":"payrollDates","using":{"foreign_key_constraint_on":{"column":"payroll_id","table":{"name":"payroll_dates","schema":"public"}}}},{"name":"payrollRequiredSkills","using":{"foreign_key_constraint_on":{"column":"payroll_id","table":{"name":"payroll_required_skills","schema":"public"}}}},{"name":"timeEntries","using":{"foreign_key_constraint_on":{"column":"payroll_id","table":{"name":"time_entries","schema":"public"}}}}],"configuration":{"column_config":{"actual_hours":{"custom_name":"actualHours"},"actual_revenue":{"custom_name":"actualRevenue"},"backup_consultant_user_id":{"custom_name":"backupConsultantUserId"},"billing_status":{"custom_name":"billingStatus"},"client_id":{"custom_name":"clientId"},"created_at":{"custom_name":"createdAt"},"created_by_user_id":{"custom_name":"createdByUserId"},"cycle_id":{"custom_name":"cycleId"},"date_type_id":{"custom_name":"dateTypeId"},"date_value":{"custom_name":"dateValue"},"employee_count":{"custom_name":"employeeCount"},"estimated_hours":{"custom_name":"estimatedHours"},"estimated_revenue":{"custom_name":"estimatedRevenue"},"go_live_date":{"custom_name":"goLiveDate"},"last_billed_date":{"custom_name":"lastBilledDate"},"manager_user_id":{"custom_name":"managerUserId"},"parent_payroll_id":{"custom_name":"parentPayrollId"},"payroll_system":{"custom_name":"payrollSystem"},"primary_consultant_user_id":{"custom_name":"primaryConsultantUserId"},"processing_days_before_eft":{"custom_name":"processingDaysBeforeEft"},"processing_time":{"custom_name":"processingTime"},"profit_margin":{"custom_name":"profitMargin"},"superseded_date":{"custom_name":"supersededDate"},"updated_at":{"custom_name":"updatedAt"},"version_number":{"custom_name":"versionNumber"},"version_reason":{"custom_name":"versionReason"}},"custom_column_names":{"actual_hours":"actualHours","actual_revenue":"actualRevenue","backup_consultant_user_id":"backupConsultantUserId","billing_status":"billingStatus","client_id":"clientId","created_at":"createdAt","created_by_user_id":"createdByUserId","cycle_id":"cycleId","date_type_id":"dateTypeId","date_value":"dateValue","employee_count":"employeeCount","estimated_hours":"estimatedHours","estimated_revenue":"estimatedRevenue","go_live_date":"goLiveDate","last_billed_date":"lastBilledDate","manager_user_id":"managerUserId","parent_payroll_id":"parentPayrollId","payroll_system":"payrollSystem","primary_consultant_user_id":"primaryConsultantUserId","processing_days_before_eft":"processingDaysBeforeEft","processing_time":"processingTime","profit_margin":"profitMargin","superseded_date":"supersededDate","updated_at":"updatedAt","version_number":"versionNumber","version_reason":"versionReason"},"custom_name":"payrolls","custom_root_fields":{"delete":"bulkDeletePayrolls","delete_by_pk":"deletePayrollById","insert":"bulkInsertPayrolls","insert_one":"insertPayroll","select":"payrolls","select_aggregate":"payrollsAggregate","select_by_pk":"payrollById","update":"bulkUpdatePayrolls","update_by_pk":"updatePayrollById"}},"delete_permissions":[{"comment":"Developer role has full delete access","permission":{"filter":{}},"role":"developer"},{"comment":"Only Org Admins can delete payrolls","permission":{"filter":{}},"role":"org_admin"}],"insert_permissions":[{"comment":"Developer role has full insert access","permission":{"check":{},"columns":"*"},"role":"developer"},{"comment":"Managers can create payrolls and assign themselves as manager","permission":{"check":{"manager_user_id":{"_eq":"X-Hasura-User-Id"}},"columns":["name","client_id","cycle_id","date_type_id","date_value","primary_consultant_user_id","backup_consultant_user_id","manager_user_id","processing_days_before_eft","status","payroll_system","processing_time","employee_count"]},"role":"manager"},{"comment":"Org Admins can create any payrolls","permission":{"check":{},"columns":["name","client_id","cycle_id","date_type_id","date_value","primary_consultant_user_id","backup_consultant_user_id","manager_user_id","processing_days_before_eft","status","payroll_system","processing_time","employee_count"]},"role":"org_admin"}],"object_relationships":[{"name":"backupConsultant","using":{"foreign_key_constraint_on":"backup_consultant_user_id"}},{"name":"client","using":{"foreign_key_constraint_on":"client_id"}},{"name":"manager","using":{"foreign_key_constraint_on":"manager_user_id"}},{"name":"parentPayroll","using":{"foreign_key_constraint_on":"parent_payroll_id"}},{"name":"payrollCycle","using":{"foreign_key_constraint_on":"cycle_id"}},{"name":"payrollDateType","using":{"foreign_key_constraint_on":"date_type_id"}},{"name":"primaryConsultant","using":{"foreign_key_constraint_on":"primary_consultant_user_id"}}],"select_permissions":[{"comment":"AI Assistant can view payroll data for analysis and reporting (read-only)","permission":{"allow_aggregations":true,"columns":["id","name","client_id","cycle_id","date_type_id","date_value","primary_consultant_user_id","backup_consultant_user_id","manager_user_id","processing_days_before_eft","status","payroll_system","processing_time","employee_count","go_live_date","superseded_date","version_number","parent_payroll_id","version_reason","created_by_user_id","created_at","updated_at"],"filter":{}},"role":"ai_assistant"},{"comment":"Consultants can view payrolls they're assigned to","permission":{"allow_aggregations":true,"columns":["id","name","client_id","cycle_id","date_type_id","date_value","primary_consultant_user_id","backup_consultant_user_id","manager_user_id","processing_days_before_eft","status","payroll_system","processing_time","employee_count","go_live_date","superseded_date","version_number","parent_payroll_id","version_reason","created_by_user_id","created_at","updated_at"],"filter":{"_or":[{"primary_consultant_user_id":{"_eq":"X-Hasura-User-Id"}},{"backup_consultant_user_id":{"_eq":"X-Hasura-User-Id"}}]}},"role":"consultant"},{"comment":"Developer role has full select access","permission":{"allow_aggregations":true,"columns":"*","filter":{}},"role":"developer"},{"comment":"Managers can view payrolls they manage or are assigned to","permission":{"allow_aggregations":true,"columns":["id","name","client_id","cycle_id","date_type_id","date_value","primary_consultant_user_id","backup_consultant_user_id","manager_user_id","processing_days_before_eft","status","payroll_system","processing_time","employee_count","go_live_date","superseded_date","version_number","parent_payroll_id","version_reason","created_by_user_id","created_at","updated_at"],"filter":{"_or":[{"manager_user_id":{"_eq":"X-Hasura-User-Id"}},{"primary_consultant_user_id":{"_eq":"X-Hasura-User-Id"}},{"backup_consultant_user_id":{"_eq":"X-Hasura-User-Id"}}]}},"role":"manager"},{"comment":"Org Admins can view all payrolls","permission":{"allow_aggregations":true,"columns":["id","name","client_id","cycle_id","date_type_id","date_value","primary_consultant_user_id","backup_consultant_user_id","manager_user_id","processing_days_before_eft","status","payroll_system","processing_time","employee_count","go_live_date","superseded_date","version_number","parent_payroll_id","version_reason","created_by_user_id","created_at","updated_at"],"filter":{}},"role":"org_admin"},{"comment":"Viewers can view basic payroll information","permission":{"allow_aggregations":true,"columns":["backup_consultant_user_id","client_id","created_at","created_by_user_id","cycle_id","date_type_id","date_value","employee_count","go_live_date","id","manager_user_id","name","parent_payroll_id","payroll_system","primary_consultant_user_id","processing_days_before_eft","processing_time","status","superseded_date","updated_at","version_number","version_reason"],"filter":{}},"role":"viewer"}],"table":{"name":"payrolls","schema":"public"},"update_permissions":[{"comment":"Consultants can update status of payrolls they're assigned to","permission":{"check":{},"columns":["status"],"filter":{"_or":[{"primary_consultant_user_id":{"_eq":"X-Hasura-User-Id"}},{"backup_consultant_user_id":{"_eq":"X-Hasura-User-Id"}}]}},"role":"consultant"},{"comment":"Developer role has full update access","permission":{"check":{},"columns":"*","filter":{}},"role":"developer"},{"comment":"Managers can update payrolls they manage","permission":{"check":{},"columns":["name","client_id","cycle_id","date_type_id","date_value","primary_consultant_user_id","backup_consultant_user_id","manager_user_id","processing_days_before_eft","status","payroll_system","processing_time","employee_count"],"filter":{"manager_user_id":{"_eq":"X-Hasura-User-Id"}}},"role":"manager"},{"comment":"Org Admins can update any payrolls","permission":{"check":{},"columns":["name","client_id","cycle_id","date_type_id","date_value","primary_consultant_user_id","backup_consultant_user_id","manager_user_id","processing_days_before_eft","status","payroll_system","processing_time","employee_count"],"filter":{}},"role":"org_admin"}]},{"apollo_federation_config":{"enable":"v1"},"configuration":{"column_config":{"new_value":{"custom_name":"newValue"},"previous_value":{"custom_name":"previousValue"},"target_role":{"custom_name":"targetRole"},"target_user_id":{"custom_name":"targetUserId"},"timestamp":{"custom_name":"timestamp"},"user_id":{"custom_name":"userId"}},"custom_column_names":{"new_value":"newValue","previous_value":"previousValue","target_role":"targetRole","target_user_id":"targetUserId","timestamp":"timestamp","user_id":"userId"},"custom_name":"permissionAuditLogs","custom_root_fields":{"delete":"bulkDeletePermissionAuditLogs","delete_by_pk":"deletePermissionAuditLogById","insert":"bulkInsertPermissionAuditLogs","insert_one":"insertPermissionAuditLog","select":"permissionAuditLogs","select_aggregate":"permissionAuditLogsAggregate","select_by_pk":"permissionAuditLogById","update":"bulkUpdatePermissionAuditLogs","update_by_pk":"updatePermissionAuditLogById"}},"delete_permissions":[{"comment":"Developer role has full delete access","permission":{"filter":{}},"role":"developer"}],"insert_permissions":[{"comment":"Developer role has full insert access","permission":{"check":{},"columns":"*"},"role":"developer"}],"object_relationships":[{"name":"performedByUser","using":{"foreign_key_constraint_on":"user_id"}},{"name":"targetUser","using":{"foreign_key_constraint_on":"target_user_id"}}],"select_permissions":[{"comment":"Consultants can view relevant data","permission":{"columns":["action","new_value","operation","previous_value","reason","resource","target_role","target_user_id","timestamp","user_id"],"filter":{}},"role":"consultant"},{"comment":"Developer role has full select access","permission":{"allow_aggregations":true,"columns":"*","filter":{}},"role":"developer"},{"comment":"Managers can view all data","permission":{"allow_aggregations":true,"columns":["action","new_value","operation","previous_value","reason","resource","target_role","target_user_id","timestamp","user_id"],"filter":{}},"role":"manager"},{"comment":"Only org admins can view audit logs","permission":{"columns":["action","new_value","operation","previous_value","reason","resource","target_role","target_user_id","timestamp","user_id"],"filter":{}},"role":"org_admin"},{"comment":"Viewers can see basic information","permission":{"columns":["action","new_value","operation","previous_value","reason","resource","target_role","target_user_id","timestamp","user_id"],"filter":{}},"role":"viewer"}],"table":{"name":"permission_audit_log","schema":"public"},"update_permissions":[{"comment":"Developer role has full update access","permission":{"check":{},"columns":"*","filter":{}},"role":"developer"}]},{"apollo_federation_config":{"enable":"v1"},"configuration":{"column_config":{"created_at":{"custom_name":"createdAt"},"created_by":{"custom_name":"createdBy"},"expires_at":{"custom_name":"expiresAt"},"updated_at":{"custom_name":"updatedAt"},"user_id":{"custom_name":"userId"}},"custom_column_names":{"created_at":"createdAt","created_by":"createdBy","expires_at":"expiresAt","updated_at":"updatedAt","user_id":"userId"},"custom_name":"permissionOverrides","custom_root_fields":{"delete":"bulkDeletePermissionOverrides","delete_by_pk":"deletePermissionOverrideById","insert":"bulkInsertPermissionOverrides","insert_one":"insertPermissionOverride","select":"permissionOverrides","select_aggregate":"permissionOverridesAggregate","select_by_pk":"permissionOverrideById","update":"bulkUpdatePermissionOverrides","update_by_pk":"updatePermissionOverrideById"}},"delete_permissions":[{"comment":"Developer role has full delete access","permission":{"filter":{}},"role":"developer"},{"comment":"Only org admins can delete permission overrides","permission":{"filter":{}},"role":"org_admin"}],"insert_permissions":[{"comment":"Developer role has full insert access","permission":{"check":{},"columns":"*"},"role":"developer"},{"comment":"Only org admins can create permission overrides","permission":{"check":{"created_by":{"_eq":"X-Hasura-User-Id"}},"columns":["user_id","role","resource","operation","granted","conditions","reason","created_by","expires_at"]},"role":"org_admin"}],"object_relationships":[{"name":"createdByUser","using":{"foreign_key_constraint_on":"created_by"}},{"name":"targetUser","using":{"foreign_key_constraint_on":"user_id"}}],"select_permissions":[{"comment":"Consultants can view relevant data","permission":{"columns":["conditions","created_at","created_by","expires_at","granted","id","operation","reason","resource","role","updated_at","user_id"],"filter":{}},"role":"consultant"},{"comment":"Developer role has full select access","permission":{"allow_aggregations":true,"columns":"*","filter":{}},"role":"developer"},{"comment":"Managers can view all data","permission":{"allow_aggregations":true,"columns":["conditions","created_at","created_by","expires_at","granted","id","operation","reason","resource","role","updated_at","user_id"],"filter":{}},"role":"manager"},{"comment":"Only org admins can view permission overrides","permission":{"columns":["conditions","created_at","created_by","expires_at","granted","id","operation","reason","resource","role","updated_at","user_id"],"filter":{}},"role":"org_admin"},{"comment":"Viewers can see basic information","permission":{"columns":["conditions","created_at","created_by","expires_at","granted","id","operation","reason","resource","role","updated_at","user_id"],"filter":{}},"role":"viewer"}],"table":{"name":"permission_overrides","schema":"public"},"update_permissions":[{"comment":"Developer role has full update access","permission":{"check":{},"columns":"*","filter":{}},"role":"developer"},{"comment":"Only org admins can update permission overrides","permission":{"check":{},"columns":["granted","conditions","reason","expires_at"],"filter":{}},"role":"org_admin"}]},{"apollo_federation_config":{"enable":"v1"},"array_relationships":[{"name":"assignedToRoles","using":{"foreign_key_constraint_on":{"column":"permission_id","table":{"name":"role_permissions","schema":"public"}}}}],"configuration":{"column_config":{"created_at":{"custom_name":"createdAt"},"legacy_permission_name":{"custom_name":"legacyPermissionName"},"resource_id":{"custom_name":"resourceId"},"updated_at":{"custom_name":"updatedAt"}},"custom_column_names":{"created_at":"createdAt","legacy_permission_name":"legacyPermissionName","resource_id":"resourceId","updated_at":"updatedAt"},"custom_name":"permissions","custom_root_fields":{"delete":"bulkDeletePermissions","delete_by_pk":"deletePermissionById","insert":"bulkInsertPermissions","insert_one":"insertPermission","select":"permissions","select_aggregate":"permissionsAggregate","select_by_pk":"permissionById","update":"bulkUpdatePermissions","update_by_pk":"updatePermissionById"}},"delete_permissions":[{"comment":"Developer role has full delete access","permission":{"filter":{}},"role":"developer"}],"insert_permissions":[{"comment":"Developer role has full insert access","permission":{"check":{},"columns":"*"},"role":"developer"}],"object_relationships":[{"name":"relatedResource","using":{"foreign_key_constraint_on":"resource_id"}}],"select_permissions":[{"comment":"Developer role has full select access","permission":{"allow_aggregations":true,"columns":"*","filter":{}},"role":"developer"},{"comment":"Managers can view all permission data","permission":{"allow_aggregations":true,"columns":["action","created_at","description","id","legacy_permission_name","resource_id","updated_at"],"filter":{}},"role":"manager"},{"comment":"Org admins can view all permission data","permission":{"allow_aggregations":true,"columns":["action","created_at","description","id","legacy_permission_name","resource_id","updated_at"],"filter":{}},"role":"org_admin"}],"table":{"name":"permissions","schema":"public"},"update_permissions":[{"comment":"Developer role has full update access","permission":{"check":{},"columns":"*","filter":{}},"role":"developer"}]},{"apollo_federation_config":{"enable":"v1"},"configuration":{"column_config":{"default_admin_percentage":{"custom_name":"defaultAdminPercentage"},"updated_at":{"custom_name":"updatedAt"},"updated_by":{"custom_name":"updatedBy"}},"custom_column_names":{"default_admin_percentage":"defaultAdminPercentage","updated_at":"updatedAt","updated_by":"updatedBy"},"custom_root_fields":{}},"table":{"name":"position_admin_defaults","schema":"public"}},{"table":{"name":"rate_limits","schema":"public"}},{"apollo_federation_config":{"enable":"v1"},"array_relationships":[{"name":"availablePermissions","using":{"foreign_key_constraint_on":{"column":"resource_id","table":{"name":"permissions","schema":"public"}}}}],"configuration":{"column_config":{"created_at":{"custom_name":"createdAt"},"display_name":{"custom_name":"displayName"},"updated_at":{"custom_name":"updatedAt"}},"custom_column_names":{"created_at":"createdAt","display_name":"displayName","updated_at":"updatedAt"},"custom_name":"resources","custom_root_fields":{"delete":"bulkDeleteResources","delete_by_pk":"deleteResourceById","insert":"bulkInsertResources","insert_one":"insertResource","select":"resources","select_aggregate":"resourcesAggregate","select_by_pk":"resourceById","update":"bulkUpdateResources","update_by_pk":"updateResourceById"}},"delete_permissions":[{"comment":"Developer role has full delete access","permission":{"filter":{}},"role":"developer"}],"insert_permissions":[{"comment":"Developer role has full insert access","permission":{"check":{},"columns":"*"},"role":"developer"}],"select_permissions":[{"comment":"Consultants can view relevant data","permission":{"columns":["created_at","display_name","id","updated_at"],"filter":{}},"role":"consultant"},{"comment":"Developer role has full select access","permission":{"allow_aggregations":true,"columns":"*","filter":{}},"role":"developer"},{"comment":"Managers can view all data","permission":{"allow_aggregations":true,"columns":["created_at","display_name","id","updated_at"],"filter":{}},"role":"manager"},{"comment":"Org admins can view all data","permission":{"allow_aggregations":true,"columns":["created_at","display_name","id","updated_at"],"filter":{}},"role":"org_admin"},{"comment":"Viewers can see basic information","permission":{"columns":["created_at","display_name","id","updated_at"],"filter":{}},"role":"viewer"}],"table":{"name":"resources","schema":"public"},"update_permissions":[{"comment":"Developer role has full update access","permission":{"check":{},"columns":"*","filter":{}},"role":"developer"}]},{"apollo_federation_config":{"enable":"v1"},"configuration":{"column_config":{"created_at":{"custom_name":"createdAt"},"permission_id":{"custom_name":"permissionId"},"role_id":{"custom_name":"roleId"},"updated_at":{"custom_name":"updatedAt"}},"custom_column_names":{"created_at":"createdAt","permission_id":"permissionId","role_id":"roleId","updated_at":"updatedAt"},"custom_name":"rolePermissions","custom_root_fields":{"delete":"bulkDeleteRolePermissions","delete_by_pk":"deleteRolePermissionById","insert":"bulkInsertRolePermissions","insert_one":"insertRolePermission","select":"rolePermissions","select_aggregate":"rolePermissionsAggregate","select_by_pk":"rolePermissionById","update":"bulkUpdateRolePermissions","update_by_pk":"updateRolePermissionById"}},"delete_permissions":[{"comment":"Developer role has full delete access","permission":{"filter":{}},"role":"developer"}],"insert_permissions":[{"comment":"Developer role has full insert access","permission":{"check":{},"columns":"*"},"role":"developer"}],"object_relationships":[{"name":"grantedPermission","using":{"foreign_key_constraint_on":"permission_id"}},{"name":"grantedToRole","using":{"foreign_key_constraint_on":"role_id"}}],"select_permissions":[{"comment":"Consultants can view relevant data","permission":{"columns":["created_at","id","permission_id","role_id","updated_at"],"filter":{}},"role":"consultant"},{"comment":"Developer role has full select access","permission":{"allow_aggregations":true,"columns":"*","filter":{}},"role":"developer"},{"comment":"Managers can view all data","permission":{"allow_aggregations":true,"columns":["created_at","id","permission_id","role_id","updated_at"],"filter":{}},"role":"manager"},{"comment":"Org admins can view all data","permission":{"allow_aggregations":true,"columns":["created_at","id","permission_id","role_id","updated_at"],"filter":{}},"role":"org_admin"},{"comment":"Viewers can see basic information","permission":{"columns":["created_at","id","permission_id","role_id","updated_at"],"filter":{}},"role":"viewer"}],"table":{"name":"role_permissions","schema":"public"},"update_permissions":[{"comment":"Developer role has full update access","permission":{"check":{},"columns":"*","filter":{}},"role":"developer"}]},{"apollo_federation_config":{"enable":"v1"},"array_relationships":[{"name":"assignedPermissions","using":{"foreign_key_constraint_on":{"column":"role_id","table":{"name":"role_permissions","schema":"public"}}}},{"name":"assignedToUsers","using":{"foreign_key_constraint_on":{"column":"role_id","table":{"name":"user_roles","schema":"public"}}}}],"configuration":{"column_config":{"created_at":{"custom_name":"createdAt"},"display_name":{"custom_name":"displayName"},"is_system_role":{"custom_name":"isSystemRole"},"updated_at":{"custom_name":"updatedAt"}},"custom_column_names":{"created_at":"createdAt","display_name":"displayName","is_system_role":"isSystemRole","updated_at":"updatedAt"},"custom_name":"roles","custom_root_fields":{"delete":"bulkDeleteRoles","delete_by_pk":"deleteRoleById","insert":"bulkInsertRoles","insert_one":"insertRole","select":"roles","select_aggregate":"rolesAggregate","select_by_pk":"roleById","update":"bulkUpdateRoles","update_by_pk":"updateRoleById"}},"delete_permissions":[{"comment":"Developer role has full delete access","permission":{"filter":{}},"role":"developer"}],"insert_permissions":[{"comment":"Developer role has full insert access","permission":{"check":{},"columns":"*"},"role":"developer"}],"select_permissions":[{"comment":"Developer role has full select access","permission":{"allow_aggregations":true,"columns":"*","filter":{}},"role":"developer"},{"comment":"Managers can view all roles","permission":{"allow_aggregations":true,"columns":["created_at","description","display_name","id","is_system_role","name","priority","updated_at"],"filter":{}},"role":"manager"},{"comment":"Org admins can view all roles","permission":{"allow_aggregations":true,"columns":["created_at","description","display_name","id","is_system_role","name","priority","updated_at"],"filter":{}},"role":"org_admin"}],"table":{"name":"roles","schema":"public"},"update_permissions":[{"comment":"Developer role has full update access","permission":{"check":{},"columns":"*","filter":{}},"role":"developer"}]},{"object_relationships":[{"name":"user","using":{"foreign_key_constraint_on":"user_id"}}],"table":{"name":"security_alerts","schema":"public"}},{"object_relationships":[{"name":"user","using":{"foreign_key_constraint_on":"updated_by"}}],"table":{"name":"security_settings","schema":"public"}},{"table":{"name":"staff_billing_performance","schema":"public"}},{"table":{"name":"system_configuration","schema":"public"}},{"table":{"name":"system_health","schema":"public"}},{"apollo_federation_config":{"enable":"v1"},"configuration":{"column_config":{"avg_admin_percentage":{"custom_name":"avgAdminPercentage"},"consultant_count":{"custom_name":"consultantCount"},"total_admin_hours":{"custom_name":"totalAdminHours"},"total_payroll_capacity":{"custom_name":"totalPayrollCapacity"},"total_work_hours":{"custom_name":"totalWorkHours"}},"custom_column_names":{"avg_admin_percentage":"avgAdminPercentage","consultant_count":"consultantCount","total_admin_hours":"totalAdminHours","total_payroll_capacity":"totalPayrollCapacity","total_work_hours":"totalWorkHours"},"custom_root_fields":{}},"table":{"name":"team_capacity_by_position","schema":"public"}},{"apollo_federation_config":{"enable":"v1"},"configuration":{"column_config":{"billing_item_id":{"custom_name":"billingItemId"},"client_id":{"custom_name":"clientId"},"created_at":{"custom_name":"createdAt"},"hours_spent":{"custom_name":"hoursSpent"},"payroll_id":{"custom_name":"payrollId"},"staff_user_id":{"custom_name":"staffUserId"},"updated_at":{"custom_name":"updatedAt"},"work_date":{"custom_name":"workDate"}},"custom_column_names":{"billing_item_id":"billingItemId","client_id":"clientId","created_at":"createdAt","hours_spent":"hoursSpent","payroll_id":"payrollId","staff_user_id":"staffUserId","updated_at":"updatedAt","work_date":"workDate"},"custom_name":"timeEntries","custom_root_fields":{"delete":"deleteTimeEntries","delete_by_pk":"deleteTimeEntry","insert":"insertTimeEntry","insert_one":"insertTimeEntryOne","select":"timeEntries","select_aggregate":"timeEntriesAggregate","select_by_pk":"timeEntry","update":"updateTimeEntries","update_by_pk":"updateTimeEntry","update_many":"updateTimeEntriesMany"}},"delete_permissions":[{"permission":{"filter":{"staff_user_id":{"_eq":"X-Hasura-User-Id"}}},"role":"consultant"},{"comment":"Developer role has full delete access","permission":{"filter":{}},"role":"developer"},{"permission":{"filter":{}},"role":"manager"},{"permission":{"filter":{}},"role":"org_admin"}],"insert_permissions":[{"permission":{"check":{"staff_user_id":{"_eq":"X-Hasura-User-Id"}},"columns":["billing_item_id","client_id","description","hours_spent","payroll_id","staff_user_id","work_date"]},"role":"consultant"},{"comment":"Developer role has full insert access","permission":{"check":{},"columns":"*"},"role":"developer"},{"permission":{"check":{},"columns":["billing_item_id","client_id","description","hours_spent","payroll_id","staff_user_id","work_date"]},"role":"manager"},{"permission":{"check":{},"columns":["billing_item_id","client_id","description","hours_spent","payroll_id","staff_user_id","work_date"]},"role":"org_admin"}],"object_relationships":[{"name":"billingItem","using":{"foreign_key_constraint_on":"billing_item_id"}},{"name":"client","using":{"foreign_key_constraint_on":"client_id"}},{"name":"payroll","using":{"foreign_key_constraint_on":"payroll_id"}},{"name":"user","using":{"foreign_key_constraint_on":"staff_user_id"}}],"select_permissions":[{"permission":{"columns":["billing_item_id","client_id","created_at","description","hours_spent","id","payroll_id","staff_user_id","updated_at","work_date"],"filter":{"staff_user_id":{"_eq":"X-Hasura-User-Id"}}},"role":"consultant"},{"comment":"Developer role has full select access","permission":{"allow_aggregations":true,"columns":"*","filter":{}},"role":"developer"},{"permission":{"columns":["billing_item_id","client_id","created_at","description","hours_spent","id","payroll_id","staff_user_id","updated_at","work_date"],"filter":{}},"role":"manager"},{"permission":{"allow_aggregations":true,"columns":["billing_item_id","client_id","created_at","description","hours_spent","id","payroll_id","staff_user_id","updated_at","work_date"],"filter":{}},"role":"org_admin"}],"table":{"name":"time_entries","schema":"public"},"update_permissions":[{"permission":{"check":null,"columns":["billing_item_id","description","hours_spent","work_date"],"filter":{"staff_user_id":{"_eq":"X-Hasura-User-Id"}}},"role":"consultant"},{"comment":"Developer role has full update access","permission":{"check":{},"columns":"*","filter":{}},"role":"developer"},{"permission":{"check":null,"columns":["billing_item_id","description","hours_spent","work_date"],"filter":{}},"role":"manager"},{"permission":{"check":{},"columns":["billing_item_id","description","hours_spent","work_date"],"filter":{}},"role":"org_admin"}]},{"delete_permissions":[{"permission":{"filter":{"user_id":{"_eq":"X-Hasura-User-Id"}}},"role":"consultant"},{"permission":{"filter":{"user_id":{"_eq":"X-Hasura-User-Id"}}},"role":"manager"},{"permission":{"filter":{}},"role":"org_admin"}],"insert_permissions":[{"permission":{"check":{"user_id":{"_eq":"X-Hasura-User-Id"}},"columns":["template_id"]},"role":"consultant"},{"permission":{"check":{"user_id":{"_eq":"X-Hasura-User-Id"}},"columns":["template_id"]},"role":"manager"},{"permission":{"check":{},"columns":["user_id","template_id"]},"role":"org_admin"}],"object_relationships":[{"name":"emailTemplate","using":{"foreign_key_constraint_on":"template_id"}},{"name":"user","using":{"foreign_key_constraint_on":"user_id"}}],"select_permissions":[{"permission":{"allow_aggregations":true,"columns":["id","user_id","template_id","created_at"],"filter":{"user_id":{"_eq":"X-Hasura-User-Id"}}},"role":"consultant"},{"permission":{"allow_aggregations":true,"columns":["id","user_id","template_id","created_at"],"filter":{}},"role":"manager"},{"permission":{"allow_aggregations":true,"columns":["id","user_id","template_id","created_at"],"filter":{}},"role":"org_admin"}],"table":{"name":"user_email_template_favorites","schema":"public"}},{"apollo_federation_config":{"enable":"v1"},"configuration":{"column_config":{"accepted_at":{"custom_name":"acceptedAt"},"accepted_by":{"custom_name":"acceptedBy"},"clerk_invitation_id":{"custom_name":"clerkInvitationId"},"clerk_ticket":{"custom_name":"clerkTicket"},"created_at":{"custom_name":"createdAt"},"expires_at":{"custom_name":"expiresAt"},"first_name":{"custom_name":"firstName"},"invitation_metadata":{"custom_name":"invitationMetadata"},"invitation_status":{"custom_name":"invitationStatus"},"invited_at":{"custom_name":"invitedAt"},"invited_by":{"custom_name":"invitedBy"},"invited_role":{"custom_name":"invitedRole"},"last_name":{"custom_name":"lastName"},"manager_id":{"custom_name":"managerId"},"revoke_reason":{"custom_name":"revokeReason"},"revoked_at":{"custom_name":"revokedAt"},"revoked_by":{"custom_name":"revokedBy"},"updated_at":{"custom_name":"updatedAt"}},"custom_column_names":{"accepted_at":"acceptedAt","accepted_by":"acceptedBy","clerk_invitation_id":"clerkInvitationId","clerk_ticket":"clerkTicket","created_at":"createdAt","expires_at":"expiresAt","first_name":"firstName","invitation_metadata":"invitationMetadata","invitation_status":"invitationStatus","invited_at":"invitedAt","invited_by":"invitedBy","invited_role":"invitedRole","last_name":"lastName","manager_id":"managerId","revoke_reason":"revokeReason","revoked_at":"revokedAt","revoked_by":"revokedBy","updated_at":"updatedAt"},"custom_name":"userInvitations","custom_root_fields":{"delete":"bulkDeleteUserInvitations","delete_by_pk":"deleteUserInvitationById","insert":"bulkInsertUserInvitations","insert_one":"insertUserInvitation","select":"userInvitations","select_aggregate":"userInvitationsAggregate","select_by_pk":"userInvitationById","update":"bulkUpdateUserInvitations","update_by_pk":"updateUserInvitationById"}},"delete_permissions":[{"comment":"Developer role has full delete access","permission":{"filter":{}},"role":"developer"},{"comment":"Org admins can delete invitations","permission":{"filter":{}},"role":"org_admin"}],"insert_permissions":[{"comment":"Developer role has full insert access","permission":{"check":{},"columns":"*"},"role":"developer"},{"comment":"Managers can create invitations","permission":{"check":{"invited_by":{"_eq":"X-Hasura-User-Id"}},"columns":["email","first_name","last_name","invited_role","manager_id","clerk_invitation_id","clerk_ticket","invitation_metadata","invited_by","expires_at"]},"role":"manager"},{"comment":"Org admins can create any invitations","permission":{"check":{},"columns":["email","first_name","last_name","invited_role","manager_id","clerk_invitation_id","clerk_ticket","invitation_metadata","invited_by","expires_at"]},"role":"org_admin"}],"object_relationships":[{"name":"acceptedByUser","using":{"manual_configuration":{"column_mapping":{"accepted_by":"id"},"insertion_order":null,"remote_table":{"name":"users","schema":"public"}}}},{"name":"invitedByUser","using":{"manual_configuration":{"column_mapping":{"invited_by":"id"},"insertion_order":null,"remote_table":{"name":"users","schema":"public"}}}},{"name":"managerUser","using":{"manual_configuration":{"column_mapping":{"manager_id":"id"},"insertion_order":null,"remote_table":{"name":"users","schema":"public"}}}},{"name":"revokedByUser","using":{"manual_configuration":{"column_mapping":{"revoked_by":"id"},"insertion_order":null,"remote_table":{"name":"users","schema":"public"}}}},{"name":"user","using":{"foreign_key_constraint_on":"revoked_by"}}],"select_permissions":[{"comment":"Consultants can view invitations they sent or accepted","permission":{"allow_aggregations":true,"columns":["accepted_at","accepted_by","clerk_invitation_id","clerk_ticket","created_at","email","expires_at","first_name","id","invitation_metadata","invitation_status","invited_at","invited_by","invited_role","last_name","manager_id","revoked_at","revoked_by","revoke_reason","status","updated_at"],"filter":{"_or":[{"accepted_by":{"_eq":"X-Hasura-User-Id"}},{"invited_by":{"_eq":"X-Hasura-User-Id"}}]}},"role":"consultant"},{"comment":"Developer role has full access","permission":{"allow_aggregations":true,"columns":"*","filter":{}},"role":"developer"},{"comment":"Managers can view invitations they sent or manage","permission":{"allow_aggregations":true,"columns":["id","email","first_name","last_name","invited_role","manager_id","clerk_invitation_id","clerk_ticket","invitation_metadata","invitation_status","invited_by","invited_at","accepted_at","accepted_by","expires_at","revoked_at","revoked_by","revoke_reason","status","created_at","updated_at"],"filter":{"_or":[{"invited_by":{"_eq":"X-Hasura-User-Id"}},{"manager_id":{"_eq":"X-Hasura-User-Id"}}]}},"role":"manager"},{"comment":"Org admins can view all invitations","permission":{"allow_aggregations":true,"columns":"*","filter":{}},"role":"org_admin"},{"comment":"Viewers can view invitations they sent or accepted","permission":{"allow_aggregations":true,"columns":["accepted_at","accepted_by","clerk_invitation_id","clerk_ticket","created_at","email","expires_at","first_name","id","invitation_metadata","invitation_status","invited_at","invited_by","invited_role","last_name","manager_id","revoked_at","revoked_by","revoke_reason","status","updated_at"],"filter":{"_or":[{"accepted_by":{"_eq":"X-Hasura-User-Id"}},{"invited_by":{"_eq":"X-Hasura-User-Id"}}]}},"role":"viewer"}],"table":{"name":"user_invitations","schema":"public"},"update_permissions":[{"comment":"Developer role has full update access","permission":{"check":{},"columns":"*","filter":{}},"role":"developer"},{"comment":"Managers can update invitations they sent","permission":{"check":{"invited_by":{"_eq":"X-Hasura-User-Id"}},"columns":["status","accepted_at","accepted_by","clerk_invitation_id","clerk_ticket","expires_at"],"filter":{"invited_by":{"_eq":"X-Hasura-User-Id"}}},"role":"manager"},{"comment":"Org admins can update any invitations","permission":{"check":{},"columns":["status","accepted_at","accepted_by","clerk_invitation_id","clerk_ticket","expires_at","invitation_metadata"],"filter":{}},"role":"org_admin"}]},{"apollo_federation_config":{"enable":"v1"},"configuration":{"column_config":{"created_at":{"custom_name":"createdAt"},"role_id":{"custom_name":"roleId"},"updated_at":{"custom_name":"updatedAt"},"user_id":{"custom_name":"userId"}},"custom_column_names":{"created_at":"createdAt","role_id":"roleId","updated_at":"updatedAt","user_id":"userId"},"custom_name":"userRoles","custom_root_fields":{"delete":"bulkDeleteUserRoles","delete_by_pk":"deleteUserRoleById","insert":"bulkInsertUserRoles","insert_one":"insertUserRole","select":"userRoles","select_aggregate":"userRolesAggregate","select_by_pk":"userRoleById","update":"bulkUpdateUserRoles","update_by_pk":"updateUserRoleById"}},"delete_permissions":[{"comment":"Developer role has full delete access","permission":{"filter":{}},"role":"developer"},{"comment":"Org admins can remove role assignments","permission":{"filter":{}},"role":"org_admin"}],"insert_permissions":[{"comment":"Developer role has full insert access","permission":{"check":{},"columns":"*"},"role":"developer"},{"comment":"Org admins can assign roles to users","permission":{"check":{},"columns":["user_id","role_id"]},"role":"org_admin"}],"object_relationships":[{"name":"assignedRole","using":{"foreign_key_constraint_on":"role_id"}},{"name":"roleUser","using":{"foreign_key_constraint_on":"user_id"}}],"select_permissions":[{"comment":"Consultants can view their own role assignments","permission":{"columns":["id","user_id","role_id","created_at","updated_at"],"filter":{"user_id":{"_eq":"X-Hasura-User-Id"}}},"role":"consultant"},{"comment":"Developer role has full select access","permission":{"allow_aggregations":true,"columns":"*","filter":{}},"role":"developer"},{"comment":"Managers can view role assignments for themselves and their team","permission":{"allow_aggregations":true,"columns":["id","user_id","role_id","created_at","updated_at"],"filter":{"_or":[{"user_id":{"_eq":"X-Hasura-User-Id"}},{"roleUser":{"manager_id":{"_eq":"X-Hasura-User-Id"}}}]}},"role":"manager"},{"comment":"Org admins can view all role assignments","permission":{"allow_aggregations":true,"columns":["id","user_id","role_id","created_at","updated_at"],"filter":{}},"role":"org_admin"},{"comment":"Viewers can see their own role assignments","permission":{"columns":["created_at","id","role_id","updated_at","user_id"],"filter":{"user_id":{"_eq":"X-Hasura-User-Id"}}},"role":"viewer"}],"table":{"name":"user_roles","schema":"public"},"update_permissions":[{"comment":"Developer role has full update access","permission":{"check":{},"columns":"*","filter":{}},"role":"developer"},{"comment":"Org admins can update role assignments","permission":{"check":{},"columns":["role_id"],"filter":{}},"role":"org_admin"}]},{"object_relationships":[{"name":"user","using":{"foreign_key_constraint_on":"user_id"}}],"table":{"name":"user_sessions","schema":"public"}},{"apollo_federation_config":{"enable":"v1"},"configuration":{"column_config":{"proficiency_level":{"custom_name":"proficiencyLevel"},"skill_name":{"custom_name":"skillName"},"user_id":{"custom_name":"userId"}},"custom_column_names":{"proficiency_level":"proficiencyLevel","skill_name":"skillName","user_id":"userId"},"custom_name":"userSkill","custom_root_fields":{"delete":"bulkDeleteUserSkill","insert":"bulkInsertUserSkill","insert_one":"insertUserSkill","select":"userSkill","select_aggregate":"userSkillAggregate","update":"bulkUpdateUserSkill"}},"delete_permissions":[{"comment":"Consultants can only delete their own skills","permission":{"filter":{"user_id":{"_eq":"X-Hasura-User-Id"}}},"role":"consultant"},{"comment":"Developer role has full delete access","permission":{"filter":{}},"role":"developer"},{"comment":"Managers can delete user skills for their team","permission":{"filter":{}},"role":"manager"},{"comment":"Org admins can delete user skills","permission":{"filter":{}},"role":"org_admin"}],"insert_permissions":[{"comment":"Consultants can only add their own skills","permission":{"check":{"user_id":{"_eq":"X-Hasura-User-Id"}},"columns":"*"},"role":"consultant"},{"comment":"Developer role has full insert access","permission":{"check":{},"columns":"*"},"role":"developer"},{"comment":"Managers can create user skills for their team","permission":{"check":{},"columns":"*"},"role":"manager"},{"comment":"Org admins can create user skills","permission":{"check":{},"columns":"*"},"role":"org_admin"}],"object_relationships":[{"name":"skilledUser","using":{"foreign_key_constraint_on":"user_id"}}],"select_permissions":[{"comment":"Consultants can only view their own skills","permission":{"columns":"*","filter":{"user_id":{"_eq":"X-Hasura-User-Id"}}},"role":"consultant"},{"comment":"Developer role has full select access","permission":{"allow_aggregations":true,"columns":"*","filter":{}},"role":"developer"},{"comment":"Managers can view all user skills for assignment purposes","permission":{"allow_aggregations":true,"columns":"*","filter":{}},"role":"manager"},{"comment":"Org admins can view all user skills","permission":{"allow_aggregations":true,"columns":"*","filter":{}},"role":"org_admin"},{"comment":"Viewers can only see their own skills","permission":{"columns":"*","filter":{"user_id":{"_eq":"X-Hasura-User-Id"}}},"role":"viewer"}],"table":{"name":"user_skills","schema":"public"},"update_permissions":[{"comment":"Consultants can only update their own skills","permission":{"check":{"user_id":{"_eq":"X-Hasura-User-Id"}},"columns":"*","filter":{"user_id":{"_eq":"X-Hasura-User-Id"}}},"role":"consultant"},{"comment":"Developer role has full update access","permission":{"check":{},"columns":"*","filter":{}},"role":"developer"},{"comment":"Managers can update user skills for their team","permission":{"check":{},"columns":"*","filter":{}},"role":"manager"},{"comment":"Org admins can update user skills","permission":{"check":{},"columns":"*","filter":{}},"role":"org_admin"}]},{"apollo_federation_config":{"enable":"v1"},"array_relationships":[{"name":"assignedRoles","using":{"foreign_key_constraint_on":{"column":"user_id","table":{"name":"user_roles","schema":"public"}}}},{"name":"authoredNotes","using":{"manual_configuration":{"column_mapping":{"id":"user_id"},"insertion_order":null,"remote_table":{"name":"notes","schema":"public"}}}},{"name":"backupConsultantPayrolls","using":{"foreign_key_constraint_on":{"column":"backup_consultant_user_id","table":{"name":"payrolls","schema":"public"}}}},{"name":"billingItems","using":{"foreign_key_constraint_on":{"column":"approved_by","table":{"name":"billing_items","schema":"public"}}}},{"name":"billingItemsConfirmedBy","using":{"foreign_key_constraint_on":{"column":"confirmed_by","table":{"name":"billing_items","schema":"public"}}}},{"name":"billingItemsUserId","using":{"foreign_key_constraint_on":{"column":"staff_user_id","table":{"name":"billing_items","schema":"public"}}}},{"name":"consultantAssignments","using":{"foreign_key_constraint_on":{"column":"consultant_id","table":{"name":"payroll_assignments","schema":"public"}}}},{"name":"createdAssignmentAudits","using":{"foreign_key_constraint_on":{"column":"changed_by","table":{"name":"payroll_assignment_audit","schema":"public"}}}},{"name":"createdAssignments","using":{"foreign_key_constraint_on":{"column":"assigned_by","table":{"name":"payroll_assignments","schema":"public"}}}},{"name":"createdBillingEvents","using":{"foreign_key_constraint_on":{"column":"created_by","table":{"name":"billing_event_log","schema":"public"}}}},{"name":"createdPermissionOverrides","using":{"foreign_key_constraint_on":{"column":"created_by","table":{"name":"permission_overrides","schema":"public"}}}},{"name":"dataBackups","using":{"foreign_key_constraint_on":{"column":"user_id","table":{"name":"data_backups","schema":"public"}}}},{"name":"emailDrafts","using":{"foreign_key_constraint_on":{"column":"user_id","table":{"name":"email_drafts","schema":"public"}}}},{"name":"emailSendLogs","using":{"foreign_key_constraint_on":{"column":"sender_user_id","table":{"name":"email_send_logs","schema":"public"}}}},{"name":"emailTemplates","using":{"foreign_key_constraint_on":{"column":"approved_by_user_id","table":{"name":"email_templates","schema":"public"}}}},{"name":"emailTemplatesCreatedByUserId","using":{"foreign_key_constraint_on":{"column":"created_by_user_id","table":{"name":"email_templates","schema":"public"}}}},{"name":"managedPayrolls","using":{"foreign_key_constraint_on":{"column":"manager_user_id","table":{"name":"payrolls","schema":"public"}}}},{"name":"managedTeamMembers","using":{"foreign_key_constraint_on":{"column":"manager_id","table":{"name":"users","schema":"public"}}}},{"name":"managedUsers","using":{"manual_configuration":{"column_mapping":{"id":"manager_id"},"insertion_order":null,"remote_table":{"name":"users","schema":"public"}}}},{"name":"newConsultantAuditTrail","using":{"foreign_key_constraint_on":{"column":"to_consultant_id","table":{"name":"payroll_assignment_audit","schema":"public"}}}},{"name":"originalConsultantAssignments","using":{"foreign_key_constraint_on":{"column":"original_consultant_id","table":{"name":"payroll_assignments","schema":"public"}}}},{"name":"originalConsultantAuditTrail","using":{"foreign_key_constraint_on":{"column":"from_consultant_id","table":{"name":"payroll_assignment_audit","schema":"public"}}}},{"name":"primaryConsultantPayrolls","using":{"foreign_key_constraint_on":{"column":"primary_consultant_user_id","table":{"name":"payrolls","schema":"public"}}}},{"name":"securitySettings","using":{"foreign_key_constraint_on":{"column":"updated_by","table":{"name":"security_settings","schema":"public"}}}},{"name":"targetedPermissionAudits","using":{"foreign_key_constraint_on":{"column":"target_user_id","table":{"name":"permission_audit_log","schema":"public"}}}},{"name":"timeEntries","using":{"foreign_key_constraint_on":{"column":"staff_user_id","table":{"name":"time_entries","schema":"public"}}}},{"name":"userEmailTemplateFavorites","using":{"foreign_key_constraint_on":{"column":"user_id","table":{"name":"user_email_template_favorites","schema":"public"}}}},{"name":"userInvitations","using":{"foreign_key_constraint_on":{"column":"revoked_by","table":{"name":"user_invitations","schema":"public"}}}},{"name":"userInvitationsAcceptedBy","using":{"foreign_key_constraint_on":{"column":"accepted_by","table":{"name":"user_invitations","schema":"public"}}}},{"name":"userInvitationsInvitedBy","using":{"foreign_key_constraint_on":{"column":"invited_by","table":{"name":"user_invitations","schema":"public"}}}},{"name":"userInvitationsManagerId","using":{"foreign_key_constraint_on":{"column":"manager_id","table":{"name":"user_invitations","schema":"public"}}}},{"name":"userLeaveRecords","using":{"foreign_key_constraint_on":{"column":"user_id","table":{"name":"leave","schema":"public"}}}},{"name":"userPermissionAudits","using":{"foreign_key_constraint_on":{"column":"user_id","table":{"name":"permission_audit_log","schema":"public"}}}},{"name":"userPermissionOverrides","using":{"foreign_key_constraint_on":{"column":"user_id","table":{"name":"permission_overrides","schema":"public"}}}},{"name":"userSessions","using":{"foreign_key_constraint_on":{"column":"user_id","table":{"name":"user_sessions","schema":"public"}}}},{"name":"userSkills","using":{"foreign_key_constraint_on":{"column":"user_id","table":{"name":"user_skills","schema":"public"}}}},{"name":"userWorkSchedules","using":{"foreign_key_constraint_on":{"column":"user_id","table":{"name":"work_schedule","schema":"public"}}}},{"name":"usersStatusChangedBy","using":{"foreign_key_constraint_on":{"column":"status_changed_by","table":{"name":"users","schema":"public"}}}}],"configuration":{"column_config":{"clerk_user_id":{"custom_name":"clerkUserId"},"created_at":{"custom_name":"createdAt"},"deactivated_at":{"custom_name":"deactivatedAt"},"deactivated_by":{"custom_name":"deactivatedBy"},"default_admin_time_percentage":{"custom_name":"defaultAdminTimePercentage"},"is_active":{"custom_name":"isActive"},"is_staff":{"custom_name":"isStaff"},"manager_id":{"custom_name":"managerId"},"position":{"custom_name":"position"},"updated_at":{"custom_name":"updatedAt"}},"custom_column_names":{"clerk_user_id":"clerkUserId","created_at":"createdAt","deactivated_at":"deactivatedAt","deactivated_by":"deactivatedBy","default_admin_time_percentage":"defaultAdminTimePercentage","is_active":"isActive","is_staff":"isStaff","manager_id":"managerId","position":"position","updated_at":"updatedAt"},"custom_name":"users","custom_root_fields":{"delete":"bulkDeleteUsers","delete_by_pk":"deleteUserById","insert":"bulkInsertUsers","insert_one":"insertUser","select":"users","select_aggregate":"usersAggregate","select_by_pk":"userById","update":"bulkUpdateUsers","update_by_pk":"updateUserById"}},"delete_permissions":[{"comment":"Developer role has full delete access","permission":{"filter":{}},"role":"developer"},{"comment":"Only Org Admins can delete users","permission":{"filter":{}},"role":"org_admin"}],"insert_permissions":[{"comment":"Developer role has full insert access","permission":{"check":{},"columns":"*"},"role":"developer"},{"comment":"Managers can create users with viewer or consultant roles","permission":{"check":{"role":{"_in":["viewer","consultant"]}},"columns":["name","email","username","role","manager_id","is_staff"]},"role":"manager"},{"comment":"Org admins can create any users","permission":{"check":{},"columns":["name","email","username","role","manager_id","is_staff","clerk_user_id"]},"role":"org_admin"}],"object_relationships":[{"name":"managerUser","using":{"manual_configuration":{"column_mapping":{"manager_id":"id"},"insertion_order":null,"remote_table":{"name":"users","schema":"public"}}}},{"name":"statusChangedByUser","using":{"foreign_key_constraint_on":"status_changed_by"}}],"select_permissions":[{"comment":"AI Assistant can view basic user data for analysis (restricted fields only, read-only)","permission":{"allow_aggregations":true,"columns":["id","name","email","role","is_active","is_staff","created_at","updated_at"],"filter":{}},"role":"ai_assistant"},{"comment":"Consultants can view their own profile, their team members, and users from assigned payrolls - no email access for security","permission":{"allow_aggregations":true,"columns":["clerk_user_id","created_at","deactivated_at","deactivated_by","default_admin_time_percentage","email","id","image","is_active","is_staff","manager_id","name","position","role","updated_at","username"],"filter":{"_or":[{"id":{"_eq":"X-Hasura-User-Id"}},{"manager_id":{"_eq":"X-Hasura-User-Id"}},{"consultantAssignments":{"consultant_id":{"_eq":"X-Hasura-User-Id"}}},{"originalConsultantAssignments":{"original_consultant_id":{"_eq":"X-Hasura-User-Id"}}}]}},"role":"consultant"},{"comment":"Developer role has full system access","permission":{"allow_aggregations":true,"columns":"*","filter":{}},"role":"developer"},{"comment":"Managers can view all user details","permission":{"allow_aggregations":true,"columns":["clerk_user_id","created_at","deactivated_at","deactivated_by","default_admin_time_percentage","email","id","image","is_active","is_staff","manager_id","name","position","role","updated_at","username"],"filter":{}},"role":"manager"},{"comment":"Org Admins can view all user data","permission":{"allow_aggregations":true,"columns":["clerk_user_id","created_at","deactivated_at","deactivated_by","default_admin_time_percentage","email","id","image","is_active","is_staff","manager_id","name","position","role","updated_at","username"],"filter":{}},"role":"org_admin"},{"comment":"Viewers can only see basic public information about active users and their own profile","permission":{"columns":["id","name","image","is_active","position"],"filter":{"_or":[{"id":{"_eq":"X-Hasura-User-Id"}},{"is_active":{"_eq":true}}]}},"role":"viewer"}],"table":{"name":"users","schema":"public"},"update_permissions":[{"comment":"Users can update their own profile","permission":{"check":{"id":{"_eq":"X-Hasura-User-Id"}},"columns":["email","image","name","username"],"filter":{"id":{"_eq":"X-Hasura-User-Id"}}},"role":"consultant"},{"comment":"Developer role has full update access","permission":{"check":{},"columns":"*","filter":{}},"role":"developer"},{"comment":"Managers can update their profile and their team members","permission":{"check":{"_or":[{"id":{"_eq":"X-Hasura-User-Id"}},{"_and":[{"manager_id":{"_eq":"X-Hasura-User-Id"}},{"role":{"_in":["viewer","consultant"]}}]}]},"columns":["email","image","name","username","manager_id","role"],"filter":{"_or":[{"id":{"_eq":"X-Hasura-User-Id"}},{"manager_id":{"_eq":"X-Hasura-User-Id"}}]}},"role":"manager"},{"comment":"Org admins can update any user","permission":{"check":{},"columns":["email","image","name","username","role","manager_id","is_staff"],"filter":{}},"role":"org_admin"}]},{"configuration":{"column_config":{},"custom_column_names":{},"custom_name":"usersRoleBackup","custom_root_fields":{"delete":"bulkDeleteUsersRoleBackups","delete_by_pk":"deleteUsersRoleBackupById","insert":"bulkInsertUsersRoleBackups","insert_one":"insertUsersRoleBackup","select":"usersRoleBackups","select_aggregate":"usersRoleBackupsAggregate","select_by_pk":"usersRoleBackupById","update":"bulkUpdateUsersRoleBackups","update_by_pk":"updateUsersRoleBackupById"}},"delete_permissions":[{"comment":"Developer role has full delete access","permission":{"filter":{}},"role":"developer"}],"insert_permissions":[{"comment":"Developer role has full insert access","permission":{"check":{},"columns":"*"},"role":"developer"}],"select_permissions":[{"comment":"Consultants can view relevant data","permission":{"columns":[],"filter":{}},"role":"consultant"},{"comment":"Developer role has full select access","permission":{"allow_aggregations":true,"columns":"*","filter":{}},"role":"developer"},{"comment":"Managers can view all data","permission":{"allow_aggregations":true,"columns":[],"filter":{}},"role":"manager"},{"comment":"Org admins can view all data","permission":{"allow_aggregations":true,"columns":[],"filter":{}},"role":"org_admin"},{"comment":"Viewers can see basic information","permission":{"columns":[],"filter":{}},"role":"viewer"}],"table":{"name":"users_role_backup","schema":"public"},"update_permissions":[{"comment":"Developer role has full update access","permission":{"check":{},"columns":"*","filter":{}},"role":"developer"}]},{"configuration":{"column_config":{"admin_time_hours":{"custom_name":"adminTimeHours"},"created_at":{"custom_name":"createdAt"},"payroll_capacity_hours":{"custom_name":"payrollCapacityHours"},"updated_at":{"custom_name":"updatedAt"},"user_id":{"custom_name":"userId"},"uses_default_admin_time":{"custom_name":"usesDefaultAdminTime"},"work_day":{"custom_name":"workDay"},"work_hours":{"custom_name":"workHours"}},"custom_column_names":{"admin_time_hours":"adminTimeHours","created_at":"createdAt","payroll_capacity_hours":"payrollCapacityHours","updated_at":"updatedAt","user_id":"userId","uses_default_admin_time":"usesDefaultAdminTime","work_day":"workDay","work_hours":"workHours"},"custom_name":"workSchedule","custom_root_fields":{"delete":"bulkDeleteWorkSchedule","delete_by_pk":"deleteWorkScheduleById","insert":"bulkInsertWorkSchedule","insert_one":"insertWorkSchedule","select":"workSchedule","select_aggregate":"workScheduleAggregate","select_by_pk":"workScheduleById","update":"bulkUpdateWorkSchedule","update_by_pk":"updateWorkScheduleById"}},"delete_permissions":[{"comment":"Developer role has full delete access","permission":{"filter":{}},"role":"developer"},{"comment":"Managers can delete their own and their team members' work schedules","permission":{"filter":{"_or":[{"user_id":{"_eq":"X-Hasura-User-Id"}},{"user":{"manager_id":{"_eq":"X-Hasura-User-Id"}}}]}},"role":"manager"},{"comment":"Org admins can delete any work schedule","permission":{"filter":{}},"role":"org_admin"}],"insert_permissions":[{"comment":"Developer role has full insert access","permission":{"check":{},"columns":"*"},"role":"developer"},{"comment":"Managers can create work schedules for themselves and their team members","permission":{"check":{"user":{"_or":[{"id":{"_eq":"X-Hasura-User-Id"}}]}},"columns":["user_id","work_day","work_hours","admin_time_hours","payroll_capacity_hours","uses_default_admin_time"]},"role":"manager"},{"comment":"Org admins can create work schedules for any user","permission":{"check":{},"columns":["user_id","work_day","work_hours","admin_time_hours","payroll_capacity_hours","uses_default_admin_time"]},"role":"org_admin"}],"object_relationships":[{"name":"user","using":{"foreign_key_constraint_on":"user_id"}}],"select_permissions":[{"comment":"Consultants can view their own work schedule and their team members' schedules","permission":{"allow_aggregations":true,"columns":["id","user_id","work_day","work_hours","admin_time_hours","payroll_capacity_hours","uses_default_admin_time","created_at","updated_at"],"filter":{"_or":[{"user_id":{"_eq":"X-Hasura-User-Id"}},{"user":{"manager_id":{"_eq":"X-Hasura-User-Id"}}}]}},"role":"consultant"},{"comment":"Developer role has full select access","permission":{"allow_aggregations":true,"columns":"*","filter":{}},"role":"developer"},{"comment":"Managers can view their own and their team members' work schedules","permission":{"allow_aggregations":true,"columns":["id","user_id","work_day","work_hours","admin_time_hours","payroll_capacity_hours","uses_default_admin_time","created_at","updated_at"],"filter":{"_or":[{"user_id":{"_eq":"X-Hasura-User-Id"}},{"user":{"manager_id":{"_eq":"X-Hasura-User-Id"}}}]}},"role":"manager"},{"comment":"Org admins can view all work schedules","permission":{"allow_aggregations":true,"columns":["id","user_id","work_day","work_hours","admin_time_hours","payroll_capacity_hours","uses_default_admin_time","created_at","updated_at"],"filter":{}},"role":"org_admin"},{"comment":"Viewers can only view their own work schedule","permission":{"allow_aggregations":true,"columns":["id","user_id","work_day","work_hours","admin_time_hours","payroll_capacity_hours","uses_default_admin_time","created_at","updated_at"],"filter":{"user_id":{"_eq":"X-Hasura-User-Id"}}},"role":"viewer"}],"table":{"name":"work_schedule","schema":"public"},"update_permissions":[{"comment":"Consultants can update their own work schedule","permission":{"check":{"user_id":{"_eq":"X-Hasura-User-Id"}},"columns":["work_hours","admin_time_hours","payroll_capacity_hours","uses_default_admin_time"],"filter":{"user_id":{"_eq":"X-Hasura-User-Id"}}},"role":"consultant"},{"comment":"Developer role has full update access","permission":{"check":{},"columns":"*","filter":{}},"role":"developer"},{"comment":"Managers can update their own and their team members' work schedules","permission":{"check":{"_or":[{"user_id":{"_eq":"X-Hasura-User-Id"}},{"user":{"manager_id":{"_eq":"X-Hasura-User-Id"}}}]},"columns":["work_hours","admin_time_hours","payroll_capacity_hours","uses_default_admin_time"],"filter":{"_or":[{"user_id":{"_eq":"X-Hasura-User-Id"}},{"user":{"manager_id":{"_eq":"X-Hasura-User-Id"}}}]}},"role":"manager"},{"comment":"Org admins can update any work schedule","permission":{"check":{},"columns":["work_hours","admin_time_hours","payroll_capacity_hours","uses_default_admin_time"],"filter":{}},"role":"org_admin"}]}]}],"version":3}	183
\.


--
-- Data for Name: hdb_scheduled_events; Type: TABLE DATA; Schema: hdb_catalog; Owner: -
--

COPY hdb_catalog.hdb_scheduled_events (id, webhook_conf, scheduled_time, retry_conf, payload, header_conf, status, tries, created_at, next_retry_at, comment) FROM stdin;
\.


--
-- Data for Name: hdb_scheduled_event_invocation_logs; Type: TABLE DATA; Schema: hdb_catalog; Owner: -
--

COPY hdb_catalog.hdb_scheduled_event_invocation_logs (id, event_id, status, request, response, created_at) FROM stdin;
\.


--
-- Data for Name: hdb_schema_notifications; Type: TABLE DATA; Schema: hdb_catalog; Owner: -
--

COPY hdb_catalog.hdb_schema_notifications (id, notification, resource_version, instance_id, updated_at) FROM stdin;
1	{"metadata":true,"remote_schemas":[],"sources":["default"],"data_connectors":["athena","mariadb","oracle","mysql8","mongodb","redshift","snowflake"]}	183	b01af5b0-0a52-4444-a3ce-3da35796360b	2025-06-28 07:56:19.704898+00
\.


--
-- Data for Name: hdb_version; Type: TABLE DATA; Schema: hdb_catalog; Owner: -
--

COPY hdb_catalog.hdb_version (hasura_uuid, version, upgraded_on, cli_state, console_state, ee_client_id, ee_client_secret) FROM stdin;
0184bc5f-7494-4d55-b351-0070d84c3a9d	48	2025-06-28 07:28:36.360959+00	{"settings": {"migration_mode": "true"}, "migrations": {"default": {"1751702787": false, "1751669384856": false}}, "isStateCopyCompleted": true}	{"onboardingShown": true, "console_notifications": {"admin": {"date": "2025-06-29T07:43:55.732Z", "read": [], "showBadge": false}}}	\N	\N
\.


--
-- Data for Name: users_sync; Type: TABLE DATA; Schema: neon_auth; Owner: -
--

COPY neon_auth.users_sync (raw_json, updated_at, deleted_at) FROM stdin;
\.


--
-- Data for Name: payroll_cycles; Type: TABLE DATA; Schema: public; Owner: -
--

COPY public.payroll_cycles (id, name, description, created_at, updated_at) FROM stdin;
713e04b1-e876-4169-8a05-f6846b51eb68	weekly	Weekly payroll	2025-05-23 06:25:06.901132+00	2025-05-23 06:25:06.901132+00
769d0c73-f918-4734-8cc9-45b1284c9ce8	fortnightly	Fortnightly payroll	2025-05-23 06:25:06.901132+00	2025-05-23 06:25:06.901132+00
60490f74-a5b9-430a-ad4a-ade8f7393007	bi_monthly	Bi-Monthly payroll	2025-05-23 06:25:06.901132+00	2025-05-23 06:25:06.901132+00
d96980a2-3146-4969-87bc-d50fdf4fccd3	monthly	Monthly payroll	2025-05-23 06:25:06.901132+00	2025-05-23 06:25:06.901132+00
12570d45-fa3f-406a-80bc-1f412fe2d5f3	quarterly	Quarterly payroll	2025-05-23 06:25:06.901132+00	2025-05-23 06:25:06.901132+00
\.


--
-- Data for Name: payroll_date_types; Type: TABLE DATA; Schema: public; Owner: -
--

COPY public.payroll_date_types (id, name, description, created_at, updated_at) FROM stdin;
7e7d4966-eb52-4ea9-b5c2-9943d67b5cc7	dow	Day of Week	2025-05-23 06:25:06.92803+00	2025-05-23 06:25:06.92803+00
f9914e22-da9e-4743-8d5d-365ba51ef854	som	Start of Month	2025-05-23 06:25:06.92803+00	2025-05-23 06:25:06.92803+00
68001232-8ac9-442d-bbe0-287569f2b144	eom	End of Month	2025-05-23 06:25:06.92803+00	2025-05-23 06:25:06.92803+00
b29b56fc-b098-4cac-8dab-868d935986f2	fixed_date	Fixed Day of Month	2025-05-23 06:25:06.92803+00	2025-05-23 06:25:06.92803+00
d11a8b82-ec8f-4300-a397-37e8b0d54114	week_a	Fortnightly Week A	2025-05-23 06:25:06.92803+00	2025-05-23 06:25:06.92803+00
2af96485-ff65-42e8-b300-3ad9308a7e2b	week_b	Fortnightly Week B	2025-05-23 06:25:06.92803+00	2025-05-23 06:25:06.92803+00
\.


--
-- Data for Name: adjustment_rules; Type: TABLE DATA; Schema: public; Owner: -
--

COPY public.adjustment_rules (id, cycle_id, date_type_id, rule_description, rule_code, created_at, updated_at) FROM stdin;
3a83eb56-0544-4dd7-9326-c3019400d225	713e04b1-e876-4169-8a05-f6846b51eb68	7e7d4966-eb52-4ea9-b5c2-9943d67b5cc7	Previous Business Day for Weekly	previous	2025-05-23 06:25:06.950032+00	2025-05-23 06:25:06.950032+00
623f618e-1062-46a9-b8db-210690e2b20d	60490f74-a5b9-430a-ad4a-ade8f7393007	f9914e22-da9e-4743-8d5d-365ba51ef854	Next Business Day for Bi-Monthly SOM	next	2025-05-23 06:25:06.950032+00	2025-05-23 06:25:06.950032+00
5f98483d-64e1-4ea0-9635-d9e97a88ab0e	d96980a2-3146-4969-87bc-d50fdf4fccd3	f9914e22-da9e-4743-8d5d-365ba51ef854	Next Business Day for Monthly SOM	next	2025-05-23 06:25:06.950032+00	2025-05-23 06:25:06.950032+00
13c8e8e7-4834-449b-a03e-b2cba06fd947	60490f74-a5b9-430a-ad4a-ade8f7393007	68001232-8ac9-442d-bbe0-287569f2b144	Previous Business Day for Bi-Monthly EOM	previous	2025-05-23 06:25:06.950032+00	2025-05-23 06:25:06.950032+00
81401377-e1c8-489c-96ff-433c425954be	d96980a2-3146-4969-87bc-d50fdf4fccd3	68001232-8ac9-442d-bbe0-287569f2b144	Previous Business Day for Monthly EOM	previous	2025-05-23 06:25:06.950032+00	2025-05-23 06:25:06.950032+00
886e0738-3aa4-4780-9672-bf9017be2888	12570d45-fa3f-406a-80bc-1f412fe2d5f3	68001232-8ac9-442d-bbe0-287569f2b144	Previous Business Day for Quarterly	previous	2025-05-23 06:25:06.950032+00	2025-05-23 06:25:06.950032+00
3fdcc414-1b5b-4d00-bb93-d19f6b3215fe	d96980a2-3146-4969-87bc-d50fdf4fccd3	b29b56fc-b098-4cac-8dab-868d935986f2	Previous Business Day for Monthly Fixed	previous	2025-05-23 06:25:06.950032+00	2025-05-23 06:25:06.950032+00
78007671-2f67-4264-8b21-8bf42ecd1514	769d0c73-f918-4734-8cc9-45b1284c9ce8	d11a8b82-ec8f-4300-a397-37e8b0d54114	Previous Business Day for Fortnightly	previous	2025-05-23 06:25:06.950032+00	2025-05-23 06:25:06.950032+00
8855ca08-4cb7-4df1-90fb-d139cc7ae829	769d0c73-f918-4734-8cc9-45b1284c9ce8	2af96485-ff65-42e8-b300-3ad9308a7e2b	Previous Business Day for Fortnightly	previous	2025-05-23 06:25:06.950032+00	2025-05-23 06:25:06.950032+00
\.


--
-- Data for Name: app_settings; Type: TABLE DATA; Schema: public; Owner: -
--

COPY public.app_settings (id, permissions) FROM stdin;
\.


--
-- Data for Name: users; Type: TABLE DATA; Schema: public; Owner: -
--

COPY public.users (id, name, email, role, created_at, updated_at, username, image, is_staff, manager_id, clerk_user_id, is_active, deactivated_at, deactivated_by, status, status_changed_at, status_changed_by, status_change_reason, "position", default_admin_time_percentage, phone, address, bio, first_name, last_name) FROM stdin;
7898704c-ee5c-4ade-81f3-80a4388413fb	Test User	nathan.harris@invenco.net	consultant	2025-05-31 02:40:37.787341+00	2025-07-28 02:46:51.498044+00	\N	https://img.clerk.com/eyJ0eXBlIjoiZGVmYXVsdCIsImlpZCI6Imluc18ydUNFWFhtQXhBcXNZTkhnTTBQNm1TY0U1QnQiLCJyaWQiOiJ1c2VyXzJ4cUlkQmNQSldiUHNNZzc1Tklkc0VsbW9VVCIsImluaXRpYWxzIjoiVFUifQ	t	\N	user_2yXhEiNJEhLR25QDFnqD4dzpkkL	t	\N	\N	active	2025-06-28 05:32:28.086733+00	\N	\N	manager	30.00	\N	\N	\N	Test	User
d9ac8a7b-f679-49a1-8c99-837eb977578b	Nathan Harris	nathan.harris02@gmail.com	developer	2025-05-23 06:45:00.468049+00	2025-07-28 02:46:51.498044+00	\N	https://img.clerk.com/eyJ0eXBlIjoiZGVmYXVsdCIsImlpZCI6Imluc18ydUNFWFhtQXhBcXNZTkhnTTBQNm1TY0U1QnQiLCJyaWQiOiJ1c2VyXzJ1TmszY2FDNkc4dGxvaHJncmtwd2Z6UXdZdiIsImluaXRpYWxzIjoiTkgifQ	t	\N	user_2uNk3caC6G8tlohrgrkpwfzQwYv	t	\N	\N	active	2025-06-28 05:32:28.086733+00	\N	\N	partner	70.00	\N	\N	\N	Nathan	Harris
3c2d1f6e-17a3-4a5f-8856-a2106456755c	Test Developer	developer@example.com	developer	2025-07-26 00:00:00+00	2025-07-28 02:46:51.498044+00	\N	\N	t	\N	user_30Oc5BrHZvfnSZZHxvsQtqyenK0	t	\N	\N	active	2025-07-26 00:00:00+00	\N	\N	senior_partner	10.00	\N	\N	\N	Test	Developer
9aed2a64-0407-4dff-a621-2b7013e1713a	John Admin	admin@example.com	org_admin	2025-05-23 06:45:00.468049+00	2025-07-28 02:46:51.498044+00	\N	https://img.clerk.com/eyJ0eXBlIjoiZGVmYXVsdCIsImlpZCI6Imluc18ydUNFWFhtQXhBcXNZTkhnTTBQNm1TY0U1QnQiLCJyaWQiOiJ1c2VyXzJ1Q1R0RUJlbzcwdEFUMEdJaGliV2FRUTRpViIsImluaXRpYWxzIjoiSkEifQ	t	\N	user_2yXgxgRHxUilIyqE04jWreCRoO4	t	\N	\N	active	2025-06-28 05:32:28.086733+00	\N	\N	senior_manager	50.00	\N	\N	\N	John	Admin
0727c441-3fa7-44c2-b8f3-4e0b77986ac1	Jane Manager	manager@example.com	manager	2025-05-23 06:45:00.468049+00	2025-07-28 02:46:51.498044+00	\N	https://img.clerk.com/eyJ0eXBlIjoiZGVmYXVsdCIsImlpZCI6Imluc18ydUNFWFhtQXhBcXNZTkhnTTBQNm1TY0U1QnQiLCJyaWQiOiJ1c2VyXzJ1Q1U1TzV2Z0xwcXd0Tzh4Y3JTWHRSRWcySyIsImluaXRpYWxzIjoiSk0ifQ	t	\N	user_2yXh2JHR2xtsfp16fkTdXHF9P3c	t	\N	\N	active	2025-06-28 05:32:28.086733+00	\N	\N	manager	30.00	\N	\N	\N	Jane	Manager
22a368d4-5d3f-4026-840c-55af6fb16972	Jim Consultant	consultant@example.com	consultant	2025-05-23 06:45:00.468049+00	2025-07-28 02:46:51.498044+00	\N	https://img.clerk.com/eyJ0eXBlIjoiZGVmYXVsdCIsImlpZCI6Imluc18ydUNFWFhtQXhBcXNZTkhnTTBQNm1TY0U1QnQiLCJyaWQiOiJ1c2VyXzJ1Q1U5cEtmN1JQMkZpT1JISlZNNUlIMFBkMSIsImluaXRpYWxzIjoiSkMifQ	t	\N	user_2yXh6Wu8FUd7VbPEB56M0XfXsio	t	\N	\N	active	2025-06-28 05:32:28.086733+00	\N	\N	senior_consultant	20.00	\N	\N	\N	Jim	Consultant
e4313314-b89e-4346-9bb5-3aaf464c7152	Vera Viewer	viewer@example.com	viewer	2025-05-23 06:45:00.468049+00	2025-07-28 02:46:51.498044+00	\N	https://img.clerk.com/eyJ0eXBlIjoiZGVmYXVsdCIsImlpZCI6Imluc18ydUNFWFhtQXhBcXNZTkhnTTBQNm1TY0U1QnQiLCJyaWQiOiJ1c2VyXzJ1Q1VFS1N4Y2xkczc0TnYwaWZDZW5iOWs4dyIsImluaXRpYWxzIjoiSlYifQ	t	\N	user_2yXhB08hGyXX7p8C8pWg5yPceIx	t	\N	\N	active	2025-06-28 05:32:28.086733+00	\N	\N	consultant	15.00	\N	\N	\N	Vera	Viewer
\.


--
-- Data for Name: audit_log; Type: TABLE DATA; Schema: public; Owner: -
--

COPY public.audit_log (id, user_id, action, entity_type, entity_id, old_values, new_values, ip_address, user_agent, created_at, "timestamp", severity, category, session_id, success, error_message, details) FROM stdin;
\.


--
-- Data for Name: clients; Type: TABLE DATA; Schema: public; Owner: -
--

COPY public.clients (id, name, contact_person, contact_email, contact_phone, active, created_at, updated_at) FROM stdin;
65e17d2e-df6e-448b-abb3-eea9d566a239	Bluewave Consulting	Contact 2	client2@demo.com	040000002	t	2025-05-23 06:45:00.498027+00	2025-05-23 06:45:00.498027+00
ed90f235-e212-4ecd-aedf-402a2a91125f	Greenfields Group	Contact 3	client3@demo.com	040000003	t	2025-05-23 06:45:00.498027+00	2025-05-23 06:45:00.498027+00
4ecd4666-c94e-43ba-97dc-3c78c8badffb	Redstone Holdings	Contact 4	client4@demo.com	040000004	t	2025-05-23 06:45:00.498027+00	2025-05-23 06:45:00.498027+00
92ff771d-d468-4c91-ae58-d66b3ce1bd22	Zenith Solutions	Contact 5	client5@demo.com	040000005	t	2025-05-23 06:45:00.498027+00	2025-05-23 06:45:00.498027+00
69cb7e99-72a2-41b2-9fe0-08b4a2d6857c	Acme Pty Ltd	Jane Doe	jane.doe@test.com	0400000000	t	2025-05-23 06:45:00.498027+00	2025-06-12 08:21:38.954084+00
cbc88fa8-de26-49b7-972b-c89310469da4	Test	Johnny Test	test@test.com	0400000000	t	2025-06-28 04:02:49.128806+00	2025-06-28 04:02:49.128806+00
e9f0f635-c229-45cd-9f2b-8e0c461601f4	Test 2	Test 2	test2@test.com	0400000000	t	2025-06-29 01:08:00.552167+00	2025-06-29 01:08:00.552167+00
c1000001-e29b-41d4-a716-446655440001	ABC Small Business Pty Ltd	John Smith	john@abcsmall.com.au	+61 2 1234 5678	t	2025-07-04 23:52:50.876075+00	2025-07-04 23:52:50.876075+00
c1000002-e29b-41d4-a716-446655440002	XYZ Corporation Ltd	Sarah Johnson	sarah@xyzcorp.com.au	+61 3 8765 4321	t	2025-07-04 23:52:50.876075+00	2025-07-04 23:52:50.876075+00
c1000003-e29b-41d4-a716-446655440003	Tech Startup Innovations	Mike Chen	mike@techstartup.com.au	+61 7 5555 1234	t	2025-07-04 23:52:50.876075+00	2025-07-04 23:52:50.876075+00
c1000004-e29b-41d4-a716-446655440004	Traditional Manufacturing Co	Lisa Brown	lisa@tradmanuf.com.au	+61 8 9999 8888	t	2025-07-04 23:52:50.876075+00	2025-07-04 23:52:50.876075+00
\.


--
-- Data for Name: billing_periods; Type: TABLE DATA; Schema: public; Owner: -
--

COPY public.billing_periods (id, client_id, period_start, period_end, status, created_at, updated_at) FROM stdin;
7f83a6fd-3273-4f89-ba6c-3851002a5c3d	ed90f235-e212-4ecd-aedf-402a2a91125f	2025-01-01	2025-01-31	invoiced	2025-07-04 23:55:32.066372+00	2025-07-04 23:55:32.066372+00
c16e7a60-38c5-4405-b579-217a53c974d8	4ecd4666-c94e-43ba-97dc-3c78c8badffb	2025-01-01	2025-01-31	invoiced	2025-07-04 23:55:32.066372+00	2025-07-04 23:55:32.066372+00
77421fc8-acfc-45be-ba6c-8f0850f4a299	65e17d2e-df6e-448b-abb3-eea9d566a239	2025-01-01	2025-01-31	open	2025-07-04 23:55:32.066372+00	2025-07-04 23:55:32.066372+00
3ba0ff79-196a-41b8-8daf-d6de2a3ffcbb	ed90f235-e212-4ecd-aedf-402a2a91125f	2025-02-01	2025-02-28	ready_to_invoice	2025-07-04 23:55:32.066372+00	2025-07-04 23:55:32.066372+00
3c61d832-1e0e-4db7-8927-41aa8229cddf	4ecd4666-c94e-43ba-97dc-3c78c8badffb	2025-02-01	2025-02-28	open	2025-07-04 23:55:32.066372+00	2025-07-04 23:55:32.066372+00
91e2dda8-b434-45f0-8875-2dccadd1056e	65e17d2e-df6e-448b-abb3-eea9d566a239	2025-02-01	2025-02-28	open	2025-07-04 23:55:32.066372+00	2025-07-04 23:55:32.066372+00
2d5d4b1a-b110-4777-9063-fdd01905ffb0	ed90f235-e212-4ecd-aedf-402a2a91125f	2025-03-01	2025-03-31	open	2025-07-04 23:55:32.066372+00	2025-07-04 23:55:32.066372+00
4b7c03bc-c861-4cb3-ad26-65a5d5c20211	4ecd4666-c94e-43ba-97dc-3c78c8badffb	2025-03-01	2025-03-31	open	2025-07-04 23:55:32.066372+00	2025-07-04 23:55:32.066372+00
cbc1e50e-c891-4450-a0ef-dcb444240aa6	65e17d2e-df6e-448b-abb3-eea9d566a239	2025-03-01	2025-03-31	open	2025-07-04 23:55:32.066372+00	2025-07-04 23:55:32.066372+00
\.


--
-- Data for Name: billing_invoice; Type: TABLE DATA; Schema: public; Owner: -
--

COPY public.billing_invoice (id, client_id, billing_period_start, billing_period_end, issued_date, due_date, status, notes, total_amount, currency, created_at, updated_at, payroll_count, total_hours, invoice_number, billing_period_id) FROM stdin;
5facb865-11cd-4df5-ac1f-219d29c65c0a	ed90f235-e212-4ecd-aedf-402a2a91125f	2025-01-01	2025-01-31	2025-02-01	2025-02-15	sent	\N	728.20	AUD	2025-07-04 23:55:32.1273+00	2025-07-04 23:55:32.1273+00	1	5.00	INV-2025-001	7f83a6fd-3273-4f89-ba6c-3851002a5c3d
0d00abdf-1adc-44b9-b4ec-ee57c4f9fdc5	4ecd4666-c94e-43ba-97dc-3c78c8badffb	2025-01-01	2025-01-31	2025-02-01	2025-02-15	paid	\N	3850.00	AUD	2025-07-04 23:55:32.1273+00	2025-07-04 23:55:32.1273+00	1	8.00	INV-2025-002	c16e7a60-38c5-4405-b579-217a53c974d8
\.


--
-- Data for Name: billing_event_log; Type: TABLE DATA; Schema: public; Owner: -
--

COPY public.billing_event_log (id, invoice_id, event_type, message, created_by, created_at) FROM stdin;
2cf150ce-49bc-44c3-a526-3d9ae60f5358	\N	MIGRATION	Enhanced billing system migration completed successfully	\N	2025-07-04 22:53:43.382415+00
\.


--
-- Data for Name: billing_plan; Type: TABLE DATA; Schema: public; Owner: -
--

COPY public.billing_plan (id, name, description, standard_rate, currency, created_at, updated_at, billing_unit, category, is_active) FROM stdin;
005ecb3c-0559-4a15-b654-ca71072a1c4a	Premium Plan	Premium payroll processing plan	45.00	AUD	2025-06-22 12:39:17.043+00	2025-06-22 12:39:17.043+00	Per Payroll	Processing	t
24269509-6b5a-4cfd-943f-8c0b7b9c930e	Premium Plan	Premium payroll processing plan	45.00	AUD	2025-06-22 12:37:31.262+00	2025-06-22 12:37:31.262+00	Per Payroll	Processing	t
2ba752ce-75a5-40aa-8103-b6c76ad94364	Premium Plan	Premium payroll processing plan	45.00	AUD	2025-06-22 12:29:24.374+00	2025-06-22 12:29:24.374+00	Per Payroll	Processing	t
47413479-efed-4f56-984f-26fe85342167	Basic Plan	Basic payroll processing plan	25.00	AUD	2025-06-22 12:39:17.043+00	2025-06-22 12:39:17.043+00	Per Payroll	Processing	t
5a82cace-8411-47ef-9507-ee778afed93a	Basic Plan	Basic payroll processing plan	25.00	AUD	2025-06-22 12:42:43.579+00	2025-06-22 12:42:43.579+00	Per Payroll	Processing	t
6acefb5a-01b8-491b-bd75-1809c3849e73	Basic Plan	Basic payroll processing plan	25.00	AUD	2025-06-22 12:29:24.374+00	2025-06-22 12:29:24.374+00	Per Payroll	Processing	t
8249051f-0879-4a64-9f14-843f66d7dd76	Basic Plan	Basic payroll processing plan	25.00	AUD	2025-06-22 12:37:31.262+00	2025-06-22 12:37:31.262+00	Per Payroll	Processing	t
c67bab31-0fe0-451a-8891-5f27f3e7d853	Premium Plan	Premium payroll processing plan	45.00	AUD	2025-06-22 12:42:43.579+00	2025-06-22 12:42:43.579+00	Per Payroll	Processing	t
d423289a-f835-4950-9f52-b7096264964f	ATO Registration	Initial ATO registration and setup	750.00	AUD	2025-07-04 22:53:43.382415+00	2025-07-04 22:53:43.382415+00	Once Off	Setup & Configuration	t
a948ee98-0a54-450a-a422-d4e05b46aeae	Payroll Implementation	Complete payroll system implementation	1000.00	AUD	2025-07-04 22:53:43.382415+00	2025-07-04 22:53:43.382415+00	Once Off	Setup & Configuration	t
df9c2ce4-0ba9-4731-82d4-c84ecf1997a8	Workers Compensation Registration	Workers compensation registration per state	375.00	AUD	2025-07-04 22:53:43.382415+00	2025-07-04 22:53:43.382415+00	Per State	Setup & Configuration	t
46037347-2412-4ac0-8857-27e4b262026f	Monthly Payroll Processing	Monthly payroll processing per payslip	19.00	AUD	2025-07-04 22:53:43.382415+00	2025-07-04 22:53:43.382415+00	Per Payslip	Processing	t
56683f21-5e11-41ae-ad49-500d5a6be166	Fortnightly Payroll Processing	Fortnightly payroll processing per payslip	15.00	AUD	2025-07-04 22:53:43.382415+00	2025-07-04 22:53:43.382415+00	Per Payslip	Processing	t
7bac8948-17c6-4776-a360-51bcfebce7d8	Weekly Payroll Processing	Weekly payroll processing	150.00	AUD	2025-07-04 22:53:43.382415+00	2025-07-04 22:53:43.382415+00	Per Month	Processing	t
caa78252-05bb-433d-906c-e9cdea75ed3f	New Employee Onboarding	Onboarding new employees	45.00	AUD	2025-07-04 22:53:43.382415+00	2025-07-04 22:53:43.382415+00	Per Employee	Employee Management	t
f2e5b6fc-97a5-4b77-b7d0-7120103a4772	Employee Termination Processing	Termination calculations and processing	60.00	AUD	2025-07-04 22:53:43.382415+00	2025-07-04 22:53:43.382415+00	Per Employee	Employee Management	t
6183c422-bf4f-4f3c-a74a-4149b71cca37	Employee Offboarding	Complete employee offboarding process	100.00	AUD	2025-07-04 22:53:43.382415+00	2025-07-04 22:53:43.382415+00	Per Employee	Employee Management	t
907d0a09-4aad-401c-8293-6696075dbad5	Payroll Tax Calculation	Payroll tax calculation per state	100.00	AUD	2025-07-04 22:53:43.382415+00	2025-07-04 22:53:43.382415+00	Per State	Compliance & Reporting	t
73b65a43-97f6-4b52-9dda-e6fe1e3ffcdc	IAS Lodgement	IAS lodgement processing	200.00	AUD	2025-07-04 22:53:43.382415+00	2025-07-04 22:53:43.382415+00	Per Lodgement	Compliance & Reporting	t
fe9c9e65-d60d-4585-ba67-ba0588a8b24e	STP Finalisation	Single Touch Payroll finalisation	500.00	AUD	2025-07-04 22:53:43.382415+00	2025-07-04 22:53:43.382415+00	Per Employee	Compliance & Reporting	t
dafa0f1c-c1e0-42aa-b3a3-39c5bd1361b4	Consulting Hours	General consulting and support	240.00	AUD	2025-07-04 22:53:43.382415+00	2025-07-04 22:53:43.382415+00	Per Hour	Consulting	t
7c3eb90e-8a78-4aa7-a5e8-1cf83b7d237d	Off-cycle Pay Run	Additional pay run outside normal schedule	200.00	AUD	2025-07-04 22:53:43.382415+00	2025-07-04 22:53:43.382415+00	Once Off	Processing	t
550e8400-e29b-41d4-a716-446655440001	ATO Registration	Initial Australian Taxation Office registration and setup for payroll compliance	750.00	AUD	2025-07-04 23:52:50.796313+00	2025-07-04 23:52:50.796313+00	Once Off	Setup & Configuration	t
550e8400-e29b-41d4-a716-446655440002	Payroll Implementation / Configuration	Complete payroll system implementation and configuration for new clients	1000.00	AUD	2025-07-04 23:52:50.796313+00	2025-07-04 23:52:50.796313+00	Once Off	Setup & Configuration	t
550e8400-e29b-41d4-a716-446655440003	Payroll Tax Registrations	State-based payroll tax registration service	400.00	AUD	2025-07-04 23:52:50.796313+00	2025-07-04 23:52:50.796313+00	Per Registration	Setup & Configuration	t
550e8400-e29b-41d4-a716-446655440004	Workers Compensation - Initial Registration	Initial workers compensation registration per state	350.00	AUD	2025-07-04 23:52:50.796313+00	2025-07-04 23:52:50.796313+00	Per State	Setup & Configuration	t
550e8400-e29b-41d4-a716-446655440005	Workers Compensation Registrations	Workers compensation registration service	400.00	AUD	2025-07-04 23:52:50.796313+00	2025-07-04 23:52:50.796313+00	Per State	Setup & Configuration	t
550e8400-e29b-41d4-a716-446655440006	Monthly Pay Processing	Standard monthly payroll processing service	500.00	AUD	2025-07-04 23:52:50.812182+00	2025-07-04 23:52:50.812182+00	Per Month	Recurring Processing	t
550e8400-e29b-41d4-a716-446655440007	Monthly Payroll Processing	Monthly payroll processing - standard rate	400.00	AUD	2025-07-04 23:52:50.812182+00	2025-07-04 23:52:50.812182+00	Per Month	Recurring Processing	t
550e8400-e29b-41d4-a716-446655440008	Monthly Payroll processing	Monthly payroll processing - premium rate	750.00	AUD	2025-07-04 23:52:50.812182+00	2025-07-04 23:52:50.812182+00	Per Month	Recurring Processing	t
550e8400-e29b-41d4-a716-446655440009	Monthly Processing	Comprehensive monthly processing service	850.00	AUD	2025-07-04 23:52:50.812182+00	2025-07-04 23:52:50.812182+00	Per Month	Recurring Processing	t
550e8400-e29b-41d4-a716-446655440010	Monthly Pay Processing - Up to 99 employees	Monthly processing for small businesses (up to 99 employees)	25.00	AUD	2025-07-04 23:52:50.812182+00	2025-07-04 23:52:50.812182+00	Per Payslip	Recurring Processing	t
550e8400-e29b-41d4-a716-446655440011	Monthly Pay Processing - 100 to 149 employees	Monthly processing for medium businesses (100-149 employees)	22.50	AUD	2025-07-04 23:52:50.812182+00	2025-07-04 23:52:50.812182+00	Per Payslip	Recurring Processing	t
550e8400-e29b-41d4-a716-446655440012	Monthly Pay Processing - 150+ employees	Monthly processing for large businesses (150+ employees)	20.00	AUD	2025-07-04 23:52:50.812182+00	2025-07-04 23:52:50.812182+00	Per Payslip	Recurring Processing	t
550e8400-e29b-41d4-a716-446655440013	Monthly Payroll Processing	Standard monthly payroll processing per payslip	14.00	AUD	2025-07-04 23:52:50.812182+00	2025-07-04 23:52:50.812182+00	Per Payslip	Recurring Processing	t
550e8400-e29b-41d4-a716-446655440014	Monthly Out of Cycle Pay Processing	Monthly out-of-cycle payroll processing	14.00	AUD	2025-07-04 23:52:50.812182+00	2025-07-04 23:52:50.812182+00	Per Payslip	Recurring Processing	t
550e8400-e29b-41d4-a716-446655440015	Fortnightly Payroll Processing	Standard fortnightly payroll processing	10.75	AUD	2025-07-04 23:52:50.812182+00	2025-07-04 23:52:50.812182+00	Per Payslip	Recurring Processing	t
550e8400-e29b-41d4-a716-446655440016	Fortnightly Payroll Processing - Up to 130 Employees	Fortnightly processing for businesses up to 130 employees	10.80	AUD	2025-07-04 23:52:50.812182+00	2025-07-04 23:52:50.812182+00	Per Employee	Recurring Processing	t
550e8400-e29b-41d4-a716-446655440017	Fortnightly Payroll Processing Flat Fee	Flat fee fortnightly payroll processing	200.00	AUD	2025-07-04 23:52:50.812182+00	2025-07-04 23:52:50.812182+00	Per Payroll	Recurring Processing	t
550e8400-e29b-41d4-a716-446655440018	Fortnightly Payroll Processing Per Payslip	Fortnightly processing charged per payslip	15.00	AUD	2025-07-04 23:52:50.812182+00	2025-07-04 23:52:50.812182+00	Per Payslip	Recurring Processing	t
550e8400-e29b-41d4-a716-446655440019	Fortnightly Out of Cycle Pay Processing	Fortnightly out-of-cycle processing	10.75	AUD	2025-07-04 23:52:50.812182+00	2025-07-04 23:52:50.812182+00	Per Payslip	Recurring Processing	t
550e8400-e29b-41d4-a716-446655440020	Weekly Payroll Processing	Weekly payroll processing service	150.00	AUD	2025-07-04 23:52:50.812182+00	2025-07-04 23:52:50.812182+00	Per Month	Recurring Processing	t
550e8400-e29b-41d4-a716-446655440021	Payroll Processing	General payroll processing service - per payslip	16.50	AUD	2025-07-04 23:52:50.812182+00	2025-07-04 23:52:50.812182+00	Per Payslip	Recurring Processing	t
550e8400-e29b-41d4-a716-446655440022	Payroll Processing	General payroll processing service - monthly	420.00	AUD	2025-07-04 23:52:50.812182+00	2025-07-04 23:52:50.812182+00	Per Month	Recurring Processing	t
550e8400-e29b-41d4-a716-446655440023	Payroll Tax Monthly Calculation and Lodgement	Monthly payroll tax calculation and lodgement per state	75.00	AUD	2025-07-04 23:52:50.812182+00	2025-07-04 23:52:50.812182+00	Per State	Recurring Processing	t
550e8400-e29b-41d4-a716-446655440024	Onboarding New Employees	Complete onboarding process for new employees	50.00	AUD	2025-07-04 23:52:50.826167+00	2025-07-04 23:52:50.826167+00	Per Employee	Employee Management	t
550e8400-e29b-41d4-a716-446655440025	Offboarding Employees	Complete offboarding process for departing employees	100.00	AUD	2025-07-04 23:52:50.826167+00	2025-07-04 23:52:50.826167+00	Per Employee	Employee Management	t
550e8400-e29b-41d4-a716-446655440026	Termination	Basic termination processing	25.00	AUD	2025-07-04 23:52:50.826167+00	2025-07-04 23:52:50.826167+00	Per Termination	Employee Management	t
550e8400-e29b-41d4-a716-446655440027	Termination Calculations	Comprehensive termination calculations - per employee	50.00	AUD	2025-07-04 23:52:50.826167+00	2025-07-04 23:52:50.826167+00	Per Employee	Employee Management	t
550e8400-e29b-41d4-a716-446655440028	Termination Calculations	Comprehensive termination calculations - per termination	70.00	AUD	2025-07-04 23:52:50.826167+00	2025-07-04 23:52:50.826167+00	Per Termination	Employee Management	t
550e8400-e29b-41d4-a716-446655440029	Termination Processing	State-based termination processing	500.00	AUD	2025-07-04 23:52:50.826167+00	2025-07-04 23:52:50.826167+00	Per State	Employee Management	t
550e8400-e29b-41d4-a716-446655440030	Annual Payroll Tax	Annual payroll tax preparation and lodgement	650.00	AUD	2025-07-04 23:52:50.838134+00	2025-07-04 23:52:50.838134+00	Per State	Compliance & Reporting	t
550e8400-e29b-41d4-a716-446655440031	Annual Payroll Tax Reconciliations	Annual payroll tax reconciliation service	450.00	AUD	2025-07-04 23:52:50.838134+00	2025-07-04 23:52:50.838134+00	Per State	Compliance & Reporting	t
550e8400-e29b-41d4-a716-446655440032	Payroll Tax - Calculation and Lodgement	Monthly payroll tax calculation and lodgement	100.00	AUD	2025-07-04 23:52:50.838134+00	2025-07-04 23:52:50.838134+00	Per State	Compliance & Reporting	t
550e8400-e29b-41d4-a716-446655440033	Payroll Tax - Calculation and Lodgement	Monthly payroll tax service - flat fee	400.00	AUD	2025-07-04 23:52:50.838134+00	2025-07-04 23:52:50.838134+00	Per Month	Compliance & Reporting	t
550e8400-e29b-41d4-a716-446655440034	Workers Compensation - Declarations and Renewals	Workers compensation declarations and renewals	450.00	AUD	2025-07-04 23:52:50.838134+00	2025-07-04 23:52:50.838134+00	Per State	Compliance & Reporting	t
550e8400-e29b-41d4-a716-446655440035	Workers Compensation  Declarations and Renewals	Workers compensation service - alternative rate	350.00	AUD	2025-07-04 23:52:50.838134+00	2025-07-04 23:52:50.838134+00	Per State	Compliance & Reporting	t
550e8400-e29b-41d4-a716-446655440036	Annual Workers Compensation Renewal	Annual workers compensation renewal service	350.00	AUD	2025-07-04 23:52:50.838134+00	2025-07-04 23:52:50.838134+00	Per State	Compliance & Reporting	t
550e8400-e29b-41d4-a716-446655440037	STP Finalisation Reconciliation	Single Touch Payroll finalisation and reconciliation	500.00	AUD	2025-07-04 23:52:50.838134+00	2025-07-04 23:52:50.838134+00	Per Employee	Compliance & Reporting	t
550e8400-e29b-41d4-a716-446655440038	Instalment Activity Statement (IAS)	IAS preparation and lodgement service	200.00	AUD	2025-07-04 23:52:50.838134+00	2025-07-04 23:52:50.838134+00	Per Lodgement	Compliance & Reporting	t
550e8400-e29b-41d4-a716-446655440039	Adhoc Payroll Services	General adhoc payroll services - hourly rate	240.00	AUD	2025-07-04 23:52:50.853144+00	2025-07-04 23:52:50.853144+00	Per Hour	Ad-hoc Services	t
550e8400-e29b-41d4-a716-446655440040	Off Cycle Pay Run Flat Fee	Off-cycle pay run - flat fee	200.00	AUD	2025-07-04 23:52:50.853144+00	2025-07-04 23:52:50.853144+00	Once Off	Ad-hoc Services	t
550e8400-e29b-41d4-a716-446655440041	Off Cycle Pay Run Per Payslip	Off-cycle pay run charged per payslip	50.00	AUD	2025-07-04 23:52:50.853144+00	2025-07-04 23:52:50.853144+00	Per Payslip	Ad-hoc Services	t
550e8400-e29b-41d4-a716-446655440042	Off Cycle Pay Run	Off-cycle pay run service	250.00	AUD	2025-07-04 23:52:50.853144+00	2025-07-04 23:52:50.853144+00	Per Payrun	Ad-hoc Services	t
550e8400-e29b-41d4-a716-446655440043	Out of Cycle Pay Processing	Out of cycle pay processing service	200.00	AUD	2025-07-04 23:52:50.853144+00	2025-07-04 23:52:50.853144+00	Per Pay	Ad-hoc Services	t
550e8400-e29b-41d4-a716-446655440044	Out of Cycle Pay Processing Flat Fee	Out of cycle processing - flat fee	150.00	AUD	2025-07-04 23:52:50.853144+00	2025-07-04 23:52:50.853144+00	Once Off	Ad-hoc Services	t
550e8400-e29b-41d4-a716-446655440045	Out of Cycle Pay Run Per Payslip	Out of cycle processing per payslip - standard rate	16.50	AUD	2025-07-04 23:52:50.853144+00	2025-07-04 23:52:50.853144+00	Per Payslip	Ad-hoc Services	t
550e8400-e29b-41d4-a716-446655440046	Out of Cycle Pay Run Per Payslip	Out of cycle processing per payslip - premium rate	25.00	AUD	2025-07-04 23:52:50.853144+00	2025-07-04 23:52:50.853144+00	Per Payslip	Ad-hoc Services	t
550e8400-e29b-41d4-a716-446655440047	Payroll Transition	Payroll system transition services	240.00	AUD	2025-07-04 23:52:50.864094+00	2025-07-04 23:52:50.864094+00	Per Hour	Other	t
550e8400-e29b-41d4-a716-446655440048	Disbursements - Bill at Cost	Client disbursements billed at cost	1.00	AUD	2025-07-04 23:52:50.864094+00	2025-07-04 23:52:50.864094+00	Per Disbursement	Other	t
\.


--
-- Data for Name: payrolls; Type: TABLE DATA; Schema: public; Owner: -
--

COPY public.payrolls (id, client_id, name, cycle_id, date_type_id, date_value, primary_consultant_user_id, backup_consultant_user_id, manager_user_id, processing_days_before_eft, created_at, updated_at, payroll_system, status, processing_time, employee_count, go_live_date, version_number, parent_payroll_id, superseded_date, version_reason, created_by_user_id, payslip_count, new_employees, terminated_employees, billing_status, estimated_revenue, actual_revenue, estimated_hours, actual_hours, profit_margin, last_billed_date) FROM stdin;
076f830b-de4b-47c9-b0ae-988556c48725	4ecd4666-c94e-43ba-97dc-3c78c8badffb	Fortnightly Payroll - Week A - Thursday	769d0c73-f918-4734-8cc9-45b1284c9ce8	d11a8b82-ec8f-4300-a397-37e8b0d54114	5	7898704c-ee5c-4ade-81f3-80a4388413fb	22a368d4-5d3f-4026-840c-55af6fb16972	0727c441-3fa7-44c2-b8f3-4e0b77986ac1	7	2025-05-31 12:31:51.964581+00	2025-05-31 12:31:51.964581+00	\N	Active	10	12	2024-02-08	1	\N	2025-06-01	\N	\N	\N	0	0	pending	\N	\N	\N	\N	\N	\N
8077082b-4473-4547-aa9c-f1da8ac4b91a	92ff771d-d468-4c91-ae58-d66b3ce1bd22	Fortnightly Payroll - Week B - Tuesday	769d0c73-f918-4734-8cc9-45b1284c9ce8	2af96485-ff65-42e8-b300-3ad9308a7e2b	2	22a368d4-5d3f-4026-840c-55af6fb16972	7898704c-ee5c-4ade-81f3-80a4388413fb	0727c441-3fa7-44c2-b8f3-4e0b77986ac1	4	2025-05-31 12:32:03.475443+00	2025-05-31 12:32:03.475443+00	\N	Active	1	22	2024-02-15	1	\N	2025-06-01	\N	\N	\N	0	0	pending	\N	\N	\N	\N	\N	\N
3a03ada0-e7d0-4f2b-aa5a-a3adde11432e	92ff771d-d468-4c91-ae58-d66b3ce1bd22	Monthly Payroll - SOM	d96980a2-3146-4969-87bc-d50fdf4fccd3	f9914e22-da9e-4743-8d5d-365ba51ef854	\N	0727c441-3fa7-44c2-b8f3-4e0b77986ac1	\N	d9ac8a7b-f679-49a1-8c99-837eb977578b	5	2025-05-31 12:32:46.823525+00	2025-07-03 14:56:06.279697+00	\N	Active	16	45	2024-05-01	1	\N	\N	\N	\N	\N	0	0	pending	\N	\N	\N	\N	\N	\N
d619e823-c753-425c-88e4-5e797d2bff48	92ff771d-d468-4c91-ae58-d66b3ce1bd22	Quarterly Payroll - SOM	12570d45-fa3f-406a-80bc-1f412fe2d5f3	f9914e22-da9e-4743-8d5d-365ba51ef854	\N	0727c441-3fa7-44c2-b8f3-4e0b77986ac1	\N	d9ac8a7b-f679-49a1-8c99-837eb977578b	3	2025-05-31 12:33:27.091685+00	2025-07-03 14:56:06.279697+00	\N	Active	8	65	2024-07-01	1	\N	\N	\N	\N	\N	0	0	pending	\N	\N	\N	\N	\N	\N
2b70eb57-bd0f-4b4c-9341-870fb9df1f60	65e17d2e-df6e-448b-abb3-eea9d566a239	Quarterly Payroll - 1st	12570d45-fa3f-406a-80bc-1f412fe2d5f3	b29b56fc-b098-4cac-8dab-868d935986f2	1	0727c441-3fa7-44c2-b8f3-4e0b77986ac1	\N	d9ac8a7b-f679-49a1-8c99-837eb977578b	5	2025-05-31 12:33:44.347623+00	2025-07-03 14:56:06.279697+00	\N	Active	1	89	2024-12-10	1	\N	\N	\N	\N	\N	0	0	pending	\N	\N	\N	\N	\N	\N
f45e433b-fce5-4c95-bf24-364c66792709	4ecd4666-c94e-43ba-97dc-3c78c8badffb	Monthly Payroll - 25th	d96980a2-3146-4969-87bc-d50fdf4fccd3	b29b56fc-b098-4cac-8dab-868d935986f2	25	d9ac8a7b-f679-49a1-8c99-837eb977578b	\N	d9ac8a7b-f679-49a1-8c99-837eb977578b	6	2025-05-31 12:33:17.777573+00	2025-07-03 14:56:06.401713+00	\N	Active	1	41	2024-06-20	1	\N	\N	\N	\N	\N	0	0	pending	\N	\N	\N	\N	\N	\N
17f681eb-3c58-4aa7-b6c1-9e75e2771a1d	65e17d2e-df6e-448b-abb3-eea9d566a239	Weekly Payroll - Tuesday	713e04b1-e876-4169-8a05-f6846b51eb68	7e7d4966-eb52-4ea9-b5c2-9943d67b5cc7	2	d9ac8a7b-f679-49a1-8c99-837eb977578b	\N	d9ac8a7b-f679-49a1-8c99-837eb977578b	5	2025-05-31 12:31:33.576415+00	2025-07-03 14:56:06.401713+00	\N	Active	4	18	2024-02-01	1	\N	\N	\N	\N	\N	0	0	pending	\N	\N	\N	\N	\N	\N
90070d99-0c19-448f-a940-8afb852cf106	65e17d2e-df6e-448b-abb3-eea9d566a239	Bi-Monthly Payroll - SOM	60490f74-a5b9-430a-ad4a-ade8f7393007	f9914e22-da9e-4743-8d5d-365ba51ef854	\N	d9ac8a7b-f679-49a1-8c99-837eb977578b	\N	d9ac8a7b-f679-49a1-8c99-837eb977578b	6	2025-05-31 12:32:20.874498+00	2025-07-03 14:56:06.401713+00	\N	Active	1	40	2024-03-01	1	\N	\N	\N	\N	\N	0	0	pending	\N	\N	\N	\N	\N	\N
fa68604a-99ab-4336-93ed-1bafeee40e8d	ed90f235-e212-4ecd-aedf-402a2a91125f	Fortnightly Payroll - Week A - Monday	769d0c73-f918-4734-8cc9-45b1284c9ce8	d11a8b82-ec8f-4300-a397-37e8b0d54114	2	22a368d4-5d3f-4026-840c-55af6fb16972	7898704c-ee5c-4ade-81f3-80a4388413fb	0727c441-3fa7-44c2-b8f3-4e0b77986ac1	2	2025-05-31 12:31:43.044416+00	2025-06-01 06:57:18.51062+00	\N	Active	20	30	2024-01-22	1	\N	2025-06-01	\N	\N	\N	0	0	pending	\N	\N	\N	\N	\N	\N
fabe13b6-395a-489f-8003-69668a89cfe5	69cb7e99-72a2-41b2-9fe0-08b4a2d6857c	Weekly Payroll - Tuesday	713e04b1-e876-4169-8a05-f6846b51eb68	7e7d4966-eb52-4ea9-b5c2-9943d67b5cc7	4	22a368d4-5d3f-4026-840c-55af6fb16972	7898704c-ee5c-4ade-81f3-80a4388413fb	0727c441-3fa7-44c2-b8f3-4e0b77986ac1	3	2025-05-31 12:31:25.334551+00	2025-06-01 05:33:59.966375+00	\N	Active	1	25	2024-01-15	1	\N	2025-06-01	\N	\N	\N	0	0	pending	\N	\N	\N	\N	\N	\N
35a5f539-8b86-4bce-ae0f-54a409979301	69cb7e99-72a2-41b2-9fe0-08b4a2d6857c	Weekly Payroll - Thursday	713e04b1-e876-4169-8a05-f6846b51eb68	7e7d4966-eb52-4ea9-b5c2-9943d67b5cc7	2	22a368d4-5d3f-4026-840c-55af6fb16972	7898704c-ee5c-4ade-81f3-80a4388413fb	0727c441-3fa7-44c2-b8f3-4e0b77986ac1	3	2025-06-02 04:31:50.281111+00	2025-06-02 04:31:50.281111+00	\N	Active	1	25	2025-06-02	2	fabe13b6-395a-489f-8003-69668a89cfe5	2025-06-01	schedule_change	d9ac8a7b-f679-49a1-8c99-837eb977578b	\N	0	0	pending	\N	\N	\N	\N	\N	\N
6cae0f5c-d909-4e24-ab78-ccf3543ed7f5	ed90f235-e212-4ecd-aedf-402a2a91125f	Fortnightly Payroll - Week A - Monday	769d0c73-f918-4734-8cc9-45b1284c9ce8	d11a8b82-ec8f-4300-a397-37e8b0d54114	1	9aed2a64-0407-4dff-a621-2b7013e1713a	\N	d9ac8a7b-f679-49a1-8c99-837eb977578b	2	2025-06-02 03:56:42.423474+00	2025-07-03 14:56:06.520604+00	\N	Active	1	30	2025-06-02	1	fa68604a-99ab-4336-93ed-1bafeee40e8d	\N	schedule_change	d9ac8a7b-f679-49a1-8c99-837eb977578b	\N	0	0	pending	\N	\N	\N	\N	\N	\N
5c2ef179-308f-4545-bf7b-40c83b55f0c8	ed90f235-e212-4ecd-aedf-402a2a91125f	Monthly Payroll - 29th	d96980a2-3146-4969-87bc-d50fdf4fccd3	b29b56fc-b098-4cac-8dab-868d935986f2	29	9aed2a64-0407-4dff-a621-2b7013e1713a	\N	d9ac8a7b-f679-49a1-8c99-837eb977578b	4	2025-05-31 12:33:09.761684+00	2025-07-03 14:56:06.520604+00	\N	Active	5	29	2024-06-12	1	\N	\N	\N	\N	\N	0	0	pending	\N	\N	\N	\N	\N	\N
06b63aa8-53d4-458d-bdb2-95227585cc0b	92ff771d-d468-4c91-ae58-d66b3ce1bd22	Fortnightly Payroll - Week B - Tuesday	769d0c73-f918-4734-8cc9-45b1284c9ce8	2af96485-ff65-42e8-b300-3ad9308a7e2b	2	9aed2a64-0407-4dff-a621-2b7013e1713a	\N	d9ac8a7b-f679-49a1-8c99-837eb977578b	4	2025-06-02 04:30:49.438473+00	2025-07-03 14:56:06.520604+00	\N	Active	1	22	2025-06-02	2	8077082b-4473-4547-aa9c-f1da8ac4b91a	\N	schedule_change	d9ac8a7b-f679-49a1-8c99-837eb977578b	\N	0	0	pending	\N	\N	\N	\N	\N	\N
0fce8712-f65b-4dd5-96a9-d1c86c8b7138	ed90f235-e212-4ecd-aedf-402a2a91125f	Bi-Monthly Payroll - SOM	60490f74-a5b9-430a-ad4a-ade8f7393007	f9914e22-da9e-4743-8d5d-365ba51ef854	\N	9aed2a64-0407-4dff-a621-2b7013e1713a	\N	d9ac8a7b-f679-49a1-8c99-837eb977578b	3	2025-05-31 12:32:28.493672+00	2025-07-03 14:56:06.520604+00	\N	Active	5	28	2024-03-15	1	\N	\N	\N	\N	\N	0	0	pending	\N	\N	\N	\N	\N	\N
f4024875-34a3-4f82-a49d-e35a44726cda	65e17d2e-df6e-448b-abb3-eea9d566a239	Monthly Payroll - 26th	d96980a2-3146-4969-87bc-d50fdf4fccd3	b29b56fc-b098-4cac-8dab-868d935986f2	26	0727c441-3fa7-44c2-b8f3-4e0b77986ac1	\N	d9ac8a7b-f679-49a1-8c99-837eb977578b	5	2025-05-31 12:33:02.67459+00	2025-07-03 14:56:06.279697+00	\N	Active	13	38	2024-06-05	1	\N	\N	\N	\N	\N	0	0	pending	\N	\N	\N	\N	\N	\N
539cda98-21f9-4f37-b314-c7b791d8093c	69cb7e99-72a2-41b2-9fe0-08b4a2d6857c	Monthly Payroll - EOM	d96980a2-3146-4969-87bc-d50fdf4fccd3	68001232-8ac9-442d-bbe0-287569f2b144	\N	0727c441-3fa7-44c2-b8f3-4e0b77986ac1	\N	d9ac8a7b-f679-49a1-8c99-837eb977578b	7	2025-05-31 12:32:54.347572+00	2025-07-03 14:56:06.279697+00	\N	Active	1	52	2024-05-31	1	\N	\N	\N	\N	\N	0	0	pending	\N	\N	\N	\N	\N	\N
c963a50e-f21e-48b3-8357-fa116b770ab8	69cb7e99-72a2-41b2-9fe0-08b4a2d6857c	Quarterly Payroll - EOM	12570d45-fa3f-406a-80bc-1f412fe2d5f3	68001232-8ac9-442d-bbe0-287569f2b144	\N	0727c441-3fa7-44c2-b8f3-4e0b77986ac1	\N	d9ac8a7b-f679-49a1-8c99-837eb977578b	2	2025-05-31 12:33:35.86555+00	2025-07-03 14:56:06.279697+00	\N	Active	1	78	2024-09-30	1	\N	\N	\N	\N	\N	0	0	pending	\N	\N	\N	\N	\N	\N
5636f4db-90e9-46c5-aaae-bfc7dc82ae60	e9f0f635-c229-45cd-9f2b-8e0c461601f4	Test 2 Payroll	713e04b1-e876-4169-8a05-f6846b51eb68	7e7d4966-eb52-4ea9-b5c2-9943d67b5cc7	1	0727c441-3fa7-44c2-b8f3-4e0b77986ac1	\N	d9ac8a7b-f679-49a1-8c99-837eb977578b	3	2025-06-30 03:58:28.822698+00	2025-07-03 14:56:06.279697+00	\N	Active	1	200	2025-06-30	1	\N	\N	\N	\N	\N	0	0	pending	\N	\N	\N	\N	\N	\N
9f8bddfa-e60e-4a7d-8227-51e66d964028	4ecd4666-c94e-43ba-97dc-3c78c8badffb	Fortnightly Payroll - Week A - Thursday	769d0c73-f918-4734-8cc9-45b1284c9ce8	d11a8b82-ec8f-4300-a397-37e8b0d54114	4	d9ac8a7b-f679-49a1-8c99-837eb977578b	\N	d9ac8a7b-f679-49a1-8c99-837eb977578b	7	2025-06-02 04:30:17.461051+00	2025-07-03 14:56:06.401713+00	\N	Active	1	12	2025-06-02	2	076f830b-de4b-47c9-b0ae-988556c48725	\N	schedule_change	d9ac8a7b-f679-49a1-8c99-837eb977578b	\N	0	0	pending	\N	\N	\N	\N	\N	\N
a18b9637-c20f-428e-b6b7-a4a688e5b21a	69cb7e99-72a2-41b2-9fe0-08b4a2d6857c	Weekly Payroll - Thursday	713e04b1-e876-4169-8a05-f6846b51eb68	7e7d4966-eb52-4ea9-b5c2-9943d67b5cc7	4	d9ac8a7b-f679-49a1-8c99-837eb977578b	\N	d9ac8a7b-f679-49a1-8c99-837eb977578b	3	2025-06-02 04:35:38.428441+00	2025-07-03 14:56:06.401713+00	\N	Active	1	25	2025-06-02	3	fabe13b6-395a-489f-8003-69668a89cfe5	\N	schedule_change	d9ac8a7b-f679-49a1-8c99-837eb977578b	\N	0	0	pending	\N	\N	\N	\N	\N	\N
6caecf93-0b00-4776-8bfd-943bf05fd7d4	4ecd4666-c94e-43ba-97dc-3c78c8badffb	Bi-Monthly Payroll - EOM	60490f74-a5b9-430a-ad4a-ade8f7393007	68001232-8ac9-442d-bbe0-287569f2b144	\N	d9ac8a7b-f679-49a1-8c99-837eb977578b	\N	d9ac8a7b-f679-49a1-8c99-837eb977578b	2	2025-05-31 12:32:37.2955+00	2025-07-03 14:56:06.401713+00	\N	Active	1	33	2024-04-30	1	\N	\N	\N	\N	\N	0	0	pending	\N	\N	\N	\N	\N	\N
dfb29321-c8e8-473d-941f-64406beace52	69cb7e99-72a2-41b2-9fe0-08b4a2d6857c	Fortnightly Payroll - Week B - Friday	769d0c73-f918-4734-8cc9-45b1284c9ce8	2af96485-ff65-42e8-b300-3ad9308a7e2b	5	d9ac8a7b-f679-49a1-8c99-837eb977578b	\N	d9ac8a7b-f679-49a1-8c99-837eb977578b	1	2025-05-31 12:32:10.946486+00	2025-07-03 14:56:06.401713+00	\N	Active	1	35	2024-02-22	1	\N	\N	\N	\N	\N	0	0	pending	\N	\N	\N	\N	\N	\N
\.


--
-- Data for Name: billing_items; Type: TABLE DATA; Schema: public; Owner: -
--

COPY public.billing_items (id, invoice_id, description, quantity, unit_price, payroll_id, created_at, service_id, staff_user_id, notes, status, confirmed_at, confirmed_by, updated_at, billing_plan_id, client_id, service_name, hourly_rate, total_amount, is_approved, approval_date, approved_by) FROM stdin;
1682513c-f5c6-48a2-81e6-eb5963d1a9bd	\N	Fortnightly payroll processing - first half January	25	10.75	2b70eb57-bd0f-4b4c-9341-870fb9df1f60	2025-07-04 23:55:32.101427	\N	7898704c-ee5c-4ade-81f3-80a4388413fb	Fortnightly processing with overtime calculations	confirmed	\N	\N	2025-07-04 23:55:32.101427+00	56683f21-5e11-41ae-ad49-500d5a6be166	65e17d2e-df6e-448b-abb3-eea9d566a239	\N	\N	268.75	t	\N	\N
3cc1384d-87bc-4fdf-b474-00166d667427	\N	Termination calculation for departing employee	1	50.00	2b70eb57-bd0f-4b4c-9341-870fb9df1f60	2025-07-04 23:55:32.101427	\N	7898704c-ee5c-4ade-81f3-80a4388413fb	Final pay calculation with accrued leave entitlements	confirmed	\N	\N	2025-07-04 23:55:32.101427+00	550e8400-e29b-41d4-a716-446655440027	65e17d2e-df6e-448b-abb3-eea9d566a239	\N	\N	50.00	t	\N	\N
bd6be85b-5829-4b7b-9eb8-0ccd6f8d1d58	5facb865-11cd-4df5-ac1f-219d29c65c0a	Monthly payroll processing for January 2025 - 32 employees	32	16.00	fa68604a-99ab-4336-93ed-1bafeee40e8d	2025-07-04 23:55:32.101427	\N	7898704c-ee5c-4ade-81f3-80a4388413fb	Standard monthly processing with one termination	confirmed	\N	\N	2025-07-04 23:55:32.141393+00	46037347-2412-4ac0-8857-27e4b262026f	ed90f235-e212-4ecd-aedf-402a2a91125f	\N	\N	512.00	t	\N	\N
2b621533-f696-4184-b233-f46ded0345de	5facb865-11cd-4df5-ac1f-219d29c65c0a	Onboarding of 3 new employees in January	3	50.00	fa68604a-99ab-4336-93ed-1bafeee40e8d	2025-07-04 23:55:32.101427	\N	7898704c-ee5c-4ade-81f3-80a4388413fb	Full onboarding including TFN and super fund setup	confirmed	\N	\N	2025-07-04 23:55:32.141393+00	550e8400-e29b-41d4-a716-446655440024	ed90f235-e212-4ecd-aedf-402a2a91125f	\N	\N	150.00	t	\N	\N
7fd492f0-b6a0-4d18-b791-9248cc21cb32	0d00abdf-1adc-44b9-b4ec-ee57c4f9fdc5	Monthly processing for January 2025 - 180 employees	180	18.50	076f830b-de4b-47c9-b0ae-988556c48725	2025-07-04 23:55:32.101427	\N	7898704c-ee5c-4ade-81f3-80a4388413fb	Large business monthly processing with volume discount	confirmed	\N	\N	2025-07-04 23:55:32.153271+00	550e8400-e29b-41d4-a716-446655440012	4ecd4666-c94e-43ba-97dc-3c78c8badffb	\N	\N	3330.00	t	\N	\N
aea9a145-07e8-4a51-a94b-f81f0fa2c4fc	0d00abdf-1adc-44b9-b4ec-ee57c4f9fdc5	Payroll tax calculation and lodgement for NSW and VIC	2	85.00	076f830b-de4b-47c9-b0ae-988556c48725	2025-07-04 23:55:32.101427	\N	7898704c-ee5c-4ade-81f3-80a4388413fb	Monthly payroll tax processing for NSW and VIC operations	confirmed	\N	\N	2025-07-04 23:55:32.153271+00	550e8400-e29b-41d4-a716-446655440032	4ecd4666-c94e-43ba-97dc-3c78c8badffb	\N	\N	170.00	t	\N	\N
\.


--
-- Data for Name: billing_invoice_item; Type: TABLE DATA; Schema: public; Owner: -
--

COPY public.billing_invoice_item (id, invoice_id, item_id, quantity_hours, hourly_rate, total_amount, tax_amount, description_override, line_item_type, billing_period_start, billing_period_end, created_at, updated_at) FROM stdin;
\.


--
-- Data for Name: client_billing_assignment; Type: TABLE DATA; Schema: public; Owner: -
--

COPY public.client_billing_assignment (id, client_id, billing_plan_id, start_date, end_date, is_active, created_at, updated_at, custom_rate, billing_frequency, effective_date, is_enabled) FROM stdin;
0977945e-dad3-4751-a583-d5428ed966f6	ed90f235-e212-4ecd-aedf-402a2a91125f	46037347-2412-4ac0-8857-27e4b262026f	2025-01-01	\N	t	2025-07-04 23:55:32.079357+00	2025-07-04 23:55:32.079357+00	16.00	monthly	2025-07-04	t
94758f55-574c-4b21-89eb-8c78dd30b4dc	ed90f235-e212-4ecd-aedf-402a2a91125f	550e8400-e29b-41d4-a716-446655440024	2025-01-01	\N	t	2025-07-04 23:55:32.079357+00	2025-07-04 23:55:32.079357+00	\N	as_needed	2025-07-04	t
f4d8c865-ca49-42ba-a74a-f05a513ec725	4ecd4666-c94e-43ba-97dc-3c78c8badffb	550e8400-e29b-41d4-a716-446655440012	2025-01-01	\N	t	2025-07-04 23:55:32.079357+00	2025-07-04 23:55:32.079357+00	18.50	monthly	2025-07-04	t
08a02043-ae28-4d7a-8253-ec39eb86ff60	4ecd4666-c94e-43ba-97dc-3c78c8badffb	550e8400-e29b-41d4-a716-446655440032	2025-01-01	\N	t	2025-07-04 23:55:32.079357+00	2025-07-04 23:55:32.079357+00	85.00	monthly	2025-07-04	t
c752b0cf-9d04-41ab-ace4-9a4fe15ef534	65e17d2e-df6e-448b-abb3-eea9d566a239	56683f21-5e11-41ae-ad49-500d5a6be166	2025-01-01	\N	t	2025-07-04 23:55:32.079357+00	2025-07-04 23:55:32.079357+00	\N	fortnightly	2025-07-04	t
5d39a3f3-298c-410d-b8c2-1cbc85871962	65e17d2e-df6e-448b-abb3-eea9d566a239	550e8400-e29b-41d4-a716-446655440027	2025-01-01	\N	t	2025-07-04 23:55:32.079357+00	2025-07-04 23:55:32.079357+00	\N	as_needed	2025-07-04	t
\.


--
-- Data for Name: external_systems; Type: TABLE DATA; Schema: public; Owner: -
--

COPY public.external_systems (id, name, url, description, icon, created_at, updated_at) FROM stdin;
281e3769-d681-479a-9bcb-43b7d385ea44	Pay Metrics	https://paymetrics.com	Payroll Provider	paymetrics	2025-05-23 06:45:00.417012+00	2025-05-23 06:45:00.417012+00
10bafd07-102c-4c1b-aa85-db78b2255912	Key Pay	https://keypay.com	Payroll Provider	keypay	2025-05-23 06:45:00.445104+00	2025-05-23 06:45:00.445104+00
e8b79495-441b-4de5-91d2-92f6099a3024	Test External System	https://test-external-system.example.com	Test external payroll system	\N	2025-06-22 12:29:24.374+00	2025-06-22 12:29:24.374+00
54cbe6a1-79f9-4b49-adeb-585b3621ca22	Test External System	https://test-external-system.example.com	Test external payroll system	\N	2025-06-22 12:37:31.262+00	2025-06-22 12:37:31.262+00
3ca4fd47-ff5f-40cb-bb2e-2aa78da7b10a	Test External System	https://test-external-system.example.com	Test external payroll system	\N	2025-06-22 12:39:17.043+00	2025-06-22 12:39:17.043+00
9f463eea-0469-4b12-992c-bfd062e9ca0b	Test External System	https://test-external-system.example.com	Test external payroll system	\N	2025-06-22 12:42:43.579+00	2025-06-22 12:42:43.579+00
\.


--
-- Data for Name: client_external_systems; Type: TABLE DATA; Schema: public; Owner: -
--

COPY public.client_external_systems (id, client_id, system_id, system_client_id, created_at, updated_at) FROM stdin;
f1ccd01a-0cf7-430e-bd38-c3fcacba7581	69cb7e99-72a2-41b2-9fe0-08b4a2d6857c	10bafd07-102c-4c1b-aa85-db78b2255912	CUST-69cb7e99	2025-05-23 07:53:29.422138+00	2025-05-23 07:53:29.422138+00
72c723f6-ec9d-4392-9a42-e3e1df9634db	65e17d2e-df6e-448b-abb3-eea9d566a239	10bafd07-102c-4c1b-aa85-db78b2255912	CUST-65e17d2e	2025-05-23 07:53:29.422138+00	2025-05-23 07:53:29.422138+00
b1bfb0c4-fc3c-44ea-8636-caecc0737249	ed90f235-e212-4ecd-aedf-402a2a91125f	10bafd07-102c-4c1b-aa85-db78b2255912	CUST-ed90f235	2025-05-23 07:53:29.422138+00	2025-05-23 07:53:29.422138+00
1156f020-948c-4de1-b342-2151cdd0cc42	4ecd4666-c94e-43ba-97dc-3c78c8badffb	10bafd07-102c-4c1b-aa85-db78b2255912	CUST-4ecd4666	2025-05-23 07:53:29.422138+00	2025-05-23 07:53:29.422138+00
dee13e49-5ebf-455a-9e99-2b38345fb9b1	92ff771d-d468-4c91-ae58-d66b3ce1bd22	10bafd07-102c-4c1b-aa85-db78b2255912	CUST-92ff771d	2025-05-23 07:53:29.422138+00	2025-05-23 07:53:29.422138+00
961ae759-1afa-4cf9-be3e-71587aaffc84	69cb7e99-72a2-41b2-9fe0-08b4a2d6857c	281e3769-d681-479a-9bcb-43b7d385ea44	CUST-69cb7e99	2025-05-23 07:56:17.378876+00	2025-05-23 07:56:17.378876+00
f7e97177-171e-4fc4-a0ca-77a5e719d9cc	65e17d2e-df6e-448b-abb3-eea9d566a239	281e3769-d681-479a-9bcb-43b7d385ea44	CUST-65e17d2e	2025-05-23 07:56:17.378876+00	2025-05-23 07:56:17.378876+00
3dcc9cc8-c48b-497e-9151-14f159ad6166	ed90f235-e212-4ecd-aedf-402a2a91125f	281e3769-d681-479a-9bcb-43b7d385ea44	CUST-ed90f235	2025-05-23 07:56:17.378876+00	2025-05-23 07:56:17.378876+00
89b092c3-558b-4cab-a7b5-aa357ae61dbb	4ecd4666-c94e-43ba-97dc-3c78c8badffb	281e3769-d681-479a-9bcb-43b7d385ea44	CUST-4ecd4666	2025-05-23 07:56:17.378876+00	2025-05-23 07:56:17.378876+00
fb4bf2b5-68e4-4973-afeb-ba330339adbb	92ff771d-d468-4c91-ae58-d66b3ce1bd22	281e3769-d681-479a-9bcb-43b7d385ea44	CUST-92ff771d	2025-05-23 07:56:17.378876+00	2025-05-23 07:56:17.378876+00
\.


--
-- Data for Name: data_backups; Type: TABLE DATA; Schema: public; Owner: -
--

COPY public.data_backups (id, user_id, backup_type, status, file_size, encryption_key_hash, storage_path, checksum, compression_type, created_at, started_at, completed_at, expires_at, error_message, metadata, tables_included, retention_days) FROM stdin;
dad0aea4-4d73-4e92-a432-d39c229d4e5c	7898704c-ee5c-4ade-81f3-80a4388413fb	automatic	completed	52428800	encrypted-key-hash-9145c64b	/backups/auto_1752285505.172616.sql.gz	sha256-97d0f0031243d5f9	gzip	2025-07-12 01:58:25.172616+00	\N	2025-07-11 23:58:25.172616+00	2025-08-11 01:58:25.172616+00	\N	{"tables": ["transactions", "budgets", "goals", "users"], "version": "1.0.0"}	{transactions,budgets,goals,bank_accounts}	30
a0a261eb-f6ea-4a45-b07d-023b48657eb5	7898704c-ee5c-4ade-81f3-80a4388413fb	automatic	completed	52428800	encrypted-key-hash-8b685cc2	/backups/auto_1752285518.642733.sql.gz	sha256-4e11f5ce42b3874b	gzip	2025-07-12 01:58:38.642733+00	\N	2025-07-11 23:58:38.642733+00	2025-08-11 01:58:38.642733+00	\N	{"tables": ["transactions", "budgets", "goals", "users"], "version": "1.0.0"}	{transactions,budgets,goals,bank_accounts}	30
\.


--
-- Data for Name: email_templates; Type: TABLE DATA; Schema: public; Owner: -
--

COPY public.email_templates (id, name, description, category, subject_template, html_content, text_content, available_variables, is_active, is_system_template, requires_approval, created_by_user_id, approved_by_user_id, approved_at, created_at, updated_at) FROM stdin;
0f01444c-71f9-4aec-97df-a901d79e2cac	Payroll Processing Complete	Notification sent when payroll processing is completed	payroll	Payroll {{payroll.name}} - Processing Complete	<div style="font-family: Arial, sans-serif; max-width: 600px; margin: 0 auto;">\n        <h2 style="color: #2563eb;">Payroll Processing Complete</h2>\n        <p>Hello,</p>\n        <p>The payroll <strong>{{payroll.name}}</strong> for <strong>{{client.name}}</strong> has been successfully processed.</p>\n        <div style="background: #f3f4f6; padding: 20px; border-radius: 8px; margin: 20px 0;">\n            <h3 style="margin: 0 0 10px 0; color: #374151;">Payroll Details:</h3>\n            <ul style="margin: 0; padding-left: 20px;">\n                <li><strong>Payroll Name:</strong> {{payroll.name}}</li>\n                <li><strong>Client:</strong> {{client.name}}</li>\n                <li><strong>Employee Count:</strong> {{payroll.employee_count}}</li>\n                <li><strong>Processing Date:</strong> {{payroll.processing_date}}</li>\n                <li><strong>Go Live Date:</strong> {{payroll.go_live_date}}</li>\n            </ul>\n        </div>\n        <p>The payroll data is now ready for final review and distribution.</p>\n        <p>Best regards,<br>ByteMy Payroll Team</p>\n    </div>	\N	["payroll.name", "payroll.employee_count", "payroll.processing_date", "payroll.go_live_date", "client.name"]	t	t	f	9aed2a64-0407-4dff-a621-2b7013e1713a	\N	\N	2025-07-05 00:08:03.932253+00	2025-07-05 00:08:03.932253+00
88c9b048-fcb0-4d12-b137-3d25e61c9e44	Invoice Generated	Notification sent when an invoice is generated and ready to send	billing	Invoice {{invoice.number}} - {{client.name}}	<div style="font-family: Arial, sans-serif; max-width: 600px; margin: 0 auto;"><h2 style="color: #059669;">Invoice Generated</h2><p>Dear {{client.name}},</p><p>A new invoice has been generated for your account.</p><div style="background: #f3f4f6; padding: 20px; border-radius: 8px; margin: 20px 0;"><h3 style="margin: 0 0 10px 0; color: #374151;">Invoice Details:</h3><ul style="margin: 0; padding-left: 20px;"><li><strong>Invoice Number:</strong> {{invoice.number}}</li><li><strong>Amount:</strong> ${{invoice.amount}}</li><li><strong>Due Date:</strong> {{invoice.due_date}}</li><li><strong>Billing Period:</strong> {{invoice.period}}</li></ul></div><p>Please review the invoice and remit payment by the due date.</p><p>Thank you for your business,<br>ByteMy Billing Team</p></div>	\N	["invoice.number", "invoice.amount", "invoice.due_date", "invoice.period", "client.name"]	t	t	f	9aed2a64-0407-4dff-a621-2b7013e1713a	\N	\N	2025-07-05 00:08:25.482344+00	2025-07-05 00:08:25.482344+00
681d686a-07ef-4a6d-90b4-460e508c47fb	Leave Request Approved	Notification sent when a leave request is approved	leave	Leave Request Approved - {{leave.type}}	<div style="font-family: Arial, sans-serif; max-width: 600px; margin: 0 auto;"><h2 style="color: #059669;">Leave Request Approved</h2><p>Hello {{employee.first_name}},</p><p>Your leave request has been approved\\!</p><div style="background: #f3f4f6; padding: 20px; border-radius: 8px; margin: 20px 0;"><h3 style="margin: 0 0 10px 0; color: #374151;">Leave Details:</h3><ul style="margin: 0; padding-left: 20px;"><li><strong>Leave Type:</strong> {{leave.type}}</li><li><strong>Start Date:</strong> {{leave.start_date}}</li><li><strong>End Date:</strong> {{leave.end_date}}</li><li><strong>Days:</strong> {{leave.days}}</li><li><strong>Approved By:</strong> {{approver.name}}</li></ul></div><p>Please ensure all handover arrangements are in place before your leave begins.</p><p>Best regards,<br>HR Team</p></div>	\N	["employee.first_name", "leave.type", "leave.start_date", "leave.end_date", "leave.days", "approver.name"]	t	t	f	9aed2a64-0407-4dff-a621-2b7013e1713a	\N	\N	2025-07-05 00:08:25.482344+00	2025-07-05 00:08:25.482344+00
11978497-b904-4656-91d4-68d93c66bf9f	Work Schedule Assignment	Notification sent when a new work assignment is created	work_schedule	New Assignment - {{assignment.title}}	<div style="font-family: Arial, sans-serif; max-width: 600px; margin: 0 auto;"><h2 style="color: #7c3aed;">New Work Assignment</h2><p>Hello {{consultant.first_name}},</p><p>You have been assigned to a new project.</p><div style="background: #f3f4f6; padding: 20px; border-radius: 8px; margin: 20px 0;"><h3 style="margin: 0 0 10px 0; color: #374151;">Assignment Details:</h3><ul style="margin: 0; padding-left: 20px;"><li><strong>Title:</strong> {{assignment.title}}</li><li><strong>Client:</strong> {{client.name}}</li><li><strong>Start Date:</strong> {{assignment.start_date}}</li><li><strong>End Date:</strong> {{assignment.end_date}}</li><li><strong>Hours per Week:</strong> {{assignment.hours_per_week}}</li></ul></div><p>Please confirm your availability and reach out if you have any questions.</p><p>Best regards,<br>Project Management Team</p></div>	\N	["consultant.first_name", "assignment.title", "client.name", "assignment.start_date", "assignment.end_date", "assignment.hours_per_week"]	t	t	f	9aed2a64-0407-4dff-a621-2b7013e1713a	\N	\N	2025-07-05 00:08:25.482344+00	2025-07-05 00:08:25.482344+00
\.


--
-- Data for Name: email_drafts; Type: TABLE DATA; Schema: public; Owner: -
--

COPY public.email_drafts (id, user_id, template_id, recipient_emails, subject, html_content, text_content, variable_values, business_context, scheduled_for, created_at, updated_at) FROM stdin;
\.


--
-- Data for Name: email_send_logs; Type: TABLE DATA; Schema: public; Owner: -
--

COPY public.email_send_logs (id, template_id, resend_email_id, recipient_emails, sender_user_id, subject, html_content, text_content, business_context, send_status, resend_response, error_message, scheduled_for, sent_at, delivered_at, opened_at, clicked_at, created_at) FROM stdin;
\.


--
-- Data for Name: feature_flags; Type: TABLE DATA; Schema: public; Owner: -
--

COPY public.feature_flags (id, feature_name, is_enabled, allowed_roles, updated_at) FROM stdin;
a83d0f03-2fa1-4d5c-bbbc-b6d3ee8337b1	test_feature_enabled	t	"[\\"developer\\",\\"org_admin\\"]"	2025-06-22 12:42:43.579+00
8550b997-f459-4a0f-ba21-ce55bc658ee5	e2e_testing_mode	t	"[\\"developer\\"]"	2025-06-22 12:42:43.579+00
\.


--
-- Data for Name: holidays; Type: TABLE DATA; Schema: public; Owner: -
--

COPY public.holidays (id, date, local_name, name, country_code, region, is_fixed, is_global, launch_year, types, created_at, updated_at) FROM stdin;
d1ff969c-e67c-4e9a-9539-1d91088be3d6	2025-01-01	New Year's Day	New Year's Day	AU	{National}	f	t	\N	{Public}	2025-05-30 15:24:58.441546+00	2025-05-30 15:24:58.184+00
8338ce23-872c-4e38-8b8f-51fa281c04d3	2025-01-27	Australia Day	Australia Day	AU	{National}	f	t	\N	{Public}	2025-05-30 15:24:58.441546+00	2025-05-30 15:24:58.184+00
a6fcf465-9291-4257-ab98-6a1e2baced3d	2025-03-03	Labour Day	Labour Day	AU	{WA}	f	f	\N	{Public}	2025-05-30 15:24:58.441546+00	2025-05-30 15:24:58.184+00
50a46129-2f51-4653-96ad-b6fd1ae880e1	2025-03-10	March Public Holiday	March Public Holiday	AU	{SA}	f	f	\N	{Public}	2025-05-30 15:24:58.441546+00	2025-05-30 15:24:58.184+00
38f53919-8a12-4b07-b008-20fea795fa4a	2025-04-18	Good Friday	Good Friday	AU	{National}	f	t	\N	{Public}	2025-05-30 15:24:58.441546+00	2025-05-30 15:24:58.184+00
f3d780bf-a368-490b-aea4-a0756d6c8ab8	2025-04-19	Easter Eve	Holy Saturday	AU	{ACT,NSW,NT,QLD,SA,VIC}	f	f	\N	{Public}	2025-05-30 15:24:58.441546+00	2025-05-30 15:24:58.184+00
71b9e4aa-f2bf-40e3-b235-98ea95cde0a7	2025-04-20	Easter Sunday	Easter Sunday	AU	{ACT,NSW,NT,QLD,SA,VIC,WA}	f	f	\N	{Public}	2025-05-30 15:24:58.441546+00	2025-05-30 15:24:58.184+00
9e191e40-cab2-4aa1-8bba-06b8e685c5bb	2025-04-21	Easter Monday	Easter Monday	AU	{National}	f	t	\N	{Public}	2025-05-30 15:24:58.441546+00	2025-05-30 15:24:58.184+00
cc6b4648-d9c5-4bdc-8267-d2589616c321	2025-04-25	Anzac Day	Anzac Day	AU	{National}	f	t	\N	{Public}	2025-05-30 15:24:58.441546+00	2025-05-30 15:24:58.184+00
b287842a-7628-4008-8963-383616e2da88	2025-05-05	May Day	May Day	AU	{NT}	f	f	\N	{Public}	2025-05-30 15:24:58.441546+00	2025-05-30 15:24:58.184+00
75961d07-670c-4fa3-a7b4-78cd120fdab2	2025-06-02	Reconciliation Day	Reconciliation Day	AU	{ACT}	f	f	\N	{Public}	2025-05-30 15:24:58.441546+00	2025-05-30 15:24:58.184+00
1c9cc8ad-800f-4afa-bd0a-cdcacce87779	2025-06-09	King's Birthday	King's Birthday	AU	{ACT,NSW,NT,SA,TAS,VIC}	f	f	\N	{Public}	2025-05-30 15:24:58.441546+00	2025-05-30 15:24:58.184+00
8bbe0fb7-77ea-41ac-b744-f12999008920	2025-08-04	Picnic Day	Picnic Day	AU	{NT}	f	f	\N	{Public}	2025-05-30 15:24:58.441546+00	2025-05-30 15:24:58.184+00
860f59ba-844b-4c78-815e-d00cf0d375f9	2025-09-29	King's Birthday	King's Birthday	AU	{WA}	f	f	\N	{Public}	2025-05-30 15:24:58.441546+00	2025-05-30 15:24:58.184+00
1142d00f-c1cc-4934-8672-dff5c4d3abcb	2025-10-06	Labour Day	Labour Day	AU	{ACT,NSW,SA}	f	f	\N	{Public}	2025-05-30 15:24:58.441546+00	2025-05-30 15:24:58.184+00
6295b47a-774d-4d5d-ab2c-96d1c6c3456c	2025-11-04	Melbourne Cup	Melbourne Cup	AU	{VIC}	f	f	\N	{Public}	2025-05-30 15:24:58.441546+00	2025-05-30 15:24:58.184+00
5d198391-d7ba-4193-a490-5ef8c4ae14e0	2025-12-25	Christmas Day	Christmas Day	AU	{National}	f	t	\N	{Public}	2025-05-30 15:24:58.441546+00	2025-05-30 15:24:58.184+00
4b21577f-5311-4290-87ec-971629bb209a	2025-12-26	Boxing Day	St. Stephen's Day	AU	{National}	f	t	\N	{Public}	2025-05-30 15:24:58.441546+00	2025-05-30 15:24:58.184+00
08a796d3-933b-478b-9b2c-42ccad418b99	2026-01-01	New Year's Day	New Year's Day	AU	{National}	f	t	\N	{Public}	2025-05-30 15:24:58.447857+00	2025-05-30 15:24:58.185+00
036bb5d6-5fc7-4e2a-beea-2fde176a8626	2026-01-26	Australia Day	Australia Day	AU	{National}	f	t	\N	{Public}	2025-05-30 15:24:58.447857+00	2025-05-30 15:24:58.185+00
39b705aa-e0f3-4c78-83bf-2db87796c8c6	2026-03-02	Labour Day	Labour Day	AU	{WA}	f	f	\N	{Public}	2025-05-30 15:24:58.447857+00	2025-05-30 15:24:58.185+00
a7b40d02-484d-4907-9d54-22bac741d0b8	2026-03-09	Canberra Day	Canberra Day	AU	{ACT}	f	f	\N	{Public}	2025-05-30 15:24:58.447857+00	2025-05-30 15:24:58.185+00
e43e85d2-49bb-4097-b423-edea54ac35d4	2026-04-03	Good Friday	Good Friday	AU	{National}	f	t	\N	{Public}	2025-05-30 15:24:58.447857+00	2025-05-30 15:24:58.185+00
224f9d0a-2d6b-4bae-bea3-c3061349b2b0	2026-04-04	Easter Eve	Holy Saturday	AU	{ACT,NSW,NT,QLD,SA,VIC}	f	f	\N	{Public}	2025-05-30 15:24:58.447857+00	2025-05-30 15:24:58.185+00
74c254fc-63e1-48ab-82e3-91e50494aa8f	2026-04-05	Easter Sunday	Easter Sunday	AU	{ACT,NSW,NT,QLD,SA,VIC,WA}	f	f	\N	{Public}	2025-05-30 15:24:58.447857+00	2025-05-30 15:24:58.185+00
58763442-e221-4d51-a190-c0ce2614af25	2026-04-06	Easter Monday	Easter Monday	AU	{National}	f	t	\N	{Public}	2025-05-30 15:24:58.447857+00	2025-05-30 15:24:58.185+00
116ae741-60a8-4e34-a724-10ccff96dfc8	2026-04-25	Anzac Day	Anzac Day	AU	{National}	f	t	\N	{Public}	2025-05-30 15:24:58.447857+00	2025-05-30 15:24:58.185+00
412c31ed-00db-47e5-bcf8-50e9c7592032	2026-05-04	May Day	May Day	AU	{NT}	f	f	\N	{Public}	2025-05-30 15:24:58.447857+00	2025-05-30 15:24:58.185+00
26171d13-7c81-42e8-a7d2-f3c2c3b0b0ae	2026-06-01	Reconciliation Day	Reconciliation Day	AU	{ACT}	f	f	\N	{Public}	2025-05-30 15:24:58.447857+00	2025-05-30 15:24:58.185+00
af49930f-22f7-44dc-afbd-90c8a94bc265	2026-06-08	King's Birthday	King's Birthday	AU	{ACT,NSW,NT,SA,TAS,VIC}	f	f	\N	{Public}	2025-05-30 15:24:58.447857+00	2025-05-30 15:24:58.185+00
791c05a9-4c36-4ff4-b273-a3e4403b8fc8	2026-08-03	Picnic Day	Picnic Day	AU	{NT}	f	f	\N	{Public}	2025-05-30 15:24:58.447857+00	2025-05-30 15:24:58.185+00
b2881347-0f04-4390-92f5-ede2540e3be4	2026-09-25	Friday before AFL Grand Final (Tentative Date)	Friday before AFL Grand Final (Tentative Date)	AU	{VIC}	f	f	\N	{Public}	2025-05-30 15:24:58.447857+00	2025-05-30 15:24:58.185+00
d77ba131-6d11-494b-9132-483203c826ca	2026-09-28	King's Birthday	King's Birthday	AU	{WA}	f	f	\N	{Public}	2025-05-30 15:24:58.447857+00	2025-05-30 15:24:58.185+00
7961c0f8-91e7-4c08-8844-dd8171583ee8	2026-10-05	Labour Day	Labour Day	AU	{ACT,NSW,SA}	f	f	\N	{Public}	2025-05-30 15:24:58.447857+00	2025-05-30 15:24:58.185+00
e9c0a667-91c2-471a-b181-3f48d9c7a5d3	2026-11-03	Melbourne Cup	Melbourne Cup	AU	{VIC}	f	f	\N	{Public}	2025-05-30 15:24:58.447857+00	2025-05-30 15:24:58.185+00
0863140a-9650-4562-90cc-d06510a4dad6	2026-12-25	Christmas Day	Christmas Day	AU	{National}	f	t	\N	{Public}	2025-05-30 15:24:58.447857+00	2025-05-30 15:24:58.185+00
9d191ef9-3289-4925-bd92-4410f5594e2b	2026-12-28	Boxing Day	St. Stephen's Day	AU	{National}	f	t	\N	{Public}	2025-05-30 15:24:58.447857+00	2025-05-30 15:24:58.185+00
af36eb31-eab0-454b-997f-2e88d2217f61	2024-01-01	New Year's Day	New Year's Day	AU	{NSW}	t	f	\N	{public}	2025-05-31 12:44:57.831888+00	2025-05-31 12:44:57.831888+00
7ca751e0-843f-4138-9eb9-b3ab8c047b99	2024-01-26	Australia Day	Australia Day	AU	{NSW}	t	f	\N	{public}	2025-05-31 12:44:57.831888+00	2025-05-31 12:44:57.831888+00
629cc664-5836-4701-bd47-419ff1e71eb3	2024-03-29	Good Friday	Good Friday	AU	{NSW}	f	f	\N	{public}	2025-05-31 12:44:57.831888+00	2025-05-31 12:44:57.831888+00
b97c0d94-befd-4ec5-b77f-eea6b965145a	2024-04-01	Easter Monday	Easter Monday	AU	{NSW}	f	f	\N	{public}	2025-05-31 12:44:57.831888+00	2025-05-31 12:44:57.831888+00
d0cb9e91-0acb-497d-9c46-a00a51351fef	2024-04-25	ANZAC Day	ANZAC Day	AU	{NSW}	t	f	\N	{public}	2025-05-31 12:44:57.831888+00	2025-05-31 12:44:57.831888+00
e6db463b-38cd-4c2f-b33f-53706d873899	2024-06-10	Queen's Birthday	Queen's Birthday	AU	{NSW}	f	f	\N	{public}	2025-05-31 12:44:57.831888+00	2025-05-31 12:44:57.831888+00
2bf42404-1a1a-4746-9b52-58f104924b6c	2024-12-25	Christmas Day	Christmas Day	AU	{NSW}	t	f	\N	{public}	2025-05-31 12:44:57.831888+00	2025-05-31 12:44:57.831888+00
bf86b4a9-8d70-4ba0-9e6c-80dd23b8acd8	2024-12-26	Boxing Day	Boxing Day	AU	{NSW}	t	f	\N	{public}	2025-05-31 12:44:57.831888+00	2025-05-31 12:44:57.831888+00
6718a7d0-5762-433f-b2b0-05b382f4d879	2024-04-25	Anzac Day	Anzac Day	AU	\N	t	f	2024	{public}	2025-07-05 11:53:46.902252+00	2025-07-05 11:53:46.902252+00
4dbe3b29-4d76-460e-9642-e2b5acce7f37	2024-10-07	Labour Day	Labour Day	AU	\N	t	f	2024	{public}	2025-07-05 11:53:46.944304+00	2025-07-05 11:53:46.944304+00
797aa2e3-0829-4180-bff5-bcc823ed9395	2025-06-09	Queen's Birthday	Queen's Birthday	AU	\N	t	f	2024	{public}	2025-07-05 11:53:47.048255+00	2025-07-05 11:53:47.048255+00
c17d6026-89ab-422b-a7f6-b8af700e762e	2025-12-26	Boxing Day	Boxing Day	AU	\N	t	f	2024	{public}	2025-07-05 11:53:47.095276+00	2025-07-05 11:53:47.095276+00
\.


--
-- Data for Name: latest_payroll_version_results; Type: TABLE DATA; Schema: public; Owner: -
--

COPY public.latest_payroll_version_results (id, payroll_id, name, version_number, go_live_date, active, queried_at) FROM stdin;
c257b70f-34cb-422a-a1c5-74dbab28ecb5	9f8bddfa-e60e-4a7d-8227-51e66d964028	Fortnightly Payroll - Week A - Thursday	2	2025-06-02	t	2025-06-21 04:41:51.383822+00
\.


--
-- Data for Name: leave; Type: TABLE DATA; Schema: public; Owner: -
--

COPY public.leave (id, user_id, start_date, end_date, leave_type, reason, status, created_at, updated_at) FROM stdin;
1ec11d5d-dbff-4d13-bb53-5aec7233b83d	d9ac8a7b-f679-49a1-8c99-837eb977578b	2025-06-02	2025-06-05	Sick	Demo leave generated for testing.	Approved	2025-07-03 07:48:35.592218+00	2025-07-03 07:48:35.592218+00
531a838c-f1be-4253-8f6b-3f5fdc011050	e4313314-b89e-4346-9bb5-3aaf464c7152	2025-06-02	2025-06-05	Sick	Demo leave generated for testing.	Approved	2025-07-03 07:48:35.592218+00	2025-07-03 07:48:35.592218+00
294ef3bc-f2cf-4816-8770-9d945af52dd4	22a368d4-5d3f-4026-840c-55af6fb16972	2025-06-02	2025-06-05	Sick	Demo leave generated for testing.	Approved	2025-07-03 07:48:35.592218+00	2025-07-03 07:48:35.592218+00
89feb56f-33cb-4b36-8040-dff89919cda5	0727c441-3fa7-44c2-b8f3-4e0b77986ac1	2025-06-02	2025-06-05	Sick	Demo leave generated for testing.	Approved	2025-07-03 07:48:35.592218+00	2025-07-03 07:48:35.592218+00
5207cdef-8d35-4002-9a47-60e8c772f4c8	9aed2a64-0407-4dff-a621-2b7013e1713a	2025-06-02	2025-06-05	Sick	Demo leave generated for testing.	Approved	2025-07-03 07:48:35.592218+00	2025-07-03 07:48:35.592218+00
199ddb47-6831-49f7-bf75-acdff593dae0	d9ac8a7b-f679-49a1-8c99-837eb977578b	2025-06-12	2025-06-15	Annual	Demo leave generated for testing.	Approved	2025-07-03 07:48:35.592218+00	2025-07-03 07:48:35.592218+00
c37fb91c-50e6-43c1-b3de-03a04feb5c4a	e4313314-b89e-4346-9bb5-3aaf464c7152	2025-06-12	2025-06-15	Annual	Demo leave generated for testing.	Approved	2025-07-03 07:48:35.592218+00	2025-07-03 07:48:35.592218+00
99a9d230-55d0-46be-bd9d-f66954f7d99c	22a368d4-5d3f-4026-840c-55af6fb16972	2025-06-12	2025-06-15	Annual	Demo leave generated for testing.	Approved	2025-07-03 07:48:35.592218+00	2025-07-03 07:48:35.592218+00
00317800-c652-40f8-897f-3fb116105eac	0727c441-3fa7-44c2-b8f3-4e0b77986ac1	2025-06-12	2025-06-15	Annual	Demo leave generated for testing.	Approved	2025-07-03 07:48:35.592218+00	2025-07-03 07:48:35.592218+00
e409817b-c6a6-4fb3-bb10-4cd035b4ee71	9aed2a64-0407-4dff-a621-2b7013e1713a	2025-06-12	2025-06-15	Annual	Demo leave generated for testing.	Approved	2025-07-03 07:48:35.592218+00	2025-07-03 07:48:35.592218+00
c877a4ea-0c2a-49cb-af16-5a3f82668a5c	7898704c-ee5c-4ade-81f3-80a4388413fb	2024-05-13	2024-05-24	Annual	Planned annual leave - 2 weeks	Approved	2025-07-03 07:48:35.592218+00	2025-07-03 07:48:35.592218+00
7c35faa4-f0fb-40a5-b12a-cb7adc10878d	22a368d4-5d3f-4026-840c-55af6fb16972	2024-04-08	2024-04-19	Annual	Annual leave - 2 weeks in April	Approved	2025-07-03 07:48:35.592218+00	2025-07-03 07:48:35.592218+00
424a1358-d16c-4670-bf89-c6db9323735e	7898704c-ee5c-4ade-81f3-80a4388413fb	2025-06-01	2025-06-14	Annual	Testing	Approved	2025-07-03 07:48:35.592218+00	2025-07-03 07:48:35.592218+00
\.


--
-- Data for Name: notes; Type: TABLE DATA; Schema: public; Owner: -
--

COPY public.notes (id, entity_type, entity_id, user_id, content, is_important, created_at, updated_at) FROM stdin;
5a067524-6323-47a9-8ee3-5d9765a1df1d	client	69cb7e99-72a2-41b2-9fe0-08b4a2d6857c	d9ac8a7b-f679-49a1-8c99-837eb977578b	Important note for client Demo Client 1 (Weekly - Monday) generated for demo.	t	2025-05-23 08:15:43.852348	2025-05-23 08:15:43.852348
9008fd0e-a5b8-45cc-a1a8-912e45fdd798	client	65e17d2e-df6e-448b-abb3-eea9d566a239	d9ac8a7b-f679-49a1-8c99-837eb977578b	Important note for client Demo Client 2 (Weekly - Friday) generated for demo.	t	2025-05-23 08:15:43.852348	2025-05-23 08:15:43.852348
a651ae9c-2127-4140-804d-94e1190fb4d8	client	ed90f235-e212-4ecd-aedf-402a2a91125f	d9ac8a7b-f679-49a1-8c99-837eb977578b	Important note for client Demo Client 3 (Fortnightly - Week A Thursday) generated for demo.	t	2025-05-23 08:15:43.852348	2025-05-23 08:15:43.852348
5f2bbaaa-d4b7-46e0-ae0b-2df1ffdc38e3	client	4ecd4666-c94e-43ba-97dc-3c78c8badffb	d9ac8a7b-f679-49a1-8c99-837eb977578b	Important note for client Demo Client 4 (Fortnightly - Week B Monday) generated for demo.	t	2025-05-23 08:15:43.852348	2025-05-23 08:15:43.852348
732ad418-b1cb-4b39-beb1-b87ab4b58198	client	92ff771d-d468-4c91-ae58-d66b3ce1bd22	d9ac8a7b-f679-49a1-8c99-837eb977578b	Important note for client Demo Client 5 (Bi-Monthly - Start of Month) generated for demo.	t	2025-05-23 08:15:43.852348	2025-05-23 08:15:43.852348
bd8d9e55-5f25-4015-ae7e-60417232e22a	payroll	6caecf93-0b00-4776-8bfd-943bf05fd7d4	\N	Tesdt	f	2025-06-02 09:46:58.916619	2025-06-02 09:46:58.916619
5b204cfc-60ec-4dd7-9c25-f0c0f6254b5b	payroll	5636f4db-90e9-46c5-aaae-bfc7dc82ae60	d9ac8a7b-f679-49a1-8c99-837eb977578b	Test note for test2 payroll	f	2025-06-30 23:35:07.203813	2025-06-30 23:35:07.203813
8f7dd5be-4781-41a0-8e0b-46104a8883cd	payroll	fabe13b6-395a-489f-8003-69668a89cfe5	\N	Testing notes modal	f	2025-05-31 12:38:39.043918	2025-05-31 12:38:39.043918
\.


--
-- Data for Name: payroll_activation_results; Type: TABLE DATA; Schema: public; Owner: -
--

COPY public.payroll_activation_results (id, payroll_id, action_taken, version_number, executed_at) FROM stdin;
\.


--
-- Data for Name: payroll_dates; Type: TABLE DATA; Schema: public; Owner: -
--

COPY public.payroll_dates (id, payroll_id, original_eft_date, adjusted_eft_date, processing_date, notes, created_at, updated_at) FROM stdin;
4286c7b8-9019-4db1-b52d-ad0e8c4cb379	076f830b-de4b-47c9-b0ae-988556c48725	2024-12-13	2024-12-13	2024-12-04	\N	2025-06-02 03:12:08.914598+00	2025-06-02 03:12:08.914598+00
e320af9c-c509-4a8a-a1bc-8425c6b105c8	076f830b-de4b-47c9-b0ae-988556c48725	2025-01-03	2025-01-03	2024-12-20	\N	2025-06-02 03:12:08.914598+00	2025-06-02 03:12:08.914598+00
2c84ad46-afa6-4f3b-b06a-63a83c52bdaf	076f830b-de4b-47c9-b0ae-988556c48725	2025-01-17	2025-01-17	2025-01-08	\N	2025-06-02 03:12:08.914598+00	2025-06-02 03:12:08.914598+00
76c8f93a-6040-4b2a-a2a5-07a8a508bb43	076f830b-de4b-47c9-b0ae-988556c48725	2025-01-31	2025-01-31	2025-01-21	\N	2025-06-02 03:12:08.914598+00	2025-06-02 03:12:08.914598+00
6186d90b-ca8a-4130-845e-c337477ec407	076f830b-de4b-47c9-b0ae-988556c48725	2025-02-14	2025-02-14	2025-02-05	\N	2025-06-02 03:12:08.914598+00	2025-06-02 03:12:08.914598+00
63215adc-825f-4e77-a35e-835cb6cadab0	076f830b-de4b-47c9-b0ae-988556c48725	2025-02-28	2025-02-28	2025-02-19	\N	2025-06-02 03:12:08.914598+00	2025-06-02 03:12:08.914598+00
bfd69eae-3f72-4082-9c81-c4ca393c2d1c	076f830b-de4b-47c9-b0ae-988556c48725	2025-03-14	2025-03-14	2025-03-04	\N	2025-06-02 03:12:08.914598+00	2025-06-02 03:12:08.914598+00
351783c9-6186-4fa9-8270-da361eda0a9e	076f830b-de4b-47c9-b0ae-988556c48725	2025-03-28	2025-03-28	2025-03-19	\N	2025-06-02 03:12:08.914598+00	2025-06-02 03:12:08.914598+00
b83b175a-010e-41e0-8cb3-d9a8d2a6a008	076f830b-de4b-47c9-b0ae-988556c48725	2025-04-11	2025-04-11	2025-04-02	\N	2025-06-02 03:12:08.914598+00	2025-06-02 03:12:08.914598+00
a360704d-e705-4843-b0b7-52bad40ac387	076f830b-de4b-47c9-b0ae-988556c48725	2025-04-25	2025-04-24	2025-04-11	Adjusted from Anzac Day (Friday    25 Apr 2025) to previous business day (Thursday  24 Apr 2025)	2025-06-02 03:12:08.914598+00	2025-06-02 03:12:08.914598+00
b5f4a7b4-9b5b-44f8-b90e-0890325e4edc	076f830b-de4b-47c9-b0ae-988556c48725	2025-05-09	2025-05-09	2025-04-29	\N	2025-06-02 03:12:08.914598+00	2025-06-02 03:12:08.914598+00
7afd7c88-b4d0-44bb-9d51-53ecbbe5418f	076f830b-de4b-47c9-b0ae-988556c48725	2025-05-23	2025-05-23	2025-05-14	\N	2025-06-02 03:12:08.914598+00	2025-06-02 03:12:08.914598+00
6d5627bf-60a6-4a47-818f-7478013efd44	a18b9637-c20f-428e-b6b7-a4a688e5b21a	2025-06-05	2025-06-05	2025-05-30	\N	2025-06-02 04:35:38.428441+00	2025-06-02 04:35:38.428441+00
c3bf5a9e-d1c7-4cfe-ba7b-7c1a0afa5f3a	a18b9637-c20f-428e-b6b7-a4a688e5b21a	2025-06-12	2025-06-12	2025-06-06	\N	2025-06-02 04:35:38.428441+00	2025-06-02 04:35:38.428441+00
ee19e37f-d8dc-4f9c-b1fa-5ef6e19ea1c1	a18b9637-c20f-428e-b6b7-a4a688e5b21a	2025-06-19	2025-06-19	2025-06-16	\N	2025-06-02 04:35:38.428441+00	2025-06-02 04:35:38.428441+00
81a73cd7-48cb-4986-9fad-03854760b01f	a18b9637-c20f-428e-b6b7-a4a688e5b21a	2025-06-26	2025-06-26	2025-06-23	\N	2025-06-02 04:35:38.428441+00	2025-06-02 04:35:38.428441+00
0136f15b-be77-4b63-9e61-d3773b77df2f	a18b9637-c20f-428e-b6b7-a4a688e5b21a	2025-07-03	2025-07-03	2025-06-30	\N	2025-06-02 04:35:38.428441+00	2025-06-02 04:35:38.428441+00
8252542b-0444-4eac-a13e-5095b7870029	a18b9637-c20f-428e-b6b7-a4a688e5b21a	2025-07-10	2025-07-10	2025-07-07	\N	2025-06-02 04:35:38.428441+00	2025-06-02 04:35:38.428441+00
0454a6f9-3df2-47be-8e34-a6208ccb5cd1	a18b9637-c20f-428e-b6b7-a4a688e5b21a	2025-07-17	2025-07-17	2025-07-14	\N	2025-06-02 04:35:38.428441+00	2025-06-02 04:35:38.428441+00
7982e68b-f698-46ac-8b6a-95b7087f2b88	a18b9637-c20f-428e-b6b7-a4a688e5b21a	2025-07-24	2025-07-24	2025-07-21	\N	2025-06-02 04:35:38.428441+00	2025-06-02 04:35:38.428441+00
e3f80922-5246-48a2-905d-7c24d9e51241	a18b9637-c20f-428e-b6b7-a4a688e5b21a	2025-07-31	2025-07-31	2025-07-28	\N	2025-06-02 04:35:38.428441+00	2025-06-02 04:35:38.428441+00
fcf4755f-1f72-4981-bdb1-5cce7ff8f2c4	a18b9637-c20f-428e-b6b7-a4a688e5b21a	2025-08-07	2025-08-07	2025-08-01	\N	2025-06-02 04:35:38.428441+00	2025-06-02 04:35:38.428441+00
e6b0b00a-06ed-405e-91ea-5c0f28f9fcc2	a18b9637-c20f-428e-b6b7-a4a688e5b21a	2025-08-14	2025-08-14	2025-08-11	\N	2025-06-02 04:35:38.428441+00	2025-06-02 04:35:38.428441+00
636de5d1-81d0-4d07-86cc-1940acebbca3	a18b9637-c20f-428e-b6b7-a4a688e5b21a	2025-08-21	2025-08-21	2025-08-18	\N	2025-06-02 04:35:38.428441+00	2025-06-02 04:35:38.428441+00
9db54785-ce3b-4ec6-bfbc-52e9cdc6beea	a18b9637-c20f-428e-b6b7-a4a688e5b21a	2025-08-28	2025-08-28	2025-08-25	\N	2025-06-02 04:35:38.428441+00	2025-06-02 04:35:38.428441+00
69ef89f0-ce23-4e72-8e39-f811f6fdbe7c	a18b9637-c20f-428e-b6b7-a4a688e5b21a	2025-09-04	2025-09-04	2025-09-01	\N	2025-06-02 04:35:38.428441+00	2025-06-02 04:35:38.428441+00
2e950f4a-80af-4d4e-97e9-bb9cce7ae7bc	a18b9637-c20f-428e-b6b7-a4a688e5b21a	2025-09-11	2025-09-11	2025-09-08	\N	2025-06-02 04:35:38.428441+00	2025-06-02 04:35:38.428441+00
8226500c-9ad4-41a7-b46d-0138a07d9ef1	a18b9637-c20f-428e-b6b7-a4a688e5b21a	2025-09-18	2025-09-18	2025-09-15	\N	2025-06-02 04:35:38.428441+00	2025-06-02 04:35:38.428441+00
3a25689c-e6f7-4d91-916c-ebc60a173fa2	a18b9637-c20f-428e-b6b7-a4a688e5b21a	2025-09-25	2025-09-25	2025-09-22	\N	2025-06-02 04:35:38.428441+00	2025-06-02 04:35:38.428441+00
60f274a4-37af-483c-9395-00cb174fe262	a18b9637-c20f-428e-b6b7-a4a688e5b21a	2025-10-02	2025-10-02	2025-09-26	\N	2025-06-02 04:35:38.428441+00	2025-06-02 04:35:38.428441+00
8c7e08b5-e6e0-4cc8-8822-3c411c597877	a18b9637-c20f-428e-b6b7-a4a688e5b21a	2025-10-09	2025-10-09	2025-10-03	\N	2025-06-02 04:35:38.428441+00	2025-06-02 04:35:38.428441+00
6e78d97a-2e2e-44c8-b119-ac4ad5f3c713	a18b9637-c20f-428e-b6b7-a4a688e5b21a	2025-10-16	2025-10-16	2025-10-13	\N	2025-06-02 04:35:38.428441+00	2025-06-02 04:35:38.428441+00
42c29df9-8937-4e72-90f8-bb6b2e8b1ac6	a18b9637-c20f-428e-b6b7-a4a688e5b21a	2025-10-23	2025-10-23	2025-10-20	\N	2025-06-02 04:35:38.428441+00	2025-06-02 04:35:38.428441+00
e6ab3b7d-5839-4c50-95ee-51ecb5eb1e0e	a18b9637-c20f-428e-b6b7-a4a688e5b21a	2025-10-30	2025-10-30	2025-10-27	\N	2025-06-02 04:35:38.428441+00	2025-06-02 04:35:38.428441+00
ae97065f-31e9-410e-ae65-6fe9ef765c9c	a18b9637-c20f-428e-b6b7-a4a688e5b21a	2025-11-06	2025-11-06	2025-10-31	\N	2025-06-02 04:35:38.428441+00	2025-06-02 04:35:38.428441+00
383f9181-8020-45ae-89fd-5122100e661c	a18b9637-c20f-428e-b6b7-a4a688e5b21a	2025-11-13	2025-11-13	2025-11-10	\N	2025-06-02 04:35:38.428441+00	2025-06-02 04:35:38.428441+00
7c445a1d-7061-406a-b161-2410cb851804	a18b9637-c20f-428e-b6b7-a4a688e5b21a	2025-11-20	2025-11-20	2025-11-17	\N	2025-06-02 04:35:38.428441+00	2025-06-02 04:35:38.428441+00
66816b66-d97e-47fd-996f-3cdfac5c5ec4	a18b9637-c20f-428e-b6b7-a4a688e5b21a	2025-11-27	2025-11-27	2025-11-24	\N	2025-06-02 04:35:38.428441+00	2025-06-02 04:35:38.428441+00
8e738a2f-12ce-41c5-84db-2ecbf37c282e	a18b9637-c20f-428e-b6b7-a4a688e5b21a	2025-12-04	2025-12-04	2025-12-01	\N	2025-06-02 04:35:38.428441+00	2025-06-02 04:35:38.428441+00
096465ab-3388-42b4-abe7-37079d6f11e2	a18b9637-c20f-428e-b6b7-a4a688e5b21a	2025-12-11	2025-12-11	2025-12-08	\N	2025-06-02 04:35:38.428441+00	2025-06-02 04:35:38.428441+00
82068dae-5625-42e2-8ca8-ecb6396c1f7f	a18b9637-c20f-428e-b6b7-a4a688e5b21a	2025-12-18	2025-12-18	2025-12-15	\N	2025-06-02 04:35:38.428441+00	2025-06-02 04:35:38.428441+00
f2590eac-40f0-4273-9fd3-d1c6a7817453	a18b9637-c20f-428e-b6b7-a4a688e5b21a	2025-12-25	2025-12-24	2025-12-19	Adjusted from Christmas Day (Thursday  25 Dec 2025) to previous business day (Wednesday 24 Dec 2025)	2025-06-02 04:35:38.428441+00	2025-06-02 04:35:38.428441+00
6ed4a4ab-0224-495c-8d62-c1c90955795a	a18b9637-c20f-428e-b6b7-a4a688e5b21a	2026-01-01	2025-12-31	2025-12-24	Adjusted from New Year's Day (Thursday  01 Jan 2026) to previous business day (Wednesday 31 Dec 2025)	2025-06-02 04:35:38.428441+00	2025-06-02 04:35:38.428441+00
8debc480-69f4-45b2-944a-a5d154e58311	a18b9637-c20f-428e-b6b7-a4a688e5b21a	2026-01-08	2026-01-08	2026-01-05	\N	2025-06-02 04:35:38.428441+00	2025-06-02 04:35:38.428441+00
518ffb9d-f97e-4c23-839d-958bf43686a7	a18b9637-c20f-428e-b6b7-a4a688e5b21a	2026-01-15	2026-01-15	2026-01-12	\N	2025-06-02 04:35:38.428441+00	2025-06-02 04:35:38.428441+00
1c943063-51e2-4552-80a8-35cff4b4f93b	a18b9637-c20f-428e-b6b7-a4a688e5b21a	2026-01-22	2026-01-22	2026-01-19	\N	2025-06-02 04:35:38.428441+00	2025-06-02 04:35:38.428441+00
f5024e5a-9618-4b7a-a8b3-a4b514fb813f	a18b9637-c20f-428e-b6b7-a4a688e5b21a	2026-01-29	2026-01-29	2026-01-23	\N	2025-06-02 04:35:38.428441+00	2025-06-02 04:35:38.428441+00
147cf467-0ab1-4ef0-9fec-b2da40e71872	a18b9637-c20f-428e-b6b7-a4a688e5b21a	2026-02-05	2026-02-05	2026-02-02	\N	2025-06-02 04:35:38.428441+00	2025-06-02 04:35:38.428441+00
fb63fb91-1ca4-42af-a446-d21ba34b05c9	a18b9637-c20f-428e-b6b7-a4a688e5b21a	2026-02-12	2026-02-12	2026-02-09	\N	2025-06-02 04:35:38.428441+00	2025-06-02 04:35:38.428441+00
1ad89cee-045e-48ae-8e26-7f10ffbb0aa4	a18b9637-c20f-428e-b6b7-a4a688e5b21a	2026-02-19	2026-02-19	2026-02-16	\N	2025-06-02 04:35:38.428441+00	2025-06-02 04:35:38.428441+00
30b09f76-28d9-4774-8387-f2cd7016a812	a18b9637-c20f-428e-b6b7-a4a688e5b21a	2026-02-26	2026-02-26	2026-02-23	\N	2025-06-02 04:35:38.428441+00	2025-06-02 04:35:38.428441+00
761d1956-1619-471f-875d-550709c8282e	3a03ada0-e7d0-4f2b-aa5a-a3adde11432e	2024-12-01	2024-12-02	2024-11-25	Adjusted from Sunday (01 Dec 2024) to next business day (Monday    02 Dec 2024)	2025-06-02 03:12:09.007685+00	2025-06-02 03:12:09.007685+00
bec7dd47-6b2a-4921-a8a6-b588b2690ad3	3a03ada0-e7d0-4f2b-aa5a-a3adde11432e	2025-01-01	2025-01-02	2024-12-23	Adjusted from New Year's Day (Wednesday 01 Jan 2025) to next business day (Thursday  02 Jan 2025)	2025-06-02 03:12:09.007685+00	2025-06-02 03:12:09.007685+00
761f7f16-c140-4fc0-8431-da746c53a762	3a03ada0-e7d0-4f2b-aa5a-a3adde11432e	2025-02-01	2025-02-03	2025-01-24	Adjusted from Saturday (01 Feb 2025) to next business day (Monday    03 Feb 2025)	2025-06-02 03:12:09.007685+00	2025-06-02 03:12:09.007685+00
96892834-8a35-41f8-8fd5-b2c0c61278a3	3a03ada0-e7d0-4f2b-aa5a-a3adde11432e	2025-03-01	2025-03-04	2025-02-24	Adjusted from Saturday (01 Mar 2025) to next business day (Tuesday   04 Mar 2025)	2025-06-02 03:12:09.007685+00	2025-06-02 03:12:09.007685+00
04820a79-2ee1-45f7-b8a0-b02dc7c21974	3a03ada0-e7d0-4f2b-aa5a-a3adde11432e	2025-04-01	2025-04-01	2025-03-25	\N	2025-06-02 03:12:09.007685+00	2025-06-02 03:12:09.007685+00
fac2c39a-085d-40ed-b80f-a6ba4da52367	3a03ada0-e7d0-4f2b-aa5a-a3adde11432e	2025-05-01	2025-05-01	2025-04-23	\N	2025-06-02 03:12:09.007685+00	2025-06-02 03:12:09.007685+00
b740687e-ca3a-4806-b2f4-0f3ea32c7131	3a03ada0-e7d0-4f2b-aa5a-a3adde11432e	2025-06-01	2025-06-03	2025-05-26	Adjusted from Sunday (01 Jun 2025) to next business day (Tuesday   03 Jun 2025)	2025-06-02 03:12:09.007685+00	2025-06-02 03:12:09.007685+00
7858d8bd-4790-40d2-9758-f010e55eec58	3a03ada0-e7d0-4f2b-aa5a-a3adde11432e	2025-07-01	2025-07-01	2025-06-24	\N	2025-06-02 03:12:09.007685+00	2025-06-02 03:12:09.007685+00
6d75c1d3-2b21-479f-b490-564394fe12c0	3a03ada0-e7d0-4f2b-aa5a-a3adde11432e	2025-08-01	2025-08-01	2025-07-25	\N	2025-06-02 03:12:09.007685+00	2025-06-02 03:12:09.007685+00
bb46ed63-deeb-498a-bb59-702b096e49df	3a03ada0-e7d0-4f2b-aa5a-a3adde11432e	2025-09-01	2025-09-01	2025-08-25	\N	2025-06-02 03:12:09.007685+00	2025-06-02 03:12:09.007685+00
bba6cd1d-6277-4fcd-afb5-57e8e3dc8b6d	3a03ada0-e7d0-4f2b-aa5a-a3adde11432e	2025-10-01	2025-10-01	2025-09-23	\N	2025-06-02 03:12:09.007685+00	2025-06-02 03:12:09.007685+00
08c0288e-0265-45d8-9345-e88a96ad514f	3a03ada0-e7d0-4f2b-aa5a-a3adde11432e	2025-11-01	2025-11-03	2025-10-27	Adjusted from Saturday (01 Nov 2025) to next business day (Monday    03 Nov 2025)	2025-06-02 03:12:09.007685+00	2025-06-02 03:12:09.007685+00
a31a2584-464f-4021-ab8c-34e2af4cc406	3a03ada0-e7d0-4f2b-aa5a-a3adde11432e	2025-12-01	2025-12-01	2025-11-24	\N	2025-06-02 03:12:09.007685+00	2025-06-02 03:12:09.007685+00
42c0f762-4bf5-4c2c-b373-5aa4736c6b4d	3a03ada0-e7d0-4f2b-aa5a-a3adde11432e	2026-01-01	2026-01-02	2025-12-23	Adjusted from New Year's Day (Thursday  01 Jan 2026) to next business day (Friday    02 Jan 2026)	2025-06-02 03:12:09.007685+00	2025-06-02 03:12:09.007685+00
ba024f1d-f50b-417b-ac70-39c1a3743031	3a03ada0-e7d0-4f2b-aa5a-a3adde11432e	2026-02-01	2026-02-02	2026-01-23	Adjusted from Sunday (01 Feb 2026) to next business day (Monday    02 Feb 2026)	2025-06-02 03:12:09.007685+00	2025-06-02 03:12:09.007685+00
0bfbf05b-15ff-41cf-a160-dc7bc118bae5	3a03ada0-e7d0-4f2b-aa5a-a3adde11432e	2026-03-01	2026-03-03	2026-02-23	Adjusted from Sunday (01 Mar 2026) to next business day (Tuesday   03 Mar 2026)	2025-06-02 03:12:09.007685+00	2025-06-02 03:12:09.007685+00
b68c31c4-ccc2-4d2b-a619-5b94fc73f754	3a03ada0-e7d0-4f2b-aa5a-a3adde11432e	2026-04-01	2026-04-01	2026-03-25	\N	2025-06-02 03:12:09.007685+00	2025-06-02 03:12:09.007685+00
6fed6438-da58-4681-bbb1-0240530a8e20	3a03ada0-e7d0-4f2b-aa5a-a3adde11432e	2026-05-01	2026-05-01	2026-04-24	\N	2025-06-02 03:12:09.007685+00	2025-06-02 03:12:09.007685+00
ca3b2727-ccee-4bbe-8306-c5d5d5a99aeb	3a03ada0-e7d0-4f2b-aa5a-a3adde11432e	2026-06-01	2026-06-02	2026-05-25	Adjusted from Reconciliation Day (Monday    01 Jun 2026) to next business day (Tuesday   02 Jun 2026)	2025-06-02 03:12:09.007685+00	2025-06-02 03:12:09.007685+00
a9192df5-cadb-4c70-84e3-7433825cf5a2	3a03ada0-e7d0-4f2b-aa5a-a3adde11432e	2026-07-01	2026-07-01	2026-06-24	\N	2025-06-02 03:12:09.007685+00	2025-06-02 03:12:09.007685+00
85bde0a6-0ea4-422b-ad4e-a0651456a98c	3a03ada0-e7d0-4f2b-aa5a-a3adde11432e	2026-08-01	2026-08-04	2026-07-27	Adjusted from Saturday (01 Aug 2026) to next business day (Tuesday   04 Aug 2026)	2025-06-02 03:12:09.007685+00	2025-06-02 03:12:09.007685+00
b4fd2a13-911b-483b-b657-26a40dff7798	3a03ada0-e7d0-4f2b-aa5a-a3adde11432e	2026-09-01	2026-09-01	2026-08-25	\N	2025-06-02 03:12:09.007685+00	2025-06-02 03:12:09.007685+00
608fb908-2f2f-4d0f-a0a9-5ee5d94bc036	3a03ada0-e7d0-4f2b-aa5a-a3adde11432e	2026-10-01	2026-10-01	2026-09-22	\N	2025-06-02 03:12:09.007685+00	2025-06-02 03:12:09.007685+00
11dc61ed-34f0-4df9-829f-71e8f5d7b8e2	9f8bddfa-e60e-4a7d-8227-51e66d964028	2025-06-05	2025-06-05	2025-05-26	\N	2025-06-02 04:30:17.461051+00	2025-06-02 04:30:17.461051+00
827bee48-c38c-4bbe-891e-41891ac09af3	3a03ada0-e7d0-4f2b-aa5a-a3adde11432e	2026-11-01	2026-11-02	2026-10-26	Adjusted from Sunday (01 Nov 2026) to next business day (Monday    02 Nov 2026)	2025-06-02 03:12:09.007685+00	2025-06-02 03:12:09.007685+00
1a86e8b4-d0e3-4a48-adf5-5d25df9eeebd	3a03ada0-e7d0-4f2b-aa5a-a3adde11432e	2026-12-01	2026-12-01	2026-11-24	\N	2025-06-02 03:12:09.007685+00	2025-06-02 03:12:09.007685+00
18fe2ff6-8c89-4cf9-a93a-b812123f029e	3a03ada0-e7d0-4f2b-aa5a-a3adde11432e	2027-01-01	2027-01-01	2026-12-23	\N	2025-06-02 03:12:09.007685+00	2025-06-02 03:12:09.007685+00
c1221da2-998a-4446-9016-bb9389670e26	3a03ada0-e7d0-4f2b-aa5a-a3adde11432e	2027-02-01	2027-02-01	2027-01-25	\N	2025-06-02 03:12:09.007685+00	2025-06-02 03:12:09.007685+00
d12c7546-3ad5-4c19-adc4-738f7614eb77	3a03ada0-e7d0-4f2b-aa5a-a3adde11432e	2027-03-01	2027-03-01	2027-02-22	\N	2025-06-02 03:12:09.007685+00	2025-06-02 03:12:09.007685+00
1bc7d2b2-816a-4a29-9e85-6e001d710b5c	3a03ada0-e7d0-4f2b-aa5a-a3adde11432e	2027-04-01	2027-04-01	2027-03-25	\N	2025-06-02 03:12:09.007685+00	2025-06-02 03:12:09.007685+00
f0dda74d-e66d-4631-8165-2dcb52e0f148	3a03ada0-e7d0-4f2b-aa5a-a3adde11432e	2027-05-01	2027-05-03	2027-04-26	Adjusted from Saturday (01 May 2027) to next business day (Monday    03 May 2027)	2025-06-02 03:12:09.007685+00	2025-06-02 03:12:09.007685+00
4cb64982-49e6-4415-a030-fa0f9ad6a019	3a03ada0-e7d0-4f2b-aa5a-a3adde11432e	2027-06-01	2027-06-01	2027-05-25	\N	2025-06-02 03:12:09.007685+00	2025-06-02 03:12:09.007685+00
9ff49106-2afb-4fb4-964c-1fdb0683ed40	d619e823-c753-425c-88e4-5e797d2bff48	2024-12-01	2024-11-29	2024-11-26	Adjusted from Sunday (01 Dec 2024) to previous business day (Friday    29 Nov 2024)	2025-06-02 03:12:09.032675+00	2025-06-02 03:12:09.032675+00
2403e21e-7f5b-40ea-a78b-f991d3c3c0ef	d619e823-c753-425c-88e4-5e797d2bff48	2025-03-01	2025-02-28	2025-02-25	Adjusted from Saturday (01 Mar 2025) to previous business day (Friday    28 Feb 2025)	2025-06-02 03:12:09.032675+00	2025-06-02 03:12:09.032675+00
9abf6f5f-b878-42d6-876a-5fdbdc888b7d	d619e823-c753-425c-88e4-5e797d2bff48	2025-06-01	2025-05-30	2025-05-27	Adjusted from Sunday (01 Jun 2025) to previous business day (Friday    30 May 2025)	2025-06-02 03:12:09.032675+00	2025-06-02 03:12:09.032675+00
a62d526f-06d8-4004-8a59-e24df24ef1a2	d619e823-c753-425c-88e4-5e797d2bff48	2025-09-01	2025-09-01	2025-08-27	\N	2025-06-02 03:12:09.032675+00	2025-06-02 03:12:09.032675+00
395b468d-0efb-487f-9566-9fea7fb1b9ba	d619e823-c753-425c-88e4-5e797d2bff48	2025-12-01	2025-12-01	2025-11-26	\N	2025-06-02 03:12:09.032675+00	2025-06-02 03:12:09.032675+00
d4bc2e28-d39c-43cf-902c-cce96ee47f21	d619e823-c753-425c-88e4-5e797d2bff48	2026-03-01	2026-02-27	2026-02-24	Adjusted from Sunday (01 Mar 2026) to previous business day (Friday    27 Feb 2026)	2025-06-02 03:12:09.032675+00	2025-06-02 03:12:09.032675+00
be0764a6-a467-47e7-b970-1a8c27bb2877	d619e823-c753-425c-88e4-5e797d2bff48	2026-06-01	2026-05-29	2026-05-26	Adjusted from Reconciliation Day (Monday    01 Jun 2026) to previous business day (Friday    29 May 2026)	2025-06-02 03:12:09.032675+00	2025-06-02 03:12:09.032675+00
54f4a6df-2df0-4fa0-bb6f-b248f47e8717	d619e823-c753-425c-88e4-5e797d2bff48	2026-09-01	2026-09-01	2026-08-27	\N	2025-06-02 03:12:09.032675+00	2025-06-02 03:12:09.032675+00
072aab5d-43a7-4e86-b2aa-57c968be83c8	d619e823-c753-425c-88e4-5e797d2bff48	2026-12-01	2026-12-01	2026-11-26	\N	2025-06-02 03:12:09.032675+00	2025-06-02 03:12:09.032675+00
0e4aaa01-ee24-4158-9418-fd300034a23b	d619e823-c753-425c-88e4-5e797d2bff48	2027-03-01	2027-03-01	2027-02-24	\N	2025-06-02 03:12:09.032675+00	2025-06-02 03:12:09.032675+00
11100df3-3755-4c46-9b82-609faaec4f1d	d619e823-c753-425c-88e4-5e797d2bff48	2027-06-01	2027-06-01	2027-05-27	\N	2025-06-02 03:12:09.032675+00	2025-06-02 03:12:09.032675+00
4d47da4d-7484-48c7-9c8a-02de02079b1f	17f681eb-3c58-4aa7-b6c1-9e75e2771a1d	2024-12-03	2024-12-03	2024-11-26	\N	2025-06-02 03:12:09.050612+00	2025-06-02 03:12:09.050612+00
c4f539ad-5195-4708-8626-90abe8b13c94	17f681eb-3c58-4aa7-b6c1-9e75e2771a1d	2024-12-10	2024-12-10	2024-12-03	\N	2025-06-02 03:12:09.050612+00	2025-06-02 03:12:09.050612+00
918515e0-956b-4ff3-b62d-bb957810cc5c	17f681eb-3c58-4aa7-b6c1-9e75e2771a1d	2024-12-17	2024-12-17	2024-12-10	\N	2025-06-02 03:12:09.050612+00	2025-06-02 03:12:09.050612+00
b51879b0-0ed5-488a-86db-ee1c2ce84875	17f681eb-3c58-4aa7-b6c1-9e75e2771a1d	2024-12-24	2024-12-24	2024-12-17	\N	2025-06-02 03:12:09.050612+00	2025-06-02 03:12:09.050612+00
7fc443f9-f4bf-44bc-9909-0c6949d6fa83	17f681eb-3c58-4aa7-b6c1-9e75e2771a1d	2024-12-31	2024-12-31	2024-12-20	\N	2025-06-02 03:12:09.050612+00	2025-06-02 03:12:09.050612+00
1573f7d6-b194-4702-ba89-aa289f3362e6	17f681eb-3c58-4aa7-b6c1-9e75e2771a1d	2025-01-07	2025-01-07	2024-12-30	\N	2025-06-02 03:12:09.050612+00	2025-06-02 03:12:09.050612+00
5e94b27c-ffe4-48ca-8492-acd4be0ca1fa	17f681eb-3c58-4aa7-b6c1-9e75e2771a1d	2025-01-14	2025-01-14	2025-01-07	\N	2025-06-02 03:12:09.050612+00	2025-06-02 03:12:09.050612+00
025d0fc6-d501-40d6-ae5d-428f54d77875	17f681eb-3c58-4aa7-b6c1-9e75e2771a1d	2025-01-21	2025-01-21	2025-01-14	\N	2025-06-02 03:12:09.050612+00	2025-06-02 03:12:09.050612+00
4056aa1f-cf90-4521-a5b3-1ea67f8f5fc5	17f681eb-3c58-4aa7-b6c1-9e75e2771a1d	2025-01-28	2025-01-28	2025-01-20	\N	2025-06-02 03:12:09.050612+00	2025-06-02 03:12:09.050612+00
5a10dfa9-3e69-4886-9440-31ca8f1d37a9	17f681eb-3c58-4aa7-b6c1-9e75e2771a1d	2025-02-04	2025-02-04	2025-01-28	\N	2025-06-02 03:12:09.050612+00	2025-06-02 03:12:09.050612+00
2a155d07-4a72-4161-ba8f-0433114be372	17f681eb-3c58-4aa7-b6c1-9e75e2771a1d	2025-02-11	2025-02-11	2025-02-04	\N	2025-06-02 03:12:09.050612+00	2025-06-02 03:12:09.050612+00
fc890c52-bfae-4672-b7d6-52d7d7c458df	17f681eb-3c58-4aa7-b6c1-9e75e2771a1d	2025-02-18	2025-02-18	2025-02-11	\N	2025-06-02 03:12:09.050612+00	2025-06-02 03:12:09.050612+00
b13b698f-4cb8-4bfe-a82c-5edb9872aa0a	17f681eb-3c58-4aa7-b6c1-9e75e2771a1d	2025-02-25	2025-02-25	2025-02-18	\N	2025-06-02 03:12:09.050612+00	2025-06-02 03:12:09.050612+00
f34cf701-962d-4ab8-b531-55f1774f042e	17f681eb-3c58-4aa7-b6c1-9e75e2771a1d	2025-03-04	2025-03-04	2025-02-24	\N	2025-06-02 03:12:09.050612+00	2025-06-02 03:12:09.050612+00
9f39b7ff-d629-4f5a-8d6f-773631296401	17f681eb-3c58-4aa7-b6c1-9e75e2771a1d	2025-03-11	2025-03-11	2025-02-28	\N	2025-06-02 03:12:09.050612+00	2025-06-02 03:12:09.050612+00
adcb2e6a-a4e1-466f-8f30-083b5d9b6754	17f681eb-3c58-4aa7-b6c1-9e75e2771a1d	2025-03-18	2025-03-18	2025-03-11	\N	2025-06-02 03:12:09.050612+00	2025-06-02 03:12:09.050612+00
63f55d54-6c12-4fbc-a727-8e20886d20d1	17f681eb-3c58-4aa7-b6c1-9e75e2771a1d	2025-03-25	2025-03-25	2025-03-18	\N	2025-06-02 03:12:09.050612+00	2025-06-02 03:12:09.050612+00
2f77402b-22ae-4b99-8f7b-7b02f3d37521	17f681eb-3c58-4aa7-b6c1-9e75e2771a1d	2025-04-01	2025-04-01	2025-03-25	\N	2025-06-02 03:12:09.050612+00	2025-06-02 03:12:09.050612+00
9358f228-757a-472e-8fea-57268fe441a1	17f681eb-3c58-4aa7-b6c1-9e75e2771a1d	2025-04-08	2025-04-08	2025-04-01	\N	2025-06-02 03:12:09.050612+00	2025-06-02 03:12:09.050612+00
c9c598b3-f211-4aea-a69f-a9468f658c83	17f681eb-3c58-4aa7-b6c1-9e75e2771a1d	2025-04-15	2025-04-15	2025-04-08	\N	2025-06-02 03:12:09.050612+00	2025-06-02 03:12:09.050612+00
74c313fe-8154-4774-9f02-45ca19917530	17f681eb-3c58-4aa7-b6c1-9e75e2771a1d	2025-04-22	2025-04-22	2025-04-11	\N	2025-06-02 03:12:09.050612+00	2025-06-02 03:12:09.050612+00
0bbd1e4c-d67f-426c-93b7-cc7fc1e3176e	17f681eb-3c58-4aa7-b6c1-9e75e2771a1d	2025-04-29	2025-04-29	2025-04-17	\N	2025-06-02 03:12:09.050612+00	2025-06-02 03:12:09.050612+00
d30482e2-865a-4e61-8f18-406d17e3cb50	17f681eb-3c58-4aa7-b6c1-9e75e2771a1d	2025-05-06	2025-05-06	2025-04-28	\N	2025-06-02 03:12:09.050612+00	2025-06-02 03:12:09.050612+00
8307f430-f5ed-4e23-bf72-4f78c961e45b	17f681eb-3c58-4aa7-b6c1-9e75e2771a1d	2025-05-13	2025-05-13	2025-05-06	\N	2025-06-02 03:12:09.050612+00	2025-06-02 03:12:09.050612+00
b63127bf-9333-4916-b555-ca4effbe40b0	17f681eb-3c58-4aa7-b6c1-9e75e2771a1d	2025-05-20	2025-05-20	2025-05-13	\N	2025-06-02 03:12:09.050612+00	2025-06-02 03:12:09.050612+00
5fa5340d-d1fa-4d7c-a6f6-dadf5af4fd16	17f681eb-3c58-4aa7-b6c1-9e75e2771a1d	2025-05-27	2025-05-27	2025-05-20	\N	2025-06-02 03:12:09.050612+00	2025-06-02 03:12:09.050612+00
05be98c9-b4cb-488a-a16f-f80444abe2f8	17f681eb-3c58-4aa7-b6c1-9e75e2771a1d	2025-06-03	2025-06-03	2025-05-26	\N	2025-06-02 03:12:09.050612+00	2025-06-02 03:12:09.050612+00
b9dab50c-06b3-4a5c-964f-96993b39c676	17f681eb-3c58-4aa7-b6c1-9e75e2771a1d	2025-06-10	2025-06-10	2025-05-30	\N	2025-06-02 03:12:09.050612+00	2025-06-02 03:12:09.050612+00
3ec3a536-bb22-47bf-b573-6902eb92d466	17f681eb-3c58-4aa7-b6c1-9e75e2771a1d	2025-06-17	2025-06-17	2025-06-10	\N	2025-06-02 03:12:09.050612+00	2025-06-02 03:12:09.050612+00
c7151530-0232-4d66-88b4-081c2fb2ec5f	17f681eb-3c58-4aa7-b6c1-9e75e2771a1d	2025-06-24	2025-06-24	2025-06-17	\N	2025-06-02 03:12:09.050612+00	2025-06-02 03:12:09.050612+00
bf982bce-6d16-4b8d-85c6-1196cd8a2a6f	17f681eb-3c58-4aa7-b6c1-9e75e2771a1d	2025-07-01	2025-07-01	2025-06-24	\N	2025-06-02 03:12:09.050612+00	2025-06-02 03:12:09.050612+00
93cec4c4-5c65-4f5a-a72b-a001e8ea6ec6	17f681eb-3c58-4aa7-b6c1-9e75e2771a1d	2025-07-08	2025-07-08	2025-07-01	\N	2025-06-02 03:12:09.050612+00	2025-06-02 03:12:09.050612+00
1e49338a-a35d-489f-b6cb-fd62f61b8014	17f681eb-3c58-4aa7-b6c1-9e75e2771a1d	2025-07-15	2025-07-15	2025-07-08	\N	2025-06-02 03:12:09.050612+00	2025-06-02 03:12:09.050612+00
c3a4fd08-5c5a-4be8-9a37-c562b5502825	17f681eb-3c58-4aa7-b6c1-9e75e2771a1d	2025-07-22	2025-07-22	2025-07-15	\N	2025-06-02 03:12:09.050612+00	2025-06-02 03:12:09.050612+00
566e54d3-6e4f-4dfe-8793-b20dbe829ad2	17f681eb-3c58-4aa7-b6c1-9e75e2771a1d	2025-07-29	2025-07-29	2025-07-22	\N	2025-06-02 03:12:09.050612+00	2025-06-02 03:12:09.050612+00
8661e5aa-5c99-419f-8e63-4d394047a4cb	17f681eb-3c58-4aa7-b6c1-9e75e2771a1d	2025-08-05	2025-08-05	2025-07-28	\N	2025-06-02 03:12:09.050612+00	2025-06-02 03:12:09.050612+00
94799702-576d-4e96-939d-27986a75cb85	17f681eb-3c58-4aa7-b6c1-9e75e2771a1d	2025-08-12	2025-08-12	2025-08-05	\N	2025-06-02 03:12:09.050612+00	2025-06-02 03:12:09.050612+00
8eb8f45a-4011-4562-914c-a67c50dd68e9	17f681eb-3c58-4aa7-b6c1-9e75e2771a1d	2025-08-19	2025-08-19	2025-08-12	\N	2025-06-02 03:12:09.050612+00	2025-06-02 03:12:09.050612+00
c96c3d21-bd9a-4786-87cf-51bf886cb1a5	17f681eb-3c58-4aa7-b6c1-9e75e2771a1d	2025-08-26	2025-08-26	2025-08-19	\N	2025-06-02 03:12:09.050612+00	2025-06-02 03:12:09.050612+00
c9a8aff6-76ec-4486-b7ea-e8bc34d53bf3	17f681eb-3c58-4aa7-b6c1-9e75e2771a1d	2025-09-02	2025-09-02	2025-08-26	\N	2025-06-02 03:12:09.050612+00	2025-06-02 03:12:09.050612+00
8dec231e-6b1a-4e9b-a283-08e7d54f96f8	17f681eb-3c58-4aa7-b6c1-9e75e2771a1d	2025-09-09	2025-09-09	2025-09-02	\N	2025-06-02 03:12:09.050612+00	2025-06-02 03:12:09.050612+00
d87bd521-cd7e-4d7c-a1eb-97630a8f7d37	17f681eb-3c58-4aa7-b6c1-9e75e2771a1d	2025-09-16	2025-09-16	2025-09-09	\N	2025-06-02 03:12:09.050612+00	2025-06-02 03:12:09.050612+00
2df78039-e1f1-4f9f-aa2f-dbda576be41d	17f681eb-3c58-4aa7-b6c1-9e75e2771a1d	2025-09-23	2025-09-23	2025-09-16	\N	2025-06-02 03:12:09.050612+00	2025-06-02 03:12:09.050612+00
149a0741-d4b6-4fef-b49a-c256b9fcb499	17f681eb-3c58-4aa7-b6c1-9e75e2771a1d	2025-09-30	2025-09-30	2025-09-22	\N	2025-06-02 03:12:09.050612+00	2025-06-02 03:12:09.050612+00
c10ff4a7-3bcd-4cc3-910b-8d1c51049218	17f681eb-3c58-4aa7-b6c1-9e75e2771a1d	2025-10-07	2025-10-07	2025-09-26	\N	2025-06-02 03:12:09.050612+00	2025-06-02 03:12:09.050612+00
a896e1f2-bee9-4fb2-8af1-a582a788844a	17f681eb-3c58-4aa7-b6c1-9e75e2771a1d	2025-10-14	2025-10-14	2025-10-07	\N	2025-06-02 03:12:09.050612+00	2025-06-02 03:12:09.050612+00
4125f810-e800-42ee-9eef-c17846100054	17f681eb-3c58-4aa7-b6c1-9e75e2771a1d	2025-10-21	2025-10-21	2025-10-14	\N	2025-06-02 03:12:09.050612+00	2025-06-02 03:12:09.050612+00
40f8c2d2-54dc-4f7d-87e3-7006ed88120f	17f681eb-3c58-4aa7-b6c1-9e75e2771a1d	2025-10-28	2025-10-28	2025-10-21	\N	2025-06-02 03:12:09.050612+00	2025-06-02 03:12:09.050612+00
b7aa8044-2cc7-470f-ae13-f95a5a8b16d7	17f681eb-3c58-4aa7-b6c1-9e75e2771a1d	2025-11-04	2025-11-03	2025-10-27	Adjusted from Melbourne Cup (Tuesday   04 Nov 2025) to previous business day (Monday    03 Nov 2025)	2025-06-02 03:12:09.050612+00	2025-06-02 03:12:09.050612+00
fffd297b-b29f-4e5a-a865-3b4c4e8523d5	17f681eb-3c58-4aa7-b6c1-9e75e2771a1d	2025-11-11	2025-11-11	2025-11-03	\N	2025-06-02 03:12:09.050612+00	2025-06-02 03:12:09.050612+00
83a1dd94-da19-4884-bd44-a56ab35c44f3	17f681eb-3c58-4aa7-b6c1-9e75e2771a1d	2025-11-18	2025-11-18	2025-11-11	\N	2025-06-02 03:12:09.050612+00	2025-06-02 03:12:09.050612+00
546aa9a6-78f7-47c3-a538-af72430a75e7	17f681eb-3c58-4aa7-b6c1-9e75e2771a1d	2025-11-25	2025-11-25	2025-11-18	\N	2025-06-02 03:12:09.050612+00	2025-06-02 03:12:09.050612+00
1ef66790-17cd-4b36-9719-33c3eee71ed9	8077082b-4473-4547-aa9c-f1da8ac4b91a	2024-12-11	2024-12-11	2024-12-05	\N	2025-06-02 03:12:09.078611+00	2025-06-02 03:12:09.078611+00
e9974e0c-c285-45d4-9130-7c6ae031900d	8077082b-4473-4547-aa9c-f1da8ac4b91a	2025-01-01	2024-12-31	2024-12-23	Adjusted from New Year's Day (Wednesday 01 Jan 2025) to previous business day (Tuesday   31 Dec 2024)	2025-06-02 03:12:09.078611+00	2025-06-02 03:12:09.078611+00
4f919922-ee2a-4093-8d2a-40b250384a5b	8077082b-4473-4547-aa9c-f1da8ac4b91a	2025-01-15	2025-01-15	2025-01-09	\N	2025-06-02 03:12:09.078611+00	2025-06-02 03:12:09.078611+00
43532d55-a3b9-4b49-89de-e11549d1da39	8077082b-4473-4547-aa9c-f1da8ac4b91a	2025-01-29	2025-01-29	2025-01-22	\N	2025-06-02 03:12:09.078611+00	2025-06-02 03:12:09.078611+00
59691b37-91c0-4179-bd2c-aaeaa24c820c	8077082b-4473-4547-aa9c-f1da8ac4b91a	2025-02-12	2025-02-12	2025-02-06	\N	2025-06-02 03:12:09.078611+00	2025-06-02 03:12:09.078611+00
8cce77b9-4a5e-4026-85e0-c7a3375fcd81	8077082b-4473-4547-aa9c-f1da8ac4b91a	2025-02-26	2025-02-26	2025-02-20	\N	2025-06-02 03:12:09.078611+00	2025-06-02 03:12:09.078611+00
90842461-4c7f-429f-8ee2-96d387082160	8077082b-4473-4547-aa9c-f1da8ac4b91a	2025-03-12	2025-03-12	2025-03-05	\N	2025-06-02 03:12:09.078611+00	2025-06-02 03:12:09.078611+00
80a4441c-0230-453f-9a91-426fe04ddde2	8077082b-4473-4547-aa9c-f1da8ac4b91a	2025-03-26	2025-03-26	2025-03-20	\N	2025-06-02 03:12:09.078611+00	2025-06-02 03:12:09.078611+00
9436c304-827e-43e7-9c1e-e19895f35cec	8077082b-4473-4547-aa9c-f1da8ac4b91a	2025-04-09	2025-04-09	2025-04-03	\N	2025-06-02 03:12:09.078611+00	2025-06-02 03:12:09.078611+00
687b5a71-4658-4081-a45f-7f22b87143b9	8077082b-4473-4547-aa9c-f1da8ac4b91a	2025-04-23	2025-04-23	2025-04-15	\N	2025-06-02 03:12:09.078611+00	2025-06-02 03:12:09.078611+00
a17512fd-e1f2-4df4-9a93-8acbe5ca06ac	8077082b-4473-4547-aa9c-f1da8ac4b91a	2025-05-07	2025-05-07	2025-04-30	\N	2025-06-02 03:12:09.078611+00	2025-06-02 03:12:09.078611+00
7a47ec50-f196-4774-9651-36ffeb8d3bdb	8077082b-4473-4547-aa9c-f1da8ac4b91a	2025-05-21	2025-05-21	2025-05-15	\N	2025-06-02 03:12:09.078611+00	2025-06-02 03:12:09.078611+00
eb3bcf0a-2816-4718-bc43-126c5c9c4911	a18b9637-c20f-428e-b6b7-a4a688e5b21a	2026-03-05	2026-03-05	2026-02-27	\N	2025-06-02 04:35:38.428441+00	2025-06-02 04:35:38.428441+00
5e1867e2-e365-4427-b7e2-94cb358f52a8	a18b9637-c20f-428e-b6b7-a4a688e5b21a	2026-03-12	2026-03-12	2026-03-06	\N	2025-06-02 04:35:38.428441+00	2025-06-02 04:35:38.428441+00
881a91e2-f127-4ef1-9cec-fd31fd0e8eb4	a18b9637-c20f-428e-b6b7-a4a688e5b21a	2026-03-19	2026-03-19	2026-03-16	\N	2025-06-02 04:35:38.428441+00	2025-06-02 04:35:38.428441+00
932cb96d-60ab-4196-8394-2d6ab4a1a4ed	a18b9637-c20f-428e-b6b7-a4a688e5b21a	2026-03-26	2026-03-26	2026-03-23	\N	2025-06-02 04:35:38.428441+00	2025-06-02 04:35:38.428441+00
7da0b737-1609-4dac-bbdb-8131c3d1761c	a18b9637-c20f-428e-b6b7-a4a688e5b21a	2026-04-02	2026-04-02	2026-03-30	\N	2025-06-02 04:35:38.428441+00	2025-06-02 04:35:38.428441+00
699ce3b0-a957-4aed-b1be-869abb13a2e3	a18b9637-c20f-428e-b6b7-a4a688e5b21a	2026-04-09	2026-04-09	2026-04-02	\N	2025-06-02 04:35:38.428441+00	2025-06-02 04:35:38.428441+00
166a3882-3fc9-49bc-801d-39cba9cd35b8	a18b9637-c20f-428e-b6b7-a4a688e5b21a	2026-04-16	2026-04-16	2026-04-13	\N	2025-06-02 04:35:38.428441+00	2025-06-02 04:35:38.428441+00
08f68af4-e7a0-4537-abe8-ccf9560cb5b4	a18b9637-c20f-428e-b6b7-a4a688e5b21a	2026-04-23	2026-04-23	2026-04-20	\N	2025-06-02 04:35:38.428441+00	2025-06-02 04:35:38.428441+00
177bb9f3-b7f7-453c-8944-e01e7b7fda91	a18b9637-c20f-428e-b6b7-a4a688e5b21a	2026-04-30	2026-04-30	2026-04-27	\N	2025-06-02 04:35:38.428441+00	2025-06-02 04:35:38.428441+00
4b19c8e0-6db0-43b9-bbd1-4a94a2aa3ce9	a18b9637-c20f-428e-b6b7-a4a688e5b21a	2026-05-07	2026-05-07	2026-05-01	\N	2025-06-02 04:35:38.428441+00	2025-06-02 04:35:38.428441+00
948bcf08-b611-4dad-8a3b-edb9eb84caf0	a18b9637-c20f-428e-b6b7-a4a688e5b21a	2026-05-14	2026-05-14	2026-05-11	\N	2025-06-02 04:35:38.428441+00	2025-06-02 04:35:38.428441+00
3f6ac5e4-e484-41d0-a722-d7f9b7fe0fb5	a18b9637-c20f-428e-b6b7-a4a688e5b21a	2026-05-21	2026-05-21	2026-05-18	\N	2025-06-02 04:35:38.428441+00	2025-06-02 04:35:38.428441+00
ae5d3646-0a25-428e-bdac-77db0d039dd0	a18b9637-c20f-428e-b6b7-a4a688e5b21a	2026-05-28	2026-05-28	2026-05-25	\N	2025-06-02 04:35:38.428441+00	2025-06-02 04:35:38.428441+00
77e4e3eb-505f-4c29-917f-979760e3b3cb	f45e433b-fce5-4c95-bf24-364c66792709	2024-12-25	2024-12-24	2024-12-16	Adjusted from Christmas Day (Wednesday 25 Dec 2024) to previous business day (Tuesday   24 Dec 2024)	2025-06-02 03:12:09.102621+00	2025-06-02 03:12:09.102621+00
38494e5b-330d-4bf6-b26c-1f07bf2b14d2	f45e433b-fce5-4c95-bf24-364c66792709	2025-01-25	2025-01-24	2025-01-16	Adjusted from Saturday (25 Jan 2025) to previous business day (Friday    24 Jan 2025)	2025-06-02 03:12:09.102621+00	2025-06-02 03:12:09.102621+00
395cb476-3c27-45e5-9b07-96968e682313	f45e433b-fce5-4c95-bf24-364c66792709	2025-02-25	2025-02-25	2025-02-17	\N	2025-06-02 03:12:09.102621+00	2025-06-02 03:12:09.102621+00
466d8997-8db2-4543-8c44-e5458f1ed96e	f45e433b-fce5-4c95-bf24-364c66792709	2025-03-25	2025-03-25	2025-03-17	\N	2025-06-02 03:12:09.102621+00	2025-06-02 03:12:09.102621+00
7e55a195-086e-4176-acaf-c414a061ddb7	f45e433b-fce5-4c95-bf24-364c66792709	2025-04-25	2025-04-24	2025-04-14	Adjusted from Anzac Day (Friday    25 Apr 2025) to previous business day (Thursday  24 Apr 2025)	2025-06-02 03:12:09.102621+00	2025-06-02 03:12:09.102621+00
68a60db8-7e7a-4d44-b6da-931d4562b488	f45e433b-fce5-4c95-bf24-364c66792709	2025-05-25	2025-05-23	2025-05-15	Adjusted from Sunday (25 May 2025) to previous business day (Friday    23 May 2025)	2025-06-02 03:12:09.102621+00	2025-06-02 03:12:09.102621+00
41a38c82-afb9-440d-abee-e5f5bdd2ffe3	f45e433b-fce5-4c95-bf24-364c66792709	2025-06-25	2025-06-25	2025-06-17	\N	2025-06-02 03:12:09.102621+00	2025-06-02 03:12:09.102621+00
bd2083b6-b6f8-41c4-b411-a367dba26157	f45e433b-fce5-4c95-bf24-364c66792709	2025-07-25	2025-07-25	2025-07-17	\N	2025-06-02 03:12:09.102621+00	2025-06-02 03:12:09.102621+00
8d2c85ac-528f-49dd-bad5-75ad992e65ae	f45e433b-fce5-4c95-bf24-364c66792709	2025-08-25	2025-08-25	2025-08-15	\N	2025-06-02 03:12:09.102621+00	2025-06-02 03:12:09.102621+00
d5652222-5dcd-4d5a-8c33-ed43a8b8acf5	f45e433b-fce5-4c95-bf24-364c66792709	2025-09-25	2025-09-25	2025-09-17	\N	2025-06-02 03:12:09.102621+00	2025-06-02 03:12:09.102621+00
e9a86167-3d23-497d-8ece-5128ba035a90	f45e433b-fce5-4c95-bf24-364c66792709	2025-10-25	2025-10-24	2025-10-16	Adjusted from Saturday (25 Oct 2025) to previous business day (Friday    24 Oct 2025)	2025-06-02 03:12:09.102621+00	2025-06-02 03:12:09.102621+00
6c521733-1c51-40af-b32c-8a8dbc84b8e0	f45e433b-fce5-4c95-bf24-364c66792709	2025-11-25	2025-11-25	2025-11-17	\N	2025-06-02 03:12:09.102621+00	2025-06-02 03:12:09.102621+00
d91f4738-fecf-4579-8031-72ca1c71cf56	f45e433b-fce5-4c95-bf24-364c66792709	2025-12-25	2025-12-24	2025-12-16	Adjusted from Christmas Day (Thursday  25 Dec 2025) to previous business day (Wednesday 24 Dec 2025)	2025-06-02 03:12:09.102621+00	2025-06-02 03:12:09.102621+00
96ee0660-ec5e-47f4-9400-3c055aa8a32f	f45e433b-fce5-4c95-bf24-364c66792709	2026-01-25	2026-01-23	2026-01-15	Adjusted from Sunday (25 Jan 2026) to previous business day (Friday    23 Jan 2026)	2025-06-02 03:12:09.102621+00	2025-06-02 03:12:09.102621+00
787134cc-347f-47cd-9996-acfb4fed281b	f45e433b-fce5-4c95-bf24-364c66792709	2026-02-25	2026-02-25	2026-02-17	\N	2025-06-02 03:12:09.102621+00	2025-06-02 03:12:09.102621+00
03324fe1-df0c-4b81-b755-cd90e5b2d3cc	f45e433b-fce5-4c95-bf24-364c66792709	2026-03-25	2026-03-25	2026-03-17	\N	2025-06-02 03:12:09.102621+00	2025-06-02 03:12:09.102621+00
e612379b-1cdf-444c-8673-a225f77bedf1	f45e433b-fce5-4c95-bf24-364c66792709	2026-04-25	2026-04-24	2026-04-16	Adjusted from Anzac Day (Saturday  25 Apr 2026) to previous business day (Friday    24 Apr 2026)	2025-06-02 03:12:09.102621+00	2025-06-02 03:12:09.102621+00
3d49bea8-5c82-4694-bfd5-2e09cfa935aa	f45e433b-fce5-4c95-bf24-364c66792709	2026-05-25	2026-05-25	2026-05-15	\N	2025-06-02 03:12:09.102621+00	2025-06-02 03:12:09.102621+00
0f562a8f-4ee9-4399-9131-16c55df0ea48	f45e433b-fce5-4c95-bf24-364c66792709	2026-06-25	2026-06-25	2026-06-17	\N	2025-06-02 03:12:09.102621+00	2025-06-02 03:12:09.102621+00
b1ac2fd2-2860-4471-8b53-3b3c95afb47d	f45e433b-fce5-4c95-bf24-364c66792709	2026-07-25	2026-07-24	2026-07-16	Adjusted from Saturday (25 Jul 2026) to previous business day (Friday    24 Jul 2026)	2025-06-02 03:12:09.102621+00	2025-06-02 03:12:09.102621+00
b7ee3291-cbad-47f8-8832-dfd6bc93ca7a	f45e433b-fce5-4c95-bf24-364c66792709	2026-08-25	2026-08-25	2026-08-17	\N	2025-06-02 03:12:09.102621+00	2025-06-02 03:12:09.102621+00
0a4006f5-41c8-44a4-9001-301b69bc48c9	f45e433b-fce5-4c95-bf24-364c66792709	2026-09-25	2026-09-24	2026-09-16	Adjusted from Friday before AFL Grand Final (Tentative Date) (Friday    25 Sep 2026) to previous business day (Thursday  24 Sep 2026)	2025-06-02 03:12:09.102621+00	2025-06-02 03:12:09.102621+00
00e00610-73a8-4649-9f9d-aa607992ccac	f45e433b-fce5-4c95-bf24-364c66792709	2026-10-25	2026-10-23	2026-10-15	Adjusted from Sunday (25 Oct 2026) to previous business day (Friday    23 Oct 2026)	2025-06-02 03:12:09.102621+00	2025-06-02 03:12:09.102621+00
d30b753a-a0db-4f7c-a443-938f700d2838	f45e433b-fce5-4c95-bf24-364c66792709	2026-11-25	2026-11-25	2026-11-17	\N	2025-06-02 03:12:09.102621+00	2025-06-02 03:12:09.102621+00
f93f858a-5b60-48ee-8c9f-c214a5ebbe4a	f45e433b-fce5-4c95-bf24-364c66792709	2026-12-25	2026-12-24	2026-12-16	Adjusted from Christmas Day (Friday    25 Dec 2026) to previous business day (Thursday  24 Dec 2026)	2025-06-02 03:12:09.102621+00	2025-06-02 03:12:09.102621+00
26defa0b-e4be-46ce-92cc-eb18000e9a16	f45e433b-fce5-4c95-bf24-364c66792709	2027-01-25	2027-01-25	2027-01-15	\N	2025-06-02 03:12:09.102621+00	2025-06-02 03:12:09.102621+00
052a8e7c-41e4-4e6a-bec8-ceca344c5feb	f45e433b-fce5-4c95-bf24-364c66792709	2027-02-25	2027-02-25	2027-02-17	\N	2025-06-02 03:12:09.102621+00	2025-06-02 03:12:09.102621+00
ed32af99-1bb8-443e-8eb1-a3b135739038	f45e433b-fce5-4c95-bf24-364c66792709	2027-03-25	2027-03-25	2027-03-17	\N	2025-06-02 03:12:09.102621+00	2025-06-02 03:12:09.102621+00
ec4685ab-941b-491b-abbf-3273f1399895	f45e433b-fce5-4c95-bf24-364c66792709	2027-04-25	2027-04-23	2027-04-15	Adjusted from Sunday (25 Apr 2027) to previous business day (Friday    23 Apr 2027)	2025-06-02 03:12:09.102621+00	2025-06-02 03:12:09.102621+00
e12a82f6-e7cb-4203-9a55-aa656496a7eb	f45e433b-fce5-4c95-bf24-364c66792709	2027-05-25	2027-05-25	2027-05-17	\N	2025-06-02 03:12:09.102621+00	2025-06-02 03:12:09.102621+00
6667729e-0ef9-4e8c-b5fc-60d3efd07400	f45e433b-fce5-4c95-bf24-364c66792709	2027-06-25	2027-06-25	2027-06-17	\N	2025-06-02 03:12:09.102621+00	2025-06-02 03:12:09.102621+00
10ab7055-e044-41bc-aed9-f8a5e5c93251	9f8bddfa-e60e-4a7d-8227-51e66d964028	2025-06-19	2025-06-19	2025-06-10	\N	2025-06-02 04:30:17.461051+00	2025-06-02 04:30:17.461051+00
ebf22994-6849-4163-9035-32e8ddde109a	2b70eb57-bd0f-4b4c-9341-870fb9df1f60	2024-12-01	2024-11-29	2024-11-22	Adjusted from Sunday (01 Dec 2024) to previous business day (Friday    29 Nov 2024)	2025-06-02 03:12:09.127644+00	2025-06-02 03:12:09.127644+00
3ea01b32-9e8f-4b1c-b8e9-c995bb23b264	2b70eb57-bd0f-4b4c-9341-870fb9df1f60	2025-03-01	2025-02-28	2025-02-21	Adjusted from Saturday (01 Mar 2025) to previous business day (Friday    28 Feb 2025)	2025-06-02 03:12:09.127644+00	2025-06-02 03:12:09.127644+00
a06e4a2c-ee07-428a-a38d-a11cee5eec50	2b70eb57-bd0f-4b4c-9341-870fb9df1f60	2025-06-01	2025-05-30	2025-05-23	Adjusted from Sunday (01 Jun 2025) to previous business day (Friday    30 May 2025)	2025-06-02 03:12:09.127644+00	2025-06-02 03:12:09.127644+00
639cdcfe-e06f-4c40-b040-9aff668dbeb5	2b70eb57-bd0f-4b4c-9341-870fb9df1f60	2025-09-01	2025-09-01	2025-08-25	\N	2025-06-02 03:12:09.127644+00	2025-06-02 03:12:09.127644+00
86ce8cb8-6d13-4f21-963d-bd67d792f90f	2b70eb57-bd0f-4b4c-9341-870fb9df1f60	2025-12-01	2025-12-01	2025-11-24	\N	2025-06-02 03:12:09.127644+00	2025-06-02 03:12:09.127644+00
6ac37659-6948-4a51-bc59-888393139c9f	2b70eb57-bd0f-4b4c-9341-870fb9df1f60	2026-03-01	2026-02-27	2026-02-20	Adjusted from Sunday (01 Mar 2026) to previous business day (Friday    27 Feb 2026)	2025-06-02 03:12:09.127644+00	2025-06-02 03:12:09.127644+00
0dfc8f47-5d3d-4a69-8129-3ec3501184ac	2b70eb57-bd0f-4b4c-9341-870fb9df1f60	2026-06-01	2026-05-29	2026-05-22	Adjusted from Reconciliation Day (Monday    01 Jun 2026) to previous business day (Friday    29 May 2026)	2025-06-02 03:12:09.127644+00	2025-06-02 03:12:09.127644+00
3ea7f944-c4a2-4297-96b5-8802868ba364	2b70eb57-bd0f-4b4c-9341-870fb9df1f60	2026-09-01	2026-09-01	2026-08-25	\N	2025-06-02 03:12:09.127644+00	2025-06-02 03:12:09.127644+00
6317bbfb-94b5-4cc4-87ba-318e2ee94d20	2b70eb57-bd0f-4b4c-9341-870fb9df1f60	2026-12-01	2026-12-01	2026-11-24	\N	2025-06-02 03:12:09.127644+00	2025-06-02 03:12:09.127644+00
30254970-0365-498e-bd37-748599a481f9	2b70eb57-bd0f-4b4c-9341-870fb9df1f60	2027-03-01	2027-03-01	2027-02-22	\N	2025-06-02 03:12:09.127644+00	2025-06-02 03:12:09.127644+00
0dd66cef-7fa4-4e13-9eab-7471f377190d	2b70eb57-bd0f-4b4c-9341-870fb9df1f60	2027-06-01	2027-06-01	2027-05-25	\N	2025-06-02 03:12:09.127644+00	2025-06-02 03:12:09.127644+00
053c093e-12aa-4158-830c-05af63062781	90070d99-0c19-448f-a940-8afb852cf106	2024-12-15	2024-12-16	2024-12-06	Adjusted from Sunday (15 Dec 2024) to next business day (Monday    16 Dec 2024)	2025-06-02 03:12:09.142586+00	2025-06-02 03:12:09.142586+00
1f3b4cf1-6ca7-4da1-8783-ea3b4adfa5f6	90070d99-0c19-448f-a940-8afb852cf106	2025-01-15	2025-01-15	2025-01-07	\N	2025-06-02 03:12:09.142586+00	2025-06-02 03:12:09.142586+00
38ea40e0-d82d-40cf-867b-082762bda23e	90070d99-0c19-448f-a940-8afb852cf106	2025-02-14	2025-02-14	2025-02-06	\N	2025-06-02 03:12:09.142586+00	2025-06-02 03:12:09.142586+00
dcae62bb-7d21-47ed-9a71-27400fca83a3	90070d99-0c19-448f-a940-8afb852cf106	2025-03-15	2025-03-17	2025-03-06	Adjusted from Saturday (15 Mar 2025) to next business day (Monday    17 Mar 2025)	2025-06-02 03:12:09.142586+00	2025-06-02 03:12:09.142586+00
2ebcb4a2-2994-4d97-9579-364fec781c45	90070d99-0c19-448f-a940-8afb852cf106	2025-04-15	2025-04-15	2025-04-07	\N	2025-06-02 03:12:09.142586+00	2025-06-02 03:12:09.142586+00
63d9fc43-2bf4-4b7d-aae9-124d9740f1d2	90070d99-0c19-448f-a940-8afb852cf106	2025-05-15	2025-05-15	2025-05-07	\N	2025-06-02 03:12:09.142586+00	2025-06-02 03:12:09.142586+00
22eff701-5f2e-48d4-9df7-3f198f4a6061	90070d99-0c19-448f-a940-8afb852cf106	2025-06-15	2025-06-16	2025-06-05	Adjusted from Sunday (15 Jun 2025) to next business day (Monday    16 Jun 2025)	2025-06-02 03:12:09.142586+00	2025-06-02 03:12:09.142586+00
7d1cae92-6fbe-4601-9f8a-0be942bd2816	90070d99-0c19-448f-a940-8afb852cf106	2025-07-15	2025-07-15	2025-07-07	\N	2025-06-02 03:12:09.142586+00	2025-06-02 03:12:09.142586+00
23051090-d095-4a90-ad90-1fae7bb65613	90070d99-0c19-448f-a940-8afb852cf106	2025-08-15	2025-08-15	2025-08-07	\N	2025-06-02 03:12:09.142586+00	2025-06-02 03:12:09.142586+00
ffd46a6f-ed08-432a-9dd3-e24b69bb5cc7	90070d99-0c19-448f-a940-8afb852cf106	2025-09-15	2025-09-15	2025-09-05	\N	2025-06-02 03:12:09.142586+00	2025-06-02 03:12:09.142586+00
42e3dbc8-4f4e-45b1-bb1f-227bb222732d	90070d99-0c19-448f-a940-8afb852cf106	2025-10-15	2025-10-15	2025-10-07	\N	2025-06-02 03:12:09.142586+00	2025-06-02 03:12:09.142586+00
179fbd95-7cfd-4879-b60a-c9ffd38b6994	90070d99-0c19-448f-a940-8afb852cf106	2025-11-15	2025-11-17	2025-11-07	Adjusted from Saturday (15 Nov 2025) to next business day (Monday    17 Nov 2025)	2025-06-02 03:12:09.142586+00	2025-06-02 03:12:09.142586+00
42566a49-7f94-4705-bc85-655ae31c4feb	90070d99-0c19-448f-a940-8afb852cf106	2025-12-15	2025-12-15	2025-12-05	\N	2025-06-02 03:12:09.142586+00	2025-06-02 03:12:09.142586+00
26a97ee6-fe96-435a-89e2-23537d7404c0	90070d99-0c19-448f-a940-8afb852cf106	2026-01-15	2026-01-15	2026-01-07	\N	2025-06-02 03:12:09.142586+00	2025-06-02 03:12:09.142586+00
6a5809df-9055-46c0-b2c6-8bfb5e842ce8	90070d99-0c19-448f-a940-8afb852cf106	2026-02-14	2026-02-16	2026-02-06	Adjusted from Saturday (14 Feb 2026) to next business day (Monday    16 Feb 2026)	2025-06-02 03:12:09.142586+00	2025-06-02 03:12:09.142586+00
27b20780-63e7-4705-910e-7509267e6013	90070d99-0c19-448f-a940-8afb852cf106	2026-03-15	2026-03-16	2026-03-05	Adjusted from Sunday (15 Mar 2026) to next business day (Monday    16 Mar 2026)	2025-06-02 03:12:09.142586+00	2025-06-02 03:12:09.142586+00
39226f57-bd82-4757-86e1-864e0c295442	90070d99-0c19-448f-a940-8afb852cf106	2026-04-15	2026-04-15	2026-04-07	\N	2025-06-02 03:12:09.142586+00	2025-06-02 03:12:09.142586+00
5b68991a-6aef-4e05-9630-09bb95757ecb	90070d99-0c19-448f-a940-8afb852cf106	2026-05-15	2026-05-15	2026-05-07	\N	2025-06-02 03:12:09.142586+00	2025-06-02 03:12:09.142586+00
041de67e-3a7f-4cf7-96fc-d2a4bbe730d1	90070d99-0c19-448f-a940-8afb852cf106	2026-06-15	2026-06-15	2026-06-04	\N	2025-06-02 03:12:09.142586+00	2025-06-02 03:12:09.142586+00
30d9c937-7942-4b2d-a26c-c03beaa9c8c2	90070d99-0c19-448f-a940-8afb852cf106	2026-07-15	2026-07-15	2026-07-07	\N	2025-06-02 03:12:09.142586+00	2025-06-02 03:12:09.142586+00
e80748fe-950a-4435-b924-e746db87a416	90070d99-0c19-448f-a940-8afb852cf106	2026-08-15	2026-08-17	2026-08-07	Adjusted from Saturday (15 Aug 2026) to next business day (Monday    17 Aug 2026)	2025-06-02 03:12:09.142586+00	2025-06-02 03:12:09.142586+00
6ac98912-a9b5-481d-bed2-dcbb5eeb5c13	90070d99-0c19-448f-a940-8afb852cf106	2026-09-15	2026-09-15	2026-09-07	\N	2025-06-02 03:12:09.142586+00	2025-06-02 03:12:09.142586+00
31a253bf-48c1-456c-bec8-1b9bf3fe40a0	90070d99-0c19-448f-a940-8afb852cf106	2026-10-15	2026-10-15	2026-10-07	\N	2025-06-02 03:12:09.142586+00	2025-06-02 03:12:09.142586+00
c5855278-5512-485d-9823-18d7f482e56c	90070d99-0c19-448f-a940-8afb852cf106	2026-11-15	2026-11-16	2026-11-06	Adjusted from Sunday (15 Nov 2026) to next business day (Monday    16 Nov 2026)	2025-06-02 03:12:09.142586+00	2025-06-02 03:12:09.142586+00
0ffbdd64-8023-4c58-b430-d6b6ebdd21f4	90070d99-0c19-448f-a940-8afb852cf106	2026-12-15	2026-12-15	2026-12-07	\N	2025-06-02 03:12:09.142586+00	2025-06-02 03:12:09.142586+00
fc9626dd-c371-4733-9408-3b76946da03b	90070d99-0c19-448f-a940-8afb852cf106	2027-01-15	2027-01-15	2027-01-07	\N	2025-06-02 03:12:09.142586+00	2025-06-02 03:12:09.142586+00
d6a5a274-f75b-4dac-a2c4-fd379355c1ea	90070d99-0c19-448f-a940-8afb852cf106	2027-02-14	2027-02-15	2027-02-05	Adjusted from Sunday (14 Feb 2027) to next business day (Monday    15 Feb 2027)	2025-06-02 03:12:09.142586+00	2025-06-02 03:12:09.142586+00
ddb918dc-a3fd-4bda-9102-4066e3cbc939	90070d99-0c19-448f-a940-8afb852cf106	2027-03-15	2027-03-15	2027-03-05	\N	2025-06-02 03:12:09.142586+00	2025-06-02 03:12:09.142586+00
87da3f22-bff8-4762-998a-07e463e78670	90070d99-0c19-448f-a940-8afb852cf106	2027-04-15	2027-04-15	2027-04-07	\N	2025-06-02 03:12:09.142586+00	2025-06-02 03:12:09.142586+00
2e67fca3-8576-4b7b-a04c-0c63425e2a61	90070d99-0c19-448f-a940-8afb852cf106	2027-05-15	2027-05-17	2027-05-07	Adjusted from Saturday (15 May 2027) to next business day (Monday    17 May 2027)	2025-06-02 03:12:09.142586+00	2025-06-02 03:12:09.142586+00
29e12464-27bf-4a0f-a284-afb3f104ef92	90070d99-0c19-448f-a940-8afb852cf106	2027-06-15	2027-06-15	2027-06-07	\N	2025-06-02 03:12:09.142586+00	2025-06-02 03:12:09.142586+00
5d88891f-9c51-42a9-92a4-191250d27d6b	6caecf93-0b00-4776-8bfd-943bf05fd7d4	2024-12-31	2024-12-31	2024-12-27	\N	2025-06-02 03:12:09.164581+00	2025-06-02 03:12:09.164581+00
89ddf1db-2912-4808-b133-dc92c3461cba	6caecf93-0b00-4776-8bfd-943bf05fd7d4	2025-01-31	2025-01-31	2025-01-29	\N	2025-06-02 03:12:09.164581+00	2025-06-02 03:12:09.164581+00
1df15056-09a0-4b66-8544-ac21006cb688	6caecf93-0b00-4776-8bfd-943bf05fd7d4	2025-02-28	2025-02-28	2025-02-26	\N	2025-06-02 03:12:09.164581+00	2025-06-02 03:12:09.164581+00
70666aa7-766e-4a61-bee9-13a96f617623	6caecf93-0b00-4776-8bfd-943bf05fd7d4	2025-03-31	2025-03-31	2025-03-27	\N	2025-06-02 03:12:09.164581+00	2025-06-02 03:12:09.164581+00
b81b0874-b0b5-4e86-a5ec-7e69833e6c12	6caecf93-0b00-4776-8bfd-943bf05fd7d4	2025-04-30	2025-04-30	2025-04-28	\N	2025-06-02 03:12:09.164581+00	2025-06-02 03:12:09.164581+00
3fc0d83e-1c56-4909-a8e1-1efbfb73be01	6caecf93-0b00-4776-8bfd-943bf05fd7d4	2025-05-31	2025-05-30	2025-05-28	Adjusted from Saturday (31 May 2025) to previous business day (Friday    30 May 2025)	2025-06-02 03:12:09.164581+00	2025-06-02 03:12:09.164581+00
95055088-6e06-4845-921a-dd18d351a215	6caecf93-0b00-4776-8bfd-943bf05fd7d4	2025-06-30	2025-06-30	2025-06-26	\N	2025-06-02 03:12:09.164581+00	2025-06-02 03:12:09.164581+00
44f41787-cd97-46dc-bca3-f57ea8f16875	6caecf93-0b00-4776-8bfd-943bf05fd7d4	2025-07-31	2025-07-31	2025-07-29	\N	2025-06-02 03:12:09.164581+00	2025-06-02 03:12:09.164581+00
5a65fad6-8d3a-4fcb-b744-fa7cb7edc7e4	6caecf93-0b00-4776-8bfd-943bf05fd7d4	2025-08-31	2025-08-29	2025-08-27	Adjusted from Sunday (31 Aug 2025) to previous business day (Friday    29 Aug 2025)	2025-06-02 03:12:09.164581+00	2025-06-02 03:12:09.164581+00
439a2589-f388-48f2-9a90-dcfccfa679ae	6caecf93-0b00-4776-8bfd-943bf05fd7d4	2025-09-30	2025-09-30	2025-09-25	\N	2025-06-02 03:12:09.164581+00	2025-06-02 03:12:09.164581+00
88aa2a04-74ca-4b52-9f03-214007ac0805	6caecf93-0b00-4776-8bfd-943bf05fd7d4	2025-10-31	2025-10-31	2025-10-29	\N	2025-06-02 03:12:09.164581+00	2025-06-02 03:12:09.164581+00
57be293e-25dd-4885-9e59-8b0e2607e8bf	6caecf93-0b00-4776-8bfd-943bf05fd7d4	2025-11-30	2025-11-28	2025-11-26	Adjusted from Sunday (30 Nov 2025) to previous business day (Friday    28 Nov 2025)	2025-06-02 03:12:09.164581+00	2025-06-02 03:12:09.164581+00
7b7f85e6-bb2c-4db5-8252-b8a80a4e6a74	6caecf93-0b00-4776-8bfd-943bf05fd7d4	2025-12-31	2025-12-31	2025-12-29	\N	2025-06-02 03:12:09.164581+00	2025-06-02 03:12:09.164581+00
1619dbe6-7883-4c61-9406-cbb021e3c981	6caecf93-0b00-4776-8bfd-943bf05fd7d4	2026-01-31	2026-01-30	2026-01-28	Adjusted from Saturday (31 Jan 2026) to previous business day (Friday    30 Jan 2026)	2025-06-02 03:12:09.164581+00	2025-06-02 03:12:09.164581+00
4a83893f-3243-4e35-aff6-01071db78e5e	6caecf93-0b00-4776-8bfd-943bf05fd7d4	2026-02-28	2026-02-27	2026-02-25	Adjusted from Saturday (28 Feb 2026) to previous business day (Friday    27 Feb 2026)	2025-06-02 03:12:09.164581+00	2025-06-02 03:12:09.164581+00
af712cd0-6381-4541-8494-5de092237739	6caecf93-0b00-4776-8bfd-943bf05fd7d4	2026-03-31	2026-03-31	2026-03-27	\N	2025-06-02 03:12:09.164581+00	2025-06-02 03:12:09.164581+00
bcd126af-24c7-49bf-88ed-55fbfa089354	6caecf93-0b00-4776-8bfd-943bf05fd7d4	2026-04-30	2026-04-30	2026-04-28	\N	2025-06-02 03:12:09.164581+00	2025-06-02 03:12:09.164581+00
466c99bb-eafb-40d0-a963-1a7d19a4a247	6caecf93-0b00-4776-8bfd-943bf05fd7d4	2026-05-31	2026-05-29	2026-05-27	Adjusted from Sunday (31 May 2026) to previous business day (Friday    29 May 2026)	2025-06-02 03:12:09.164581+00	2025-06-02 03:12:09.164581+00
92ed39d5-fa2d-4e31-88cd-b96714aeb164	6caecf93-0b00-4776-8bfd-943bf05fd7d4	2026-06-30	2026-06-30	2026-06-26	\N	2025-06-02 03:12:09.164581+00	2025-06-02 03:12:09.164581+00
5dbe0345-9e7f-4e2a-9e20-e4cff119d41e	6caecf93-0b00-4776-8bfd-943bf05fd7d4	2026-07-31	2026-07-31	2026-07-29	\N	2025-06-02 03:12:09.164581+00	2025-06-02 03:12:09.164581+00
d218c5e8-0b9f-47b7-8bbf-f62ad4fa0725	6caecf93-0b00-4776-8bfd-943bf05fd7d4	2026-08-31	2026-08-31	2026-08-27	\N	2025-06-02 03:12:09.164581+00	2025-06-02 03:12:09.164581+00
84e15b25-3a48-49e0-b249-854695ee7e25	6caecf93-0b00-4776-8bfd-943bf05fd7d4	2026-09-30	2026-09-30	2026-09-24	\N	2025-06-02 03:12:09.164581+00	2025-06-02 03:12:09.164581+00
141f012a-360f-4d35-97f2-a1b277b59cf5	6caecf93-0b00-4776-8bfd-943bf05fd7d4	2026-10-31	2026-10-30	2026-10-28	Adjusted from Saturday (31 Oct 2026) to previous business day (Friday    30 Oct 2026)	2025-06-02 03:12:09.164581+00	2025-06-02 03:12:09.164581+00
f16bc076-11b4-4d8d-aa2e-baff0d6cd101	6caecf93-0b00-4776-8bfd-943bf05fd7d4	2026-11-30	2026-11-30	2026-11-26	\N	2025-06-02 03:12:09.164581+00	2025-06-02 03:12:09.164581+00
f86b66c2-a2bd-42b1-9209-263700faf9f7	6caecf93-0b00-4776-8bfd-943bf05fd7d4	2026-12-31	2026-12-31	2026-12-29	\N	2025-06-02 03:12:09.164581+00	2025-06-02 03:12:09.164581+00
dfc40f3c-2864-4d93-91d4-2f35a0251ca1	6caecf93-0b00-4776-8bfd-943bf05fd7d4	2027-01-31	2027-01-29	2027-01-27	Adjusted from Sunday (31 Jan 2027) to previous business day (Friday    29 Jan 2027)	2025-06-02 03:12:09.164581+00	2025-06-02 03:12:09.164581+00
f62c53ad-7c17-49c7-a15b-28abd9d46d74	6caecf93-0b00-4776-8bfd-943bf05fd7d4	2027-02-28	2027-02-26	2027-02-24	Adjusted from Sunday (28 Feb 2027) to previous business day (Friday    26 Feb 2027)	2025-06-02 03:12:09.164581+00	2025-06-02 03:12:09.164581+00
9d0cc8d1-5e48-4ce4-98da-380494110f93	6caecf93-0b00-4776-8bfd-943bf05fd7d4	2027-03-31	2027-03-31	2027-03-29	\N	2025-06-02 03:12:09.164581+00	2025-06-02 03:12:09.164581+00
776e49cc-0739-476a-b5e5-e8754ebf7e00	6caecf93-0b00-4776-8bfd-943bf05fd7d4	2027-04-30	2027-04-30	2027-04-28	\N	2025-06-02 03:12:09.164581+00	2025-06-02 03:12:09.164581+00
a3c627f9-0c60-42c4-bd17-f603d294ca75	6caecf93-0b00-4776-8bfd-943bf05fd7d4	2027-05-31	2027-05-31	2027-05-27	\N	2025-06-02 03:12:09.164581+00	2025-06-02 03:12:09.164581+00
348b4099-18c2-4fd9-92e1-5eb2fad45bb8	6caecf93-0b00-4776-8bfd-943bf05fd7d4	2027-06-30	2027-06-30	2027-06-28	\N	2025-06-02 03:12:09.164581+00	2025-06-02 03:12:09.164581+00
d6f24d5d-c769-4b09-baf9-25211e66bb6e	539cda98-21f9-4f37-b314-c7b791d8093c	2024-12-31	2024-12-31	2024-12-18	\N	2025-06-02 03:12:09.183584+00	2025-06-02 03:12:09.183584+00
3b6880cd-2483-437d-bc6a-5cd15f1b1322	539cda98-21f9-4f37-b314-c7b791d8093c	2025-01-31	2025-01-31	2025-01-21	\N	2025-06-02 03:12:09.183584+00	2025-06-02 03:12:09.183584+00
7b21aa5c-3c87-495e-871d-939a808d99f7	539cda98-21f9-4f37-b314-c7b791d8093c	2025-02-28	2025-02-28	2025-02-19	\N	2025-06-02 03:12:09.183584+00	2025-06-02 03:12:09.183584+00
601c27de-4bb9-4796-a8b0-eb8dbf198a25	539cda98-21f9-4f37-b314-c7b791d8093c	2025-03-31	2025-03-31	2025-03-20	\N	2025-06-02 03:12:09.183584+00	2025-06-02 03:12:09.183584+00
ad6ba7ee-8e7b-4a2f-8f6c-f598ed1cb3ae	539cda98-21f9-4f37-b314-c7b791d8093c	2025-04-30	2025-04-30	2025-04-16	\N	2025-06-02 03:12:09.183584+00	2025-06-02 03:12:09.183584+00
87b731d8-ce2d-4c04-985f-9211511abbdb	539cda98-21f9-4f37-b314-c7b791d8093c	2025-05-31	2025-05-30	2025-05-21	Adjusted from Saturday (31 May 2025) to previous business day (Friday    30 May 2025)	2025-06-02 03:12:09.183584+00	2025-06-02 03:12:09.183584+00
b79bb0e7-082b-40cd-9620-8e4b4fd0a89d	539cda98-21f9-4f37-b314-c7b791d8093c	2025-06-30	2025-06-30	2025-06-19	\N	2025-06-02 03:12:09.183584+00	2025-06-02 03:12:09.183584+00
6e202a69-86fc-4f98-a1b1-65cec9285865	539cda98-21f9-4f37-b314-c7b791d8093c	2025-07-31	2025-07-31	2025-07-22	\N	2025-06-02 03:12:09.183584+00	2025-06-02 03:12:09.183584+00
db6ee6a4-c039-4899-80d7-0e26caae880b	539cda98-21f9-4f37-b314-c7b791d8093c	2025-08-31	2025-08-29	2025-08-20	Adjusted from Sunday (31 Aug 2025) to previous business day (Friday    29 Aug 2025)	2025-06-02 03:12:09.183584+00	2025-06-02 03:12:09.183584+00
373d2ed2-70bd-48d8-aa65-b802050c004c	539cda98-21f9-4f37-b314-c7b791d8093c	2025-09-30	2025-09-30	2025-09-18	\N	2025-06-02 03:12:09.183584+00	2025-06-02 03:12:09.183584+00
685fdd87-d260-4788-9c23-08ee123c4676	539cda98-21f9-4f37-b314-c7b791d8093c	2025-10-31	2025-10-31	2025-10-22	\N	2025-06-02 03:12:09.183584+00	2025-06-02 03:12:09.183584+00
ace62936-71e0-4083-808c-c0735777fce3	539cda98-21f9-4f37-b314-c7b791d8093c	2025-11-30	2025-11-28	2025-11-19	Adjusted from Sunday (30 Nov 2025) to previous business day (Friday    28 Nov 2025)	2025-06-02 03:12:09.183584+00	2025-06-02 03:12:09.183584+00
107f8449-fb1a-46bc-911f-8b1daf2db1d9	539cda98-21f9-4f37-b314-c7b791d8093c	2025-12-31	2025-12-31	2025-12-18	\N	2025-06-02 03:12:09.183584+00	2025-06-02 03:12:09.183584+00
ac7751bd-b9b8-4a3f-ad98-d81b77dd900c	539cda98-21f9-4f37-b314-c7b791d8093c	2026-01-31	2026-01-30	2026-01-20	Adjusted from Saturday (31 Jan 2026) to previous business day (Friday    30 Jan 2026)	2025-06-02 03:12:09.183584+00	2025-06-02 03:12:09.183584+00
22504e56-f5a4-4583-96f6-27794024d8e8	539cda98-21f9-4f37-b314-c7b791d8093c	2026-02-28	2026-02-27	2026-02-18	Adjusted from Saturday (28 Feb 2026) to previous business day (Friday    27 Feb 2026)	2025-06-02 03:12:09.183584+00	2025-06-02 03:12:09.183584+00
f1ae9995-d475-4102-874d-2cf92c1ddbd7	539cda98-21f9-4f37-b314-c7b791d8093c	2026-03-31	2026-03-31	2026-03-20	\N	2025-06-02 03:12:09.183584+00	2025-06-02 03:12:09.183584+00
aed5a2b1-9782-4eb0-9032-bbbe4f75cd26	539cda98-21f9-4f37-b314-c7b791d8093c	2026-04-30	2026-04-30	2026-04-21	\N	2025-06-02 03:12:09.183584+00	2025-06-02 03:12:09.183584+00
316891bc-f1c9-4a7f-8311-099f72158f8a	539cda98-21f9-4f37-b314-c7b791d8093c	2026-05-31	2026-05-29	2026-05-20	Adjusted from Sunday (31 May 2026) to previous business day (Friday    29 May 2026)	2025-06-02 03:12:09.183584+00	2025-06-02 03:12:09.183584+00
6fe364cb-c65f-485e-9ef7-1375dd8b08d7	539cda98-21f9-4f37-b314-c7b791d8093c	2026-06-30	2026-06-30	2026-06-19	\N	2025-06-02 03:12:09.183584+00	2025-06-02 03:12:09.183584+00
92a40070-2fbc-42e8-b52c-4c220bf2b13d	539cda98-21f9-4f37-b314-c7b791d8093c	2026-07-31	2026-07-31	2026-07-22	\N	2025-06-02 03:12:09.183584+00	2025-06-02 03:12:09.183584+00
4dde1592-01e6-41ff-aff1-1761eb8f3888	539cda98-21f9-4f37-b314-c7b791d8093c	2026-08-31	2026-08-31	2026-08-20	\N	2025-06-02 03:12:09.183584+00	2025-06-02 03:12:09.183584+00
99f2f12d-5ede-4567-b8cc-00dcc2cc63f3	539cda98-21f9-4f37-b314-c7b791d8093c	2026-09-30	2026-09-30	2026-09-17	\N	2025-06-02 03:12:09.183584+00	2025-06-02 03:12:09.183584+00
8d79cd9d-3d15-4f8f-8118-d193952fab13	539cda98-21f9-4f37-b314-c7b791d8093c	2026-10-31	2026-10-30	2026-10-21	Adjusted from Saturday (31 Oct 2026) to previous business day (Friday    30 Oct 2026)	2025-06-02 03:12:09.183584+00	2025-06-02 03:12:09.183584+00
2b66624d-507c-4a1d-9932-396130dccb32	539cda98-21f9-4f37-b314-c7b791d8093c	2026-11-30	2026-11-30	2026-11-19	\N	2025-06-02 03:12:09.183584+00	2025-06-02 03:12:09.183584+00
62ba17fb-f7ed-4b72-83c0-30f685ba06e1	539cda98-21f9-4f37-b314-c7b791d8093c	2026-12-31	2026-12-31	2026-12-18	\N	2025-06-02 03:12:09.183584+00	2025-06-02 03:12:09.183584+00
febcbde8-24f5-4ad6-9b7d-af5affc92d88	539cda98-21f9-4f37-b314-c7b791d8093c	2027-01-31	2027-01-29	2027-01-20	Adjusted from Sunday (31 Jan 2027) to previous business day (Friday    29 Jan 2027)	2025-06-02 03:12:09.183584+00	2025-06-02 03:12:09.183584+00
be15f717-bc9d-4532-8e08-4ba9f1d70602	539cda98-21f9-4f37-b314-c7b791d8093c	2027-02-28	2027-02-26	2027-02-17	Adjusted from Sunday (28 Feb 2027) to previous business day (Friday    26 Feb 2027)	2025-06-02 03:12:09.183584+00	2025-06-02 03:12:09.183584+00
22b999d8-3401-4edb-be46-d2c7bf90c48b	539cda98-21f9-4f37-b314-c7b791d8093c	2027-03-31	2027-03-31	2027-03-22	\N	2025-06-02 03:12:09.183584+00	2025-06-02 03:12:09.183584+00
2527f8f7-0328-4d2d-a774-b017aa74954e	539cda98-21f9-4f37-b314-c7b791d8093c	2027-04-30	2027-04-30	2027-04-21	\N	2025-06-02 03:12:09.183584+00	2025-06-02 03:12:09.183584+00
8d592273-2611-4a57-8db8-73296e00d398	539cda98-21f9-4f37-b314-c7b791d8093c	2027-05-31	2027-05-31	2027-05-20	\N	2025-06-02 03:12:09.183584+00	2025-06-02 03:12:09.183584+00
02a63505-cb21-44e1-b90c-0c559c31822c	539cda98-21f9-4f37-b314-c7b791d8093c	2027-06-30	2027-06-30	2027-06-21	\N	2025-06-02 03:12:09.183584+00	2025-06-02 03:12:09.183584+00
5a6d7668-d843-400c-880b-55745b078fe8	c963a50e-f21e-48b3-8357-fa116b770ab8	2024-12-31	2024-12-31	2024-12-27	\N	2025-06-02 03:12:09.205651+00	2025-06-02 03:12:09.205651+00
4e6d5878-8ba9-4b2d-a794-c107db7863dc	c963a50e-f21e-48b3-8357-fa116b770ab8	2025-03-31	2025-03-31	2025-03-27	\N	2025-06-02 03:12:09.205651+00	2025-06-02 03:12:09.205651+00
0fca28d5-1add-464d-a8f9-5adee21c7ce4	c963a50e-f21e-48b3-8357-fa116b770ab8	2025-06-30	2025-06-30	2025-06-26	\N	2025-06-02 03:12:09.205651+00	2025-06-02 03:12:09.205651+00
e759fa76-008b-4d06-a505-b49208a936c4	c963a50e-f21e-48b3-8357-fa116b770ab8	2025-09-30	2025-09-30	2025-09-25	\N	2025-06-02 03:12:09.205651+00	2025-06-02 03:12:09.205651+00
131fd1cb-96ea-4cb6-bc7d-f5e9b9cf6c1c	c963a50e-f21e-48b3-8357-fa116b770ab8	2025-12-31	2025-12-31	2025-12-29	\N	2025-06-02 03:12:09.205651+00	2025-06-02 03:12:09.205651+00
7c144e28-44df-4ee2-822f-194327fed8e4	c963a50e-f21e-48b3-8357-fa116b770ab8	2026-03-31	2026-03-31	2026-03-27	\N	2025-06-02 03:12:09.205651+00	2025-06-02 03:12:09.205651+00
f0cfe271-31d7-43c2-85ae-079d9ccc608b	c963a50e-f21e-48b3-8357-fa116b770ab8	2026-06-30	2026-06-30	2026-06-26	\N	2025-06-02 03:12:09.205651+00	2025-06-02 03:12:09.205651+00
9e74367a-84ec-463a-9b4c-75a359db2c46	c963a50e-f21e-48b3-8357-fa116b770ab8	2026-09-30	2026-09-30	2026-09-24	\N	2025-06-02 03:12:09.205651+00	2025-06-02 03:12:09.205651+00
32cf9cfd-d7ac-4f49-bbe6-e2798c87844f	c963a50e-f21e-48b3-8357-fa116b770ab8	2026-12-31	2026-12-31	2026-12-29	\N	2025-06-02 03:12:09.205651+00	2025-06-02 03:12:09.205651+00
78da447d-a19e-42e5-b44e-6842cec97b7d	c963a50e-f21e-48b3-8357-fa116b770ab8	2027-03-31	2027-03-31	2027-03-29	\N	2025-06-02 03:12:09.205651+00	2025-06-02 03:12:09.205651+00
f004cb09-1b5f-47e8-84e7-90b48ba5a6f5	c963a50e-f21e-48b3-8357-fa116b770ab8	2027-06-30	2027-06-30	2027-06-28	\N	2025-06-02 03:12:09.205651+00	2025-06-02 03:12:09.205651+00
1900ec2d-6738-42e7-92a8-2589f69ff08c	dfb29321-c8e8-473d-941f-64406beace52	2024-12-13	2024-12-13	2024-12-12	\N	2025-06-02 03:12:09.217626+00	2025-06-02 03:12:09.217626+00
2fad336e-6307-4e68-8d71-b2c45e9caaa6	dfb29321-c8e8-473d-941f-64406beace52	2025-01-03	2025-01-03	2025-01-02	\N	2025-06-02 03:12:09.217626+00	2025-06-02 03:12:09.217626+00
5f444464-e22c-42d8-ae2f-791e8a3caa05	dfb29321-c8e8-473d-941f-64406beace52	2025-01-17	2025-01-17	2025-01-16	\N	2025-06-02 03:12:09.217626+00	2025-06-02 03:12:09.217626+00
36cdec6e-edf9-4a5a-9202-65fc68e7658c	dfb29321-c8e8-473d-941f-64406beace52	2025-01-31	2025-01-31	2025-01-30	\N	2025-06-02 03:12:09.217626+00	2025-06-02 03:12:09.217626+00
9bcca6c8-7a59-4016-a653-0183faa36770	dfb29321-c8e8-473d-941f-64406beace52	2025-02-14	2025-02-14	2025-02-13	\N	2025-06-02 03:12:09.217626+00	2025-06-02 03:12:09.217626+00
6a991697-0aee-4c52-97f3-3677ea362a51	dfb29321-c8e8-473d-941f-64406beace52	2025-02-28	2025-02-28	2025-02-27	\N	2025-06-02 03:12:09.217626+00	2025-06-02 03:12:09.217626+00
c0a98d16-bc1e-4f49-89f8-1830c7853edc	dfb29321-c8e8-473d-941f-64406beace52	2025-03-14	2025-03-14	2025-03-13	\N	2025-06-02 03:12:09.217626+00	2025-06-02 03:12:09.217626+00
4ebcc1a9-9685-41b4-acce-3e5c53c9d546	dfb29321-c8e8-473d-941f-64406beace52	2025-03-28	2025-03-28	2025-03-27	\N	2025-06-02 03:12:09.217626+00	2025-06-02 03:12:09.217626+00
b140df07-c0c4-4b0f-9a9d-b638378a0b1b	dfb29321-c8e8-473d-941f-64406beace52	2025-04-11	2025-04-11	2025-04-10	\N	2025-06-02 03:12:09.217626+00	2025-06-02 03:12:09.217626+00
74fdf718-4314-4239-9737-a885fc604749	dfb29321-c8e8-473d-941f-64406beace52	2025-04-25	2025-04-24	2025-04-23	Adjusted from Anzac Day (Friday    25 Apr 2025) to previous business day (Thursday  24 Apr 2025)	2025-06-02 03:12:09.217626+00	2025-06-02 03:12:09.217626+00
73a354c2-ec14-4280-b6c7-2663207bdbf9	dfb29321-c8e8-473d-941f-64406beace52	2025-05-09	2025-05-09	2025-05-08	\N	2025-06-02 03:12:09.217626+00	2025-06-02 03:12:09.217626+00
78807288-e2b9-400c-a5e2-0be6ebd794e6	dfb29321-c8e8-473d-941f-64406beace52	2025-05-23	2025-05-23	2025-05-22	\N	2025-06-02 03:12:09.217626+00	2025-06-02 03:12:09.217626+00
057d0883-a58f-42c5-8ba1-92e4adbac0e4	dfb29321-c8e8-473d-941f-64406beace52	2025-06-06	2025-06-06	2025-06-05	\N	2025-06-02 03:12:09.217626+00	2025-06-02 03:12:09.217626+00
058988e2-8d48-4270-95e1-8b4ca6f4372e	dfb29321-c8e8-473d-941f-64406beace52	2025-06-20	2025-06-20	2025-06-19	\N	2025-06-02 03:12:09.217626+00	2025-06-02 03:12:09.217626+00
c55d5998-29b6-4935-8e83-e96f29d42122	dfb29321-c8e8-473d-941f-64406beace52	2025-07-04	2025-07-04	2025-07-03	\N	2025-06-02 03:12:09.217626+00	2025-06-02 03:12:09.217626+00
1ca9275d-b025-4ec7-9de5-ce4a78bcac1e	dfb29321-c8e8-473d-941f-64406beace52	2025-07-18	2025-07-18	2025-07-17	\N	2025-06-02 03:12:09.217626+00	2025-06-02 03:12:09.217626+00
03e7c159-2fad-46ed-8953-3b8940ec3ead	dfb29321-c8e8-473d-941f-64406beace52	2025-08-01	2025-08-01	2025-07-31	\N	2025-06-02 03:12:09.217626+00	2025-06-02 03:12:09.217626+00
56c48e36-6edf-44e6-99f3-33978ab36e40	dfb29321-c8e8-473d-941f-64406beace52	2025-08-15	2025-08-15	2025-08-14	\N	2025-06-02 03:12:09.217626+00	2025-06-02 03:12:09.217626+00
54386bab-c989-4a6d-8bd9-9033ae55ec64	dfb29321-c8e8-473d-941f-64406beace52	2025-08-29	2025-08-29	2025-08-28	\N	2025-06-02 03:12:09.217626+00	2025-06-02 03:12:09.217626+00
c0e3b465-53e7-4937-bb8d-132b5386f8b6	dfb29321-c8e8-473d-941f-64406beace52	2025-09-12	2025-09-12	2025-09-11	\N	2025-06-02 03:12:09.217626+00	2025-06-02 03:12:09.217626+00
278fdd79-495f-4fef-ab2c-5739b94a4337	dfb29321-c8e8-473d-941f-64406beace52	2025-09-26	2025-09-26	2025-09-25	\N	2025-06-02 03:12:09.217626+00	2025-06-02 03:12:09.217626+00
8f44d750-f3d3-4bb6-b5dd-7752df8c619e	dfb29321-c8e8-473d-941f-64406beace52	2025-10-10	2025-10-10	2025-10-09	\N	2025-06-02 03:12:09.217626+00	2025-06-02 03:12:09.217626+00
3cc34de0-053b-4b84-8bd2-37b56979cc28	dfb29321-c8e8-473d-941f-64406beace52	2025-10-24	2025-10-24	2025-10-23	\N	2025-06-02 03:12:09.217626+00	2025-06-02 03:12:09.217626+00
cc049bd4-bc66-4691-bf52-fc1a6dd16dbd	dfb29321-c8e8-473d-941f-64406beace52	2025-11-07	2025-11-07	2025-11-06	\N	2025-06-02 03:12:09.217626+00	2025-06-02 03:12:09.217626+00
4bb4c2f5-9440-418b-8e9f-60d2de6f013c	dfb29321-c8e8-473d-941f-64406beace52	2025-11-21	2025-11-21	2025-11-20	\N	2025-06-02 03:12:09.217626+00	2025-06-02 03:12:09.217626+00
be79ea6a-1bc0-46cb-98c4-6fe5dfcdbe4c	dfb29321-c8e8-473d-941f-64406beace52	2025-12-05	2025-12-05	2025-12-04	\N	2025-06-02 03:12:09.217626+00	2025-06-02 03:12:09.217626+00
40a7c183-05cd-4800-a9fb-4832beb608be	dfb29321-c8e8-473d-941f-64406beace52	2025-12-19	2025-12-19	2025-12-18	\N	2025-06-02 03:12:09.217626+00	2025-06-02 03:12:09.217626+00
fb20c97c-1c2b-420f-8360-1de8cb30ffc0	dfb29321-c8e8-473d-941f-64406beace52	2026-01-02	2026-01-02	2025-12-31	\N	2025-06-02 03:12:09.217626+00	2025-06-02 03:12:09.217626+00
0485eaae-4ad5-4f01-b97b-f83c059d1075	dfb29321-c8e8-473d-941f-64406beace52	2026-01-16	2026-01-16	2026-01-15	\N	2025-06-02 03:12:09.217626+00	2025-06-02 03:12:09.217626+00
dfce807a-dce1-4893-894a-6f740f8e97c4	dfb29321-c8e8-473d-941f-64406beace52	2026-01-30	2026-01-30	2026-01-29	\N	2025-06-02 03:12:09.217626+00	2025-06-02 03:12:09.217626+00
0379569a-4896-4fc6-b850-544fff992f34	dfb29321-c8e8-473d-941f-64406beace52	2026-02-13	2026-02-13	2026-02-12	\N	2025-06-02 03:12:09.217626+00	2025-06-02 03:12:09.217626+00
8f444a4e-71fd-481c-a129-28ad88dbdae7	dfb29321-c8e8-473d-941f-64406beace52	2026-02-27	2026-02-27	2026-02-26	\N	2025-06-02 03:12:09.217626+00	2025-06-02 03:12:09.217626+00
bea09747-35ed-4b61-9a8e-b4d7c3e6ad63	dfb29321-c8e8-473d-941f-64406beace52	2026-03-13	2026-03-13	2026-03-12	\N	2025-06-02 03:12:09.217626+00	2025-06-02 03:12:09.217626+00
7c4f089b-cc34-45fe-9fde-e26d52aa869e	dfb29321-c8e8-473d-941f-64406beace52	2026-03-27	2026-03-27	2026-03-26	\N	2025-06-02 03:12:09.217626+00	2025-06-02 03:12:09.217626+00
663808c7-928e-4005-93ea-d3d397aed456	dfb29321-c8e8-473d-941f-64406beace52	2026-04-10	2026-04-10	2026-04-09	\N	2025-06-02 03:12:09.217626+00	2025-06-02 03:12:09.217626+00
5585c625-27bf-497b-9d7e-bfb3e18c5e12	dfb29321-c8e8-473d-941f-64406beace52	2026-04-24	2026-04-24	2026-04-23	\N	2025-06-02 03:12:09.217626+00	2025-06-02 03:12:09.217626+00
4a98097d-824d-4a08-8ce6-e3192c4cf810	dfb29321-c8e8-473d-941f-64406beace52	2026-05-08	2026-05-08	2026-05-07	\N	2025-06-02 03:12:09.217626+00	2025-06-02 03:12:09.217626+00
bd044b14-a2aa-4aa9-91c0-6a403211b068	dfb29321-c8e8-473d-941f-64406beace52	2026-05-22	2026-05-22	2026-05-21	\N	2025-06-02 03:12:09.217626+00	2025-06-02 03:12:09.217626+00
84253de4-f5f7-4a17-9507-2d65b29a5ffb	dfb29321-c8e8-473d-941f-64406beace52	2026-06-05	2026-06-05	2026-06-04	\N	2025-06-02 03:12:09.217626+00	2025-06-02 03:12:09.217626+00
c1b96402-f6ea-4283-ada6-28e2545ba8d3	dfb29321-c8e8-473d-941f-64406beace52	2026-06-19	2026-06-19	2026-06-18	\N	2025-06-02 03:12:09.217626+00	2025-06-02 03:12:09.217626+00
da56f243-37fc-4ba3-b535-5bdfaca63719	dfb29321-c8e8-473d-941f-64406beace52	2026-07-03	2026-07-03	2026-07-02	\N	2025-06-02 03:12:09.217626+00	2025-06-02 03:12:09.217626+00
d1247f26-6080-467b-956b-ee83160e1f36	dfb29321-c8e8-473d-941f-64406beace52	2026-07-17	2026-07-17	2026-07-16	\N	2025-06-02 03:12:09.217626+00	2025-06-02 03:12:09.217626+00
636f46ee-6348-4d46-911b-68829c7973f5	dfb29321-c8e8-473d-941f-64406beace52	2026-07-31	2026-07-31	2026-07-30	\N	2025-06-02 03:12:09.217626+00	2025-06-02 03:12:09.217626+00
8b1107e8-523c-4c06-861e-afc4f81889b7	dfb29321-c8e8-473d-941f-64406beace52	2026-08-14	2026-08-14	2026-08-13	\N	2025-06-02 03:12:09.217626+00	2025-06-02 03:12:09.217626+00
8f0efee0-7723-4483-bde0-572b1e5ee04b	dfb29321-c8e8-473d-941f-64406beace52	2026-08-28	2026-08-28	2026-08-27	\N	2025-06-02 03:12:09.217626+00	2025-06-02 03:12:09.217626+00
9c26a6ef-4501-4b45-a1c5-c80c7f878e1f	dfb29321-c8e8-473d-941f-64406beace52	2026-09-11	2026-09-11	2026-09-10	\N	2025-06-02 03:12:09.217626+00	2025-06-02 03:12:09.217626+00
b6dc95cc-5e35-4a43-b5e9-c6c9a7b66118	dfb29321-c8e8-473d-941f-64406beace52	2026-09-25	2026-09-24	2026-09-23	Adjusted from Friday before AFL Grand Final (Tentative Date) (Friday    25 Sep 2026) to previous business day (Thursday  24 Sep 2026)	2025-06-02 03:12:09.217626+00	2025-06-02 03:12:09.217626+00
80b45454-52ec-4cef-8eb1-9c8002a00c8e	dfb29321-c8e8-473d-941f-64406beace52	2026-10-09	2026-10-09	2026-10-08	\N	2025-06-02 03:12:09.217626+00	2025-06-02 03:12:09.217626+00
fb618de1-4bf0-426e-8e5c-8b933876ba97	dfb29321-c8e8-473d-941f-64406beace52	2026-10-23	2026-10-23	2026-10-22	\N	2025-06-02 03:12:09.217626+00	2025-06-02 03:12:09.217626+00
4fb2d711-ae56-4b4b-931e-3b4e46e89851	dfb29321-c8e8-473d-941f-64406beace52	2026-11-06	2026-11-06	2026-11-05	\N	2025-06-02 03:12:09.217626+00	2025-06-02 03:12:09.217626+00
56125dc6-7a55-4a08-8ff9-8395be109813	dfb29321-c8e8-473d-941f-64406beace52	2026-11-20	2026-11-20	2026-11-19	\N	2025-06-02 03:12:09.217626+00	2025-06-02 03:12:09.217626+00
03d2ddde-90dc-4124-9016-fcdae9486842	dfb29321-c8e8-473d-941f-64406beace52	2026-12-04	2026-12-04	2026-12-03	\N	2025-06-02 03:12:09.217626+00	2025-06-02 03:12:09.217626+00
420e3f60-a586-467a-9564-fae60478220b	fabe13b6-395a-489f-8003-69668a89cfe5	2024-12-05	2024-12-05	2024-12-02	\N	2025-06-02 03:12:09.236592+00	2025-06-02 03:12:09.236592+00
5b6f6b90-7f90-45dc-b022-42d30d5f2530	fabe13b6-395a-489f-8003-69668a89cfe5	2024-12-12	2024-12-12	2024-12-09	\N	2025-06-02 03:12:09.236592+00	2025-06-02 03:12:09.236592+00
7cf316fd-0b52-4174-871b-17afba43950f	fabe13b6-395a-489f-8003-69668a89cfe5	2024-12-19	2024-12-19	2024-12-16	\N	2025-06-02 03:12:09.236592+00	2025-06-02 03:12:09.236592+00
748d089a-6bfe-4a33-b267-90f88cded3fc	fabe13b6-395a-489f-8003-69668a89cfe5	2024-12-26	2024-12-24	2024-12-19	Adjusted from Boxing Day (Thursday  26 Dec 2024) to previous business day (Tuesday   24 Dec 2024)	2025-06-02 03:12:09.236592+00	2025-06-02 03:12:09.236592+00
8618a6a0-2ef9-4b3f-aed1-a84f612f8ab4	fabe13b6-395a-489f-8003-69668a89cfe5	2025-01-02	2025-01-02	2024-12-27	\N	2025-06-02 03:12:09.236592+00	2025-06-02 03:12:09.236592+00
0d2f6828-0787-47a5-a30a-5d7113332254	fabe13b6-395a-489f-8003-69668a89cfe5	2025-01-09	2025-01-09	2025-01-06	\N	2025-06-02 03:12:09.236592+00	2025-06-02 03:12:09.236592+00
830cce68-2885-447c-b429-8bd994f72fbc	fabe13b6-395a-489f-8003-69668a89cfe5	2025-01-16	2025-01-16	2025-01-13	\N	2025-06-02 03:12:09.236592+00	2025-06-02 03:12:09.236592+00
b7fa37d1-b452-4bd9-91aa-35000f630875	fabe13b6-395a-489f-8003-69668a89cfe5	2025-01-23	2025-01-23	2025-01-20	\N	2025-06-02 03:12:09.236592+00	2025-06-02 03:12:09.236592+00
bff6d3ed-39e8-43c8-9075-95680f0b719d	fabe13b6-395a-489f-8003-69668a89cfe5	2025-01-30	2025-01-30	2025-01-24	\N	2025-06-02 03:12:09.236592+00	2025-06-02 03:12:09.236592+00
44415f53-12de-4bcd-b695-86aee11b46dc	fabe13b6-395a-489f-8003-69668a89cfe5	2025-02-06	2025-02-06	2025-02-03	\N	2025-06-02 03:12:09.236592+00	2025-06-02 03:12:09.236592+00
b634f6cf-080d-49cf-b929-74bb403c3dca	fabe13b6-395a-489f-8003-69668a89cfe5	2025-02-13	2025-02-13	2025-02-10	\N	2025-06-02 03:12:09.236592+00	2025-06-02 03:12:09.236592+00
665a12e1-5664-4709-8a01-8b8254b2aa04	fabe13b6-395a-489f-8003-69668a89cfe5	2025-02-20	2025-02-20	2025-02-17	\N	2025-06-02 03:12:09.236592+00	2025-06-02 03:12:09.236592+00
af79c49e-c91b-4da9-9174-10b399402a31	fabe13b6-395a-489f-8003-69668a89cfe5	2025-02-27	2025-02-27	2025-02-24	\N	2025-06-02 03:12:09.236592+00	2025-06-02 03:12:09.236592+00
2ff477d8-d7b2-4a5a-a727-a7d88c78ca64	fabe13b6-395a-489f-8003-69668a89cfe5	2025-03-06	2025-03-06	2025-02-28	\N	2025-06-02 03:12:09.236592+00	2025-06-02 03:12:09.236592+00
249d5f08-4b62-45ea-a5f8-2a42dc51411c	fabe13b6-395a-489f-8003-69668a89cfe5	2025-03-13	2025-03-13	2025-03-07	\N	2025-06-02 03:12:09.236592+00	2025-06-02 03:12:09.236592+00
f7d050f8-34a5-4e93-a146-78b196ed506f	fabe13b6-395a-489f-8003-69668a89cfe5	2025-03-20	2025-03-20	2025-03-17	\N	2025-06-02 03:12:09.236592+00	2025-06-02 03:12:09.236592+00
e8ce50a1-b752-4dfa-9366-b8706a12c71b	fabe13b6-395a-489f-8003-69668a89cfe5	2025-03-27	2025-03-27	2025-03-24	\N	2025-06-02 03:12:09.236592+00	2025-06-02 03:12:09.236592+00
aa98f6f5-77a2-4c86-b7cc-acda14f602d1	fabe13b6-395a-489f-8003-69668a89cfe5	2025-04-03	2025-04-03	2025-03-31	\N	2025-06-02 03:12:09.236592+00	2025-06-02 03:12:09.236592+00
2730380a-8724-4ca2-8f67-ab762415747f	fabe13b6-395a-489f-8003-69668a89cfe5	2025-04-10	2025-04-10	2025-04-07	\N	2025-06-02 03:12:09.236592+00	2025-06-02 03:12:09.236592+00
d1c7bfed-ea53-4efd-be84-5f07f40de02d	fabe13b6-395a-489f-8003-69668a89cfe5	2025-04-17	2025-04-17	2025-04-14	\N	2025-06-02 03:12:09.236592+00	2025-06-02 03:12:09.236592+00
7eb62f6f-57b7-4c1e-9f38-4169472be6cb	fabe13b6-395a-489f-8003-69668a89cfe5	2025-04-24	2025-04-24	2025-04-17	\N	2025-06-02 03:12:09.236592+00	2025-06-02 03:12:09.236592+00
d911cc4b-4ed7-4cbc-8917-9e7b83932fdc	fabe13b6-395a-489f-8003-69668a89cfe5	2025-05-01	2025-05-01	2025-04-28	\N	2025-06-02 03:12:09.236592+00	2025-06-02 03:12:09.236592+00
6398c19d-9bc1-4e36-a8a9-07c90500183e	fabe13b6-395a-489f-8003-69668a89cfe5	2025-05-08	2025-05-08	2025-05-02	\N	2025-06-02 03:12:09.236592+00	2025-06-02 03:12:09.236592+00
70e33714-82dd-4d8b-a744-b4f82a814694	fabe13b6-395a-489f-8003-69668a89cfe5	2025-05-15	2025-05-15	2025-05-12	\N	2025-06-02 03:12:09.236592+00	2025-06-02 03:12:09.236592+00
3abe77fd-4121-42d3-8966-289181e16fad	fabe13b6-395a-489f-8003-69668a89cfe5	2025-05-22	2025-05-22	2025-05-19	\N	2025-06-02 03:12:09.236592+00	2025-06-02 03:12:09.236592+00
a2972118-aa70-4d16-b8bf-fa1b71e4dc10	fabe13b6-395a-489f-8003-69668a89cfe5	2025-05-29	2025-05-29	2025-05-26	\N	2025-06-02 03:12:09.236592+00	2025-06-02 03:12:09.236592+00
42a0513f-195b-4cf3-9b23-9b0ef470b538	076f830b-de4b-47c9-b0ae-988556c48725	2025-06-20	2025-06-20	2025-06-11	\N	2025-06-21 04:48:47.520202+00	2025-06-21 04:48:47.520202+00
58a66a95-facd-40ca-a38d-bc151f7f5a88	5636f4db-90e9-46c5-aaae-bfc7dc82ae60	2025-06-30	2025-06-30	2025-06-25	\N	2025-06-30 03:58:28.952546+00	2025-06-30 03:58:28.952546+00
d262fa73-734d-4a0c-b3d7-e1dbf5f8ffab	5636f4db-90e9-46c5-aaae-bfc7dc82ae60	2025-07-07	2025-07-07	2025-07-02	\N	2025-06-30 03:58:28.952546+00	2025-06-30 03:58:28.952546+00
7a73e195-3f0c-4e33-af3d-d12b3ed8516b	5636f4db-90e9-46c5-aaae-bfc7dc82ae60	2025-07-14	2025-07-14	2025-07-09	\N	2025-06-30 03:58:28.952546+00	2025-06-30 03:58:28.952546+00
91856042-4c08-457c-934e-53cf4974c37e	5636f4db-90e9-46c5-aaae-bfc7dc82ae60	2025-07-21	2025-07-21	2025-07-16	\N	2025-06-30 03:58:28.952546+00	2025-06-30 03:58:28.952546+00
549660c3-0230-432e-830f-574e267f165e	5636f4db-90e9-46c5-aaae-bfc7dc82ae60	2025-07-28	2025-07-28	2025-07-23	\N	2025-06-30 03:58:28.952546+00	2025-06-30 03:58:28.952546+00
8961b447-f0d4-40c5-8bab-de56406885dd	5636f4db-90e9-46c5-aaae-bfc7dc82ae60	2025-08-11	2025-08-11	2025-08-06	\N	2025-06-30 03:58:28.952546+00	2025-06-30 03:58:28.952546+00
80e11c06-5889-4523-a481-0a8e070ab92c	5636f4db-90e9-46c5-aaae-bfc7dc82ae60	2025-08-18	2025-08-18	2025-08-13	\N	2025-06-30 03:58:28.952546+00	2025-06-30 03:58:28.952546+00
74a26233-b016-455f-a160-7067f70c004f	5636f4db-90e9-46c5-aaae-bfc7dc82ae60	2025-08-25	2025-08-25	2025-08-20	\N	2025-06-30 03:58:28.952546+00	2025-06-30 03:58:28.952546+00
e776c5bc-e8c2-490b-9eeb-328c8a5ceea7	5636f4db-90e9-46c5-aaae-bfc7dc82ae60	2025-09-01	2025-09-01	2025-08-27	\N	2025-06-30 03:58:28.952546+00	2025-06-30 03:58:28.952546+00
adaa3bd5-a63f-4ddf-84d4-98d95725101b	5636f4db-90e9-46c5-aaae-bfc7dc82ae60	2025-09-08	2025-09-08	2025-09-03	\N	2025-06-30 03:58:28.952546+00	2025-06-30 03:58:28.952546+00
0eb07636-1a1e-4053-a331-917b2bec3c1f	5636f4db-90e9-46c5-aaae-bfc7dc82ae60	2025-09-15	2025-09-15	2025-09-10	\N	2025-06-30 03:58:28.952546+00	2025-06-30 03:58:28.952546+00
dd2dee06-9bbd-41f9-a7b9-2a91c2b26313	5636f4db-90e9-46c5-aaae-bfc7dc82ae60	2025-09-22	2025-09-22	2025-09-17	\N	2025-06-30 03:58:28.952546+00	2025-06-30 03:58:28.952546+00
8e0cec58-aaa9-45c3-a5b2-101812244773	5636f4db-90e9-46c5-aaae-bfc7dc82ae60	2025-09-29	2025-09-26	2025-09-23	\N	2025-06-30 03:58:28.952546+00	2025-06-30 03:58:28.952546+00
6c67ece9-6c52-40c6-bd10-faaaae515e2d	5636f4db-90e9-46c5-aaae-bfc7dc82ae60	2025-10-06	2025-10-03	2025-09-30	\N	2025-06-30 03:58:28.952546+00	2025-06-30 03:58:28.952546+00
76337f53-ec5c-4315-9d24-75c6ba5ac48a	5636f4db-90e9-46c5-aaae-bfc7dc82ae60	2025-10-13	2025-10-13	2025-10-08	\N	2025-06-30 03:58:28.952546+00	2025-06-30 03:58:28.952546+00
353d7e8d-d7ff-42b9-8bcc-701560c618fd	5636f4db-90e9-46c5-aaae-bfc7dc82ae60	2025-10-20	2025-10-20	2025-10-15	\N	2025-06-30 03:58:28.952546+00	2025-06-30 03:58:28.952546+00
a9424fa8-f899-4eba-a7a5-c717a943cd2a	5636f4db-90e9-46c5-aaae-bfc7dc82ae60	2025-10-27	2025-10-27	2025-10-22	\N	2025-06-30 03:58:28.952546+00	2025-06-30 03:58:28.952546+00
d54adc09-1f34-450f-914b-4b40cc0522bc	5636f4db-90e9-46c5-aaae-bfc7dc82ae60	2025-11-03	2025-11-03	2025-10-29	\N	2025-06-30 03:58:28.952546+00	2025-06-30 03:58:28.952546+00
a0eb73e3-1140-42a3-a119-cb31fea45dce	5636f4db-90e9-46c5-aaae-bfc7dc82ae60	2025-11-10	2025-11-10	2025-11-05	\N	2025-06-30 03:58:28.952546+00	2025-06-30 03:58:28.952546+00
da2ec95c-c0c7-4287-90ea-cd7778651c01	5636f4db-90e9-46c5-aaae-bfc7dc82ae60	2025-11-17	2025-11-17	2025-11-12	\N	2025-06-30 03:58:28.952546+00	2025-06-30 03:58:28.952546+00
88ccf349-4922-42bc-8ab4-18a1a369bb03	5636f4db-90e9-46c5-aaae-bfc7dc82ae60	2025-11-24	2025-11-24	2025-11-19	\N	2025-06-30 03:58:28.952546+00	2025-06-30 03:58:28.952546+00
ef779e17-9407-4eb1-9c64-58888098fab5	5636f4db-90e9-46c5-aaae-bfc7dc82ae60	2025-12-01	2025-12-01	2025-11-26	\N	2025-06-30 03:58:28.952546+00	2025-06-30 03:58:28.952546+00
d19dabbb-4143-4b29-aa30-e01f5ae14011	5636f4db-90e9-46c5-aaae-bfc7dc82ae60	2025-12-08	2025-12-08	2025-12-03	\N	2025-06-30 03:58:28.952546+00	2025-06-30 03:58:28.952546+00
6359c159-0b34-48e1-b075-51a9f287bbbc	5636f4db-90e9-46c5-aaae-bfc7dc82ae60	2025-12-15	2025-12-15	2025-12-10	\N	2025-06-30 03:58:28.952546+00	2025-06-30 03:58:28.952546+00
d9bda0ca-46a5-4240-9fd4-75872013f16b	0fce8712-f65b-4dd5-96a9-d1c86c8b7138	2024-12-15	2024-12-16	2024-12-11	Adjusted from Sunday (15 Dec 2024) to next business day (Monday    16 Dec 2024)	2025-06-02 03:12:09.256581+00	2025-06-02 03:12:09.256581+00
b07fa349-4ab1-46be-aa00-f38aa99524b9	0fce8712-f65b-4dd5-96a9-d1c86c8b7138	2025-01-15	2025-01-15	2025-01-10	\N	2025-06-02 03:12:09.256581+00	2025-06-02 03:12:09.256581+00
3f7c6c23-6ef8-4e63-bd75-cb19e38e6df4	0fce8712-f65b-4dd5-96a9-d1c86c8b7138	2025-02-14	2025-02-14	2025-02-11	\N	2025-06-02 03:12:09.256581+00	2025-06-02 03:12:09.256581+00
d5072e22-aa39-4ad6-853f-27f231ad4789	0fce8712-f65b-4dd5-96a9-d1c86c8b7138	2025-03-15	2025-03-17	2025-03-12	Adjusted from Saturday (15 Mar 2025) to next business day (Monday    17 Mar 2025)	2025-06-02 03:12:09.256581+00	2025-06-02 03:12:09.256581+00
265c7c72-a8e3-4cc9-b0dc-a243d7091451	0fce8712-f65b-4dd5-96a9-d1c86c8b7138	2025-04-15	2025-04-15	2025-04-10	\N	2025-06-02 03:12:09.256581+00	2025-06-02 03:12:09.256581+00
d942aaa9-7e13-4cba-aab0-0f89f9ca6baa	0fce8712-f65b-4dd5-96a9-d1c86c8b7138	2025-05-15	2025-05-15	2025-05-12	\N	2025-06-02 03:12:09.256581+00	2025-06-02 03:12:09.256581+00
9b068398-a157-4ef5-8e4d-cc5ab1e5de56	0fce8712-f65b-4dd5-96a9-d1c86c8b7138	2025-06-15	2025-06-16	2025-06-11	Adjusted from Sunday (15 Jun 2025) to next business day (Monday    16 Jun 2025)	2025-06-02 03:12:09.256581+00	2025-06-02 03:12:09.256581+00
5663c28d-a3af-40fe-a1f1-066e74fc532f	0fce8712-f65b-4dd5-96a9-d1c86c8b7138	2025-07-15	2025-07-15	2025-07-10	\N	2025-06-02 03:12:09.256581+00	2025-06-02 03:12:09.256581+00
c8add897-b72f-41c5-a01e-dd50ec150a41	0fce8712-f65b-4dd5-96a9-d1c86c8b7138	2025-08-15	2025-08-15	2025-08-12	\N	2025-06-02 03:12:09.256581+00	2025-06-02 03:12:09.256581+00
10379e2e-93f2-4243-b9c5-e39d5b2082e5	0fce8712-f65b-4dd5-96a9-d1c86c8b7138	2025-09-15	2025-09-15	2025-09-10	\N	2025-06-02 03:12:09.256581+00	2025-06-02 03:12:09.256581+00
ea88c2b9-ca90-4f59-83f8-80d0c52000d1	0fce8712-f65b-4dd5-96a9-d1c86c8b7138	2025-10-15	2025-10-15	2025-10-10	\N	2025-06-02 03:12:09.256581+00	2025-06-02 03:12:09.256581+00
a5d63513-0790-451d-af6c-c367137cbc32	0fce8712-f65b-4dd5-96a9-d1c86c8b7138	2025-11-15	2025-11-17	2025-11-12	Adjusted from Saturday (15 Nov 2025) to next business day (Monday    17 Nov 2025)	2025-06-02 03:12:09.256581+00	2025-06-02 03:12:09.256581+00
9e7deba3-b3af-4e57-bfc7-2fff2e073198	0fce8712-f65b-4dd5-96a9-d1c86c8b7138	2025-12-15	2025-12-15	2025-12-10	\N	2025-06-02 03:12:09.256581+00	2025-06-02 03:12:09.256581+00
441798da-0d11-4385-b1e2-914e8c681a5a	0fce8712-f65b-4dd5-96a9-d1c86c8b7138	2026-01-15	2026-01-15	2026-01-12	\N	2025-06-02 03:12:09.256581+00	2025-06-02 03:12:09.256581+00
4d35025c-e83d-4c64-bb37-c82cc46390d3	0fce8712-f65b-4dd5-96a9-d1c86c8b7138	2026-02-14	2026-02-16	2026-02-11	Adjusted from Saturday (14 Feb 2026) to next business day (Monday    16 Feb 2026)	2025-06-02 03:12:09.256581+00	2025-06-02 03:12:09.256581+00
7c57fd72-c9d6-44f0-86ac-40aecf8f25d1	0fce8712-f65b-4dd5-96a9-d1c86c8b7138	2026-03-15	2026-03-16	2026-03-11	Adjusted from Sunday (15 Mar 2026) to next business day (Monday    16 Mar 2026)	2025-06-02 03:12:09.256581+00	2025-06-02 03:12:09.256581+00
59e31a9e-d03f-4d66-bf68-537a2d263b8e	0fce8712-f65b-4dd5-96a9-d1c86c8b7138	2026-04-15	2026-04-15	2026-04-10	\N	2025-06-02 03:12:09.256581+00	2025-06-02 03:12:09.256581+00
1d5508b9-6477-4dac-b6ed-aa8bc158a0ff	0fce8712-f65b-4dd5-96a9-d1c86c8b7138	2026-05-15	2026-05-15	2026-05-12	\N	2025-06-02 03:12:09.256581+00	2025-06-02 03:12:09.256581+00
0cc31ec6-7f35-4c6c-bfc0-b487b75ea65d	0fce8712-f65b-4dd5-96a9-d1c86c8b7138	2026-06-15	2026-06-15	2026-06-10	\N	2025-06-02 03:12:09.256581+00	2025-06-02 03:12:09.256581+00
6dae6e1b-90d7-4a18-8e8d-75250d1716eb	0fce8712-f65b-4dd5-96a9-d1c86c8b7138	2026-07-15	2026-07-15	2026-07-10	\N	2025-06-02 03:12:09.256581+00	2025-06-02 03:12:09.256581+00
80eef378-c9dd-40fb-8671-6ff9cae45e1f	0fce8712-f65b-4dd5-96a9-d1c86c8b7138	2026-08-15	2026-08-17	2026-08-12	Adjusted from Saturday (15 Aug 2026) to next business day (Monday    17 Aug 2026)	2025-06-02 03:12:09.256581+00	2025-06-02 03:12:09.256581+00
835a5383-043e-47a0-91e0-5718aeb9f280	0fce8712-f65b-4dd5-96a9-d1c86c8b7138	2026-09-15	2026-09-15	2026-09-10	\N	2025-06-02 03:12:09.256581+00	2025-06-02 03:12:09.256581+00
93e8852c-bf37-4169-a317-b37b51a5eec3	0fce8712-f65b-4dd5-96a9-d1c86c8b7138	2026-10-15	2026-10-15	2026-10-12	\N	2025-06-02 03:12:09.256581+00	2025-06-02 03:12:09.256581+00
23d6ffbd-1607-4d51-8654-cd8222878acb	0fce8712-f65b-4dd5-96a9-d1c86c8b7138	2026-11-15	2026-11-16	2026-11-11	Adjusted from Sunday (15 Nov 2026) to next business day (Monday    16 Nov 2026)	2025-06-02 03:12:09.256581+00	2025-06-02 03:12:09.256581+00
534b7f3c-5a91-4e3d-85aa-6f7e23141fda	0fce8712-f65b-4dd5-96a9-d1c86c8b7138	2026-12-15	2026-12-15	2026-12-10	\N	2025-06-02 03:12:09.256581+00	2025-06-02 03:12:09.256581+00
307c3932-a6f3-4c4c-b910-8e77b18c9ab9	0fce8712-f65b-4dd5-96a9-d1c86c8b7138	2027-01-15	2027-01-15	2027-01-12	\N	2025-06-02 03:12:09.256581+00	2025-06-02 03:12:09.256581+00
3dee1561-fc85-45e9-a91e-34a9903e5840	0fce8712-f65b-4dd5-96a9-d1c86c8b7138	2027-02-14	2027-02-15	2027-02-10	Adjusted from Sunday (14 Feb 2027) to next business day (Monday    15 Feb 2027)	2025-06-02 03:12:09.256581+00	2025-06-02 03:12:09.256581+00
92b3190b-ffcc-4a0b-91d0-6e5107d4319a	0fce8712-f65b-4dd5-96a9-d1c86c8b7138	2027-03-15	2027-03-15	2027-03-10	\N	2025-06-02 03:12:09.256581+00	2025-06-02 03:12:09.256581+00
516471cd-27c1-48d6-9e6f-0a17e841c02b	0fce8712-f65b-4dd5-96a9-d1c86c8b7138	2027-04-15	2027-04-15	2027-04-12	\N	2025-06-02 03:12:09.256581+00	2025-06-02 03:12:09.256581+00
d7342006-074e-4e29-a560-c27411e5dedb	0fce8712-f65b-4dd5-96a9-d1c86c8b7138	2027-05-15	2027-05-17	2027-05-12	Adjusted from Saturday (15 May 2027) to next business day (Monday    17 May 2027)	2025-06-02 03:12:09.256581+00	2025-06-02 03:12:09.256581+00
acfdce82-2e47-4b77-b53a-f54c9bc1a655	0fce8712-f65b-4dd5-96a9-d1c86c8b7138	2027-06-15	2027-06-15	2027-06-10	\N	2025-06-02 03:12:09.256581+00	2025-06-02 03:12:09.256581+00
0862f3eb-a097-4fa0-97d2-eedb20e7fa29	5c2ef179-308f-4545-bf7b-40c83b55f0c8	2024-12-29	2024-12-27	2024-12-19	Adjusted from Sunday (29 Dec 2024) to previous business day (Friday    27 Dec 2024)	2025-06-02 03:12:09.275683+00	2025-06-02 03:12:09.275683+00
2578fa86-5f68-4217-a123-f165f4c393ba	5c2ef179-308f-4545-bf7b-40c83b55f0c8	2025-01-29	2025-01-29	2025-01-22	\N	2025-06-02 03:12:09.275683+00	2025-06-02 03:12:09.275683+00
2918a2fd-ba9a-4d82-848f-3d9e19e6ccfa	5c2ef179-308f-4545-bf7b-40c83b55f0c8	2025-02-28	2025-02-28	2025-02-24	\N	2025-06-02 03:12:09.275683+00	2025-06-02 03:12:09.275683+00
aee6abfd-7a5f-49a4-8648-377245bdd154	5c2ef179-308f-4545-bf7b-40c83b55f0c8	2025-03-29	2025-03-28	2025-03-24	Adjusted from Saturday (29 Mar 2025) to previous business day (Friday    28 Mar 2025)	2025-06-02 03:12:09.275683+00	2025-06-02 03:12:09.275683+00
a295bd99-db70-4f93-b49c-f7d2568d971b	5c2ef179-308f-4545-bf7b-40c83b55f0c8	2025-04-29	2025-04-29	2025-04-22	\N	2025-06-02 03:12:09.275683+00	2025-06-02 03:12:09.275683+00
727b8efb-f152-47c7-a161-b76d38871006	5c2ef179-308f-4545-bf7b-40c83b55f0c8	2025-05-29	2025-05-29	2025-05-23	\N	2025-06-02 03:12:09.275683+00	2025-06-02 03:12:09.275683+00
314a4106-dd2a-4a26-9f23-b47fa6314f5b	5c2ef179-308f-4545-bf7b-40c83b55f0c8	2025-06-29	2025-06-27	2025-06-23	Adjusted from Sunday (29 Jun 2025) to previous business day (Friday    27 Jun 2025)	2025-06-02 03:12:09.275683+00	2025-06-02 03:12:09.275683+00
88717279-8383-4628-9d9b-bd73d429d1a2	5c2ef179-308f-4545-bf7b-40c83b55f0c8	2025-07-29	2025-07-29	2025-07-23	\N	2025-06-02 03:12:09.275683+00	2025-06-02 03:12:09.275683+00
8e05ce62-aa8f-4e25-91e4-0b263f859631	5c2ef179-308f-4545-bf7b-40c83b55f0c8	2025-08-29	2025-08-29	2025-08-25	\N	2025-06-02 03:12:09.275683+00	2025-06-02 03:12:09.275683+00
33c9fdc9-1ca3-486b-827a-6a5ef2036c10	5c2ef179-308f-4545-bf7b-40c83b55f0c8	2025-09-29	2025-09-26	2025-09-22	Adjusted from King's Birthday (Monday    29 Sep 2025) to previous business day (Friday    26 Sep 2025)	2025-06-02 03:12:09.275683+00	2025-06-02 03:12:09.275683+00
37593252-f018-47db-9aff-8155a266e7c6	5c2ef179-308f-4545-bf7b-40c83b55f0c8	2025-10-29	2025-10-29	2025-10-23	\N	2025-06-02 03:12:09.275683+00	2025-06-02 03:12:09.275683+00
9888b8b2-29f3-40fc-adea-c863a12f0252	5c2ef179-308f-4545-bf7b-40c83b55f0c8	2025-11-29	2025-11-28	2025-11-24	Adjusted from Saturday (29 Nov 2025) to previous business day (Friday    28 Nov 2025)	2025-06-02 03:12:09.275683+00	2025-06-02 03:12:09.275683+00
00c3b53d-ca38-4934-a078-a28c442e8dbb	5c2ef179-308f-4545-bf7b-40c83b55f0c8	2025-12-29	2025-12-29	2025-12-19	\N	2025-06-02 03:12:09.275683+00	2025-06-02 03:12:09.275683+00
c9b110c0-747f-44db-9d20-2cb3233faa0f	5c2ef179-308f-4545-bf7b-40c83b55f0c8	2026-01-29	2026-01-29	2026-01-22	\N	2025-06-02 03:12:09.275683+00	2025-06-02 03:12:09.275683+00
015f3933-a8d9-46a5-a876-2504aef5a947	5c2ef179-308f-4545-bf7b-40c83b55f0c8	2026-02-28	2026-02-27	2026-02-23	Adjusted from Saturday (28 Feb 2026) to previous business day (Friday    27 Feb 2026)	2025-06-02 03:12:09.275683+00	2025-06-02 03:12:09.275683+00
fe27a24f-1df0-4d47-9537-74ed9f8e53b4	5c2ef179-308f-4545-bf7b-40c83b55f0c8	2026-03-29	2026-03-27	2026-03-23	Adjusted from Sunday (29 Mar 2026) to previous business day (Friday    27 Mar 2026)	2025-06-02 03:12:09.275683+00	2025-06-02 03:12:09.275683+00
293296cb-fa95-48ab-a2df-79ee2df2f60f	5c2ef179-308f-4545-bf7b-40c83b55f0c8	2026-04-29	2026-04-29	2026-04-23	\N	2025-06-02 03:12:09.275683+00	2025-06-02 03:12:09.275683+00
2bae43ef-7b4d-4bd3-b27b-fe78ec84bd0d	5c2ef179-308f-4545-bf7b-40c83b55f0c8	2026-05-29	2026-05-29	2026-05-25	\N	2025-06-02 03:12:09.275683+00	2025-06-02 03:12:09.275683+00
6652e4cb-9c7e-4935-af43-1a98954f4efd	5c2ef179-308f-4545-bf7b-40c83b55f0c8	2026-06-29	2026-06-29	2026-06-23	\N	2025-06-02 03:12:09.275683+00	2025-06-02 03:12:09.275683+00
d8f1e636-0b35-4659-94ea-94c6c9a44882	5c2ef179-308f-4545-bf7b-40c83b55f0c8	2026-07-29	2026-07-29	2026-07-23	\N	2025-06-02 03:12:09.275683+00	2025-06-02 03:12:09.275683+00
142a4bc7-4a76-42e5-9907-347142e3e6c2	5c2ef179-308f-4545-bf7b-40c83b55f0c8	2026-08-29	2026-08-28	2026-08-24	Adjusted from Saturday (29 Aug 2026) to previous business day (Friday    28 Aug 2026)	2025-06-02 03:12:09.275683+00	2025-06-02 03:12:09.275683+00
9c3e6dc0-2469-4604-aafc-c5fe3d7e923b	5c2ef179-308f-4545-bf7b-40c83b55f0c8	2026-09-29	2026-09-29	2026-09-21	\N	2025-06-02 03:12:09.275683+00	2025-06-02 03:12:09.275683+00
0dd7b67b-e0df-46eb-80ed-a3c73e8594f6	5c2ef179-308f-4545-bf7b-40c83b55f0c8	2026-10-29	2026-10-29	2026-10-23	\N	2025-06-02 03:12:09.275683+00	2025-06-02 03:12:09.275683+00
5916208a-876d-4ce6-8874-7287cd048003	5c2ef179-308f-4545-bf7b-40c83b55f0c8	2026-11-29	2026-11-27	2026-11-23	Adjusted from Sunday (29 Nov 2026) to previous business day (Friday    27 Nov 2026)	2025-06-02 03:12:09.275683+00	2025-06-02 03:12:09.275683+00
46d3bf98-a56e-4e79-ae4b-c260d8f6d1ea	5c2ef179-308f-4545-bf7b-40c83b55f0c8	2026-12-29	2026-12-29	2026-12-21	\N	2025-06-02 03:12:09.275683+00	2025-06-02 03:12:09.275683+00
e787e34d-3516-4bd1-8c9c-7a8fc5397ce7	5c2ef179-308f-4545-bf7b-40c83b55f0c8	2027-01-29	2027-01-29	2027-01-25	\N	2025-06-02 03:12:09.275683+00	2025-06-02 03:12:09.275683+00
83579e6e-e916-4474-b467-ab0ab4f44e03	5c2ef179-308f-4545-bf7b-40c83b55f0c8	2027-02-28	2027-02-26	2027-02-22	Adjusted from Sunday (28 Feb 2027) to previous business day (Friday    26 Feb 2027)	2025-06-02 03:12:09.275683+00	2025-06-02 03:12:09.275683+00
888f38a4-6cb7-4a10-b560-63758db52194	5c2ef179-308f-4545-bf7b-40c83b55f0c8	2027-03-29	2027-03-29	2027-03-23	\N	2025-06-02 03:12:09.275683+00	2025-06-02 03:12:09.275683+00
41af818f-eaa3-4c60-8b72-f836a0abcf02	5c2ef179-308f-4545-bf7b-40c83b55f0c8	2027-04-29	2027-04-29	2027-04-23	\N	2025-06-02 03:12:09.275683+00	2025-06-02 03:12:09.275683+00
1da9b018-6053-4bd3-b4b1-fde5fa1c0dc2	5c2ef179-308f-4545-bf7b-40c83b55f0c8	2027-05-29	2027-05-28	2027-05-24	Adjusted from Saturday (29 May 2027) to previous business day (Friday    28 May 2027)	2025-06-02 03:12:09.275683+00	2025-06-02 03:12:09.275683+00
34535a5d-a53b-4451-ae22-339c593adf88	5c2ef179-308f-4545-bf7b-40c83b55f0c8	2027-06-29	2027-06-29	2027-06-23	\N	2025-06-02 03:12:09.275683+00	2025-06-02 03:12:09.275683+00
6905aebb-7299-423f-995d-27e5f6bee3e1	f4024875-34a3-4f82-a49d-e35a44726cda	2024-12-26	2024-12-24	2024-12-23	Adjusted from Boxing Day (Thursday  26 Dec 2024) to previous business day (Tuesday   24 Dec 2024)	2025-06-02 03:12:09.297685+00	2025-06-02 03:12:09.297685+00
c818f19c-1ea3-4986-ac63-451b80e26cf0	f4024875-34a3-4f82-a49d-e35a44726cda	2025-01-26	2025-01-24	2025-01-23	Adjusted from Sunday (26 Jan 2025) to previous business day (Friday    24 Jan 2025)	2025-06-02 03:12:09.297685+00	2025-06-02 03:12:09.297685+00
ec435da3-82f8-419d-9e1a-0b9f40a1c79d	f4024875-34a3-4f82-a49d-e35a44726cda	2025-02-26	2025-02-26	2025-02-25	\N	2025-06-02 03:12:09.297685+00	2025-06-02 03:12:09.297685+00
1bfdfa86-d5ca-4fa6-87f1-7b9ff922a325	f4024875-34a3-4f82-a49d-e35a44726cda	2025-03-26	2025-03-26	2025-03-25	\N	2025-06-02 03:12:09.297685+00	2025-06-02 03:12:09.297685+00
34335c91-7364-4eca-a1c3-e583eb9ee192	f4024875-34a3-4f82-a49d-e35a44726cda	2025-04-26	2025-04-24	2025-04-23	Adjusted from Saturday (26 Apr 2025) to previous business day (Thursday  24 Apr 2025)	2025-06-02 03:12:09.297685+00	2025-06-02 03:12:09.297685+00
aad67581-57c0-4d83-bfc3-b0ff4f8ed900	f4024875-34a3-4f82-a49d-e35a44726cda	2025-05-26	2025-05-26	2025-05-23	\N	2025-06-02 03:12:09.297685+00	2025-06-02 03:12:09.297685+00
137d2fbf-0a93-45a5-86f9-4975533bb03d	f4024875-34a3-4f82-a49d-e35a44726cda	2025-06-26	2025-06-26	2025-06-25	\N	2025-06-02 03:12:09.297685+00	2025-06-02 03:12:09.297685+00
775e6911-14ae-4fff-a80d-62ac7de68345	f4024875-34a3-4f82-a49d-e35a44726cda	2025-07-26	2025-07-25	2025-07-24	Adjusted from Saturday (26 Jul 2025) to previous business day (Friday    25 Jul 2025)	2025-06-02 03:12:09.297685+00	2025-06-02 03:12:09.297685+00
5d9f0ca7-1900-4038-b83e-bc2bcf7612c6	f4024875-34a3-4f82-a49d-e35a44726cda	2025-08-26	2025-08-26	2025-08-25	\N	2025-06-02 03:12:09.297685+00	2025-06-02 03:12:09.297685+00
3284d35c-e3be-42d0-996c-83e3ae368a36	f4024875-34a3-4f82-a49d-e35a44726cda	2025-09-26	2025-09-26	2025-09-25	\N	2025-06-02 03:12:09.297685+00	2025-06-02 03:12:09.297685+00
9bde29b0-842c-4fdd-9c58-56ce99b3cf63	f4024875-34a3-4f82-a49d-e35a44726cda	2025-10-26	2025-10-24	2025-10-23	Adjusted from Sunday (26 Oct 2025) to previous business day (Friday    24 Oct 2025)	2025-06-02 03:12:09.297685+00	2025-06-02 03:12:09.297685+00
54da5bfe-797c-43ed-9b6e-ec2afd34fc8d	f4024875-34a3-4f82-a49d-e35a44726cda	2025-11-26	2025-11-26	2025-11-25	\N	2025-06-02 03:12:09.297685+00	2025-06-02 03:12:09.297685+00
141daf20-90a6-47ae-a150-c85999fcfb4a	f4024875-34a3-4f82-a49d-e35a44726cda	2025-12-26	2025-12-24	2025-12-23	Adjusted from St. Stephen's Day (Friday    26 Dec 2025) to previous business day (Wednesday 24 Dec 2025)	2025-06-02 03:12:09.297685+00	2025-06-02 03:12:09.297685+00
be9ea688-df06-41f4-b618-de3fa270f84c	9f8bddfa-e60e-4a7d-8227-51e66d964028	2025-07-03	2025-07-03	2025-06-24	\N	2025-06-02 04:30:17.461051+00	2025-06-02 04:30:17.461051+00
65a27f0a-3262-431c-a2fe-e9801f80b429	f4024875-34a3-4f82-a49d-e35a44726cda	2026-01-26	2026-01-23	2026-01-22	Adjusted from Australia Day (Monday    26 Jan 2026) to previous business day (Friday    23 Jan 2026)	2025-06-02 03:12:09.297685+00	2025-06-02 03:12:09.297685+00
58b4aadf-86cc-4752-88eb-1b586d74c792	f4024875-34a3-4f82-a49d-e35a44726cda	2026-02-26	2026-02-26	2026-02-25	\N	2025-06-02 03:12:09.297685+00	2025-06-02 03:12:09.297685+00
02942628-c4b4-4df4-8861-5b55b3fce47c	f4024875-34a3-4f82-a49d-e35a44726cda	2026-03-26	2026-03-26	2026-03-25	\N	2025-06-02 03:12:09.297685+00	2025-06-02 03:12:09.297685+00
4360bfd3-d4e7-46fc-81c2-62e37d0f17f8	f4024875-34a3-4f82-a49d-e35a44726cda	2026-04-26	2026-04-24	2026-04-23	Adjusted from Sunday (26 Apr 2026) to previous business day (Friday    24 Apr 2026)	2025-06-02 03:12:09.297685+00	2025-06-02 03:12:09.297685+00
0a6f7cfe-2643-427d-8a3c-5d1b006f769f	f4024875-34a3-4f82-a49d-e35a44726cda	2026-05-26	2026-05-26	2026-05-25	\N	2025-06-02 03:12:09.297685+00	2025-06-02 03:12:09.297685+00
974e06cd-622b-4e43-b951-cc593ce7ad62	f4024875-34a3-4f82-a49d-e35a44726cda	2026-06-26	2026-06-26	2026-06-25	\N	2025-06-02 03:12:09.297685+00	2025-06-02 03:12:09.297685+00
2f927824-c0bf-4ed4-aa26-d67afc0d9a9e	f4024875-34a3-4f82-a49d-e35a44726cda	2026-07-26	2026-07-24	2026-07-23	Adjusted from Sunday (26 Jul 2026) to previous business day (Friday    24 Jul 2026)	2025-06-02 03:12:09.297685+00	2025-06-02 03:12:09.297685+00
11017a98-f325-4994-bc7e-387849b3e75e	f4024875-34a3-4f82-a49d-e35a44726cda	2026-08-26	2026-08-26	2026-08-25	\N	2025-06-02 03:12:09.297685+00	2025-06-02 03:12:09.297685+00
5881d6b0-99b0-4ad8-9da6-c0b9bd6dd598	f4024875-34a3-4f82-a49d-e35a44726cda	2026-09-26	2026-09-24	2026-09-23	Adjusted from Saturday (26 Sep 2026) to previous business day (Thursday  24 Sep 2026)	2025-06-02 03:12:09.297685+00	2025-06-02 03:12:09.297685+00
59aac439-78fe-4b25-bf81-11c3e7355f53	f4024875-34a3-4f82-a49d-e35a44726cda	2026-10-26	2026-10-26	2026-10-23	\N	2025-06-02 03:12:09.297685+00	2025-06-02 03:12:09.297685+00
5a900d9b-1f5e-42e4-82fa-fbc6f4c073de	f4024875-34a3-4f82-a49d-e35a44726cda	2026-11-26	2026-11-26	2026-11-25	\N	2025-06-02 03:12:09.297685+00	2025-06-02 03:12:09.297685+00
a807943f-31fa-4714-ab38-293ebec3ce81	f4024875-34a3-4f82-a49d-e35a44726cda	2026-12-26	2026-12-24	2026-12-23	Adjusted from Saturday (26 Dec 2026) to previous business day (Thursday  24 Dec 2026)	2025-06-02 03:12:09.297685+00	2025-06-02 03:12:09.297685+00
f7f9e90d-90dd-49f3-b87c-742d331632cc	f4024875-34a3-4f82-a49d-e35a44726cda	2027-01-26	2027-01-26	2027-01-25	\N	2025-06-02 03:12:09.297685+00	2025-06-02 03:12:09.297685+00
1131cf3f-1920-4a8f-96e9-72d4537c98b5	f4024875-34a3-4f82-a49d-e35a44726cda	2027-02-26	2027-02-26	2027-02-25	\N	2025-06-02 03:12:09.297685+00	2025-06-02 03:12:09.297685+00
61eed8a9-b961-4b06-8d09-8ac714805f5c	f4024875-34a3-4f82-a49d-e35a44726cda	2027-03-26	2027-03-26	2027-03-25	\N	2025-06-02 03:12:09.297685+00	2025-06-02 03:12:09.297685+00
84b5d631-6572-4b2a-acdd-7b29d2ca18c8	f4024875-34a3-4f82-a49d-e35a44726cda	2027-04-26	2027-04-26	2027-04-23	\N	2025-06-02 03:12:09.297685+00	2025-06-02 03:12:09.297685+00
6e7741d7-ae4d-49ca-adb0-dea89db13a66	f4024875-34a3-4f82-a49d-e35a44726cda	2027-05-26	2027-05-26	2027-05-25	\N	2025-06-02 03:12:09.297685+00	2025-06-02 03:12:09.297685+00
8b3d8c93-3aad-4ccf-89bd-8116a002be5e	f4024875-34a3-4f82-a49d-e35a44726cda	2027-06-26	2027-06-25	2027-06-24	Adjusted from Saturday (26 Jun 2027) to previous business day (Friday    25 Jun 2027)	2025-06-02 03:12:09.297685+00	2025-06-02 03:12:09.297685+00
1e7f957a-a6b1-4bb5-ad1e-98844eb132c6	fa68604a-99ab-4336-93ed-1bafeee40e8d	2024-12-10	2024-12-10	2024-12-06	\N	2025-06-02 03:12:09.314573+00	2025-06-02 03:12:09.314573+00
5d9eb832-b0f1-4e93-ad46-8d6a1b4218da	fa68604a-99ab-4336-93ed-1bafeee40e8d	2024-12-31	2024-12-31	2024-12-27	\N	2025-06-02 03:12:09.314573+00	2025-06-02 03:12:09.314573+00
1f33f6e4-6102-4e12-ac72-8a344266b32a	fa68604a-99ab-4336-93ed-1bafeee40e8d	2025-01-14	2025-01-14	2025-01-10	\N	2025-06-02 03:12:09.314573+00	2025-06-02 03:12:09.314573+00
c2d18445-171a-4971-8827-ada49c87331c	fa68604a-99ab-4336-93ed-1bafeee40e8d	2025-01-28	2025-01-28	2025-01-23	\N	2025-06-02 03:12:09.314573+00	2025-06-02 03:12:09.314573+00
1ecf5433-6508-4f1c-88d0-ab40a080bd9d	fa68604a-99ab-4336-93ed-1bafeee40e8d	2025-02-11	2025-02-11	2025-02-07	\N	2025-06-02 03:12:09.314573+00	2025-06-02 03:12:09.314573+00
aafc2a74-5b98-4020-b9a0-b2badf6e3145	fa68604a-99ab-4336-93ed-1bafeee40e8d	2025-02-25	2025-02-25	2025-02-21	\N	2025-06-02 03:12:09.314573+00	2025-06-02 03:12:09.314573+00
f1f782e4-bd1b-4079-8e8e-10d4567a2cd3	fa68604a-99ab-4336-93ed-1bafeee40e8d	2025-03-11	2025-03-11	2025-03-06	\N	2025-06-02 03:12:09.314573+00	2025-06-02 03:12:09.314573+00
5cd26195-692a-4f18-a2d4-0afd8eead4f7	fa68604a-99ab-4336-93ed-1bafeee40e8d	2025-03-25	2025-03-25	2025-03-21	\N	2025-06-02 03:12:09.314573+00	2025-06-02 03:12:09.314573+00
a81dc083-b801-4c9b-8268-be7cf15e5f20	fa68604a-99ab-4336-93ed-1bafeee40e8d	2025-04-08	2025-04-08	2025-04-04	\N	2025-06-02 03:12:09.314573+00	2025-06-02 03:12:09.314573+00
50b8b7a5-a701-436e-9309-5c08d4022a81	fa68604a-99ab-4336-93ed-1bafeee40e8d	2025-04-22	2025-04-22	2025-04-16	\N	2025-06-02 03:12:09.314573+00	2025-06-02 03:12:09.314573+00
cfac9426-70e4-486f-8419-e44dbf1582ea	fa68604a-99ab-4336-93ed-1bafeee40e8d	2025-05-06	2025-05-06	2025-05-01	\N	2025-06-02 03:12:09.314573+00	2025-06-02 03:12:09.314573+00
92a0e5e1-721b-47cd-86c2-d653f5499575	fa68604a-99ab-4336-93ed-1bafeee40e8d	2025-05-20	2025-05-20	2025-05-16	\N	2025-06-02 03:12:09.314573+00	2025-06-02 03:12:09.314573+00
1a905bd8-2402-4dbf-87a3-f7097a657a6c	5636f4db-90e9-46c5-aaae-bfc7dc82ae60	2025-12-22	2025-12-22	2025-12-17	\N	2025-06-30 03:58:28.952546+00	2025-06-30 03:58:28.952546+00
78b70f05-78d4-4db8-986c-e0a348d8288d	5636f4db-90e9-46c5-aaae-bfc7dc82ae60	2025-12-29	2025-12-29	2025-12-22	\N	2025-06-30 03:58:28.952546+00	2025-06-30 03:58:28.952546+00
9fedb7f9-f5d0-4b29-ab77-aafe2d14917e	5636f4db-90e9-46c5-aaae-bfc7dc82ae60	2026-01-05	2026-01-05	2025-12-30	\N	2025-06-30 03:58:28.952546+00	2025-06-30 03:58:28.952546+00
25527276-890c-4199-a3d6-122167d087e8	5636f4db-90e9-46c5-aaae-bfc7dc82ae60	2026-01-12	2026-01-12	2026-01-07	\N	2025-06-30 03:58:28.952546+00	2025-06-30 03:58:28.952546+00
26764f71-7035-47b6-a2a4-e630d4bf3088	5636f4db-90e9-46c5-aaae-bfc7dc82ae60	2026-01-19	2026-01-19	2026-01-14	\N	2025-06-30 03:58:28.952546+00	2025-06-30 03:58:28.952546+00
53ba12be-6cbf-49dd-88da-9d109a75b4f0	5636f4db-90e9-46c5-aaae-bfc7dc82ae60	2026-01-26	2026-01-23	2026-01-20	\N	2025-06-30 03:58:28.952546+00	2025-06-30 03:58:28.952546+00
0ff1ddf1-5158-4fca-bc0d-f6374c0cf587	5636f4db-90e9-46c5-aaae-bfc7dc82ae60	2026-02-02	2026-02-02	2026-01-28	\N	2025-06-30 03:58:28.952546+00	2025-06-30 03:58:28.952546+00
89227e87-9e5a-4e18-98ec-3dab5a3d5482	5636f4db-90e9-46c5-aaae-bfc7dc82ae60	2026-02-09	2026-02-09	2026-02-04	\N	2025-06-30 03:58:28.952546+00	2025-06-30 03:58:28.952546+00
93e0d615-6438-4bda-8607-a37c2ed2c6e8	5636f4db-90e9-46c5-aaae-bfc7dc82ae60	2026-02-16	2026-02-16	2026-02-11	\N	2025-06-30 03:58:28.952546+00	2025-06-30 03:58:28.952546+00
25ad1bdd-deb0-44d1-b1b6-85ad8640636c	5636f4db-90e9-46c5-aaae-bfc7dc82ae60	2026-02-23	2026-02-23	2026-02-18	\N	2025-06-30 03:58:28.952546+00	2025-06-30 03:58:28.952546+00
4f788c1e-f606-4699-8b92-55260c44436a	5636f4db-90e9-46c5-aaae-bfc7dc82ae60	2026-03-02	2026-02-27	2026-02-24	\N	2025-06-30 03:58:28.952546+00	2025-06-30 03:58:28.952546+00
46ef7d80-ea3f-432f-9593-8721cb530f49	5636f4db-90e9-46c5-aaae-bfc7dc82ae60	2026-03-09	2026-03-06	2026-03-03	\N	2025-06-30 03:58:28.952546+00	2025-06-30 03:58:28.952546+00
451bf8b4-f046-4da2-834d-669dcbe5d409	5636f4db-90e9-46c5-aaae-bfc7dc82ae60	2026-03-16	2026-03-16	2026-03-11	\N	2025-06-30 03:58:28.952546+00	2025-06-30 03:58:28.952546+00
507e1c20-f4f7-4289-9ba2-89efae3d61ef	5636f4db-90e9-46c5-aaae-bfc7dc82ae60	2026-03-23	2026-03-23	2026-03-18	\N	2025-06-30 03:58:28.952546+00	2025-06-30 03:58:28.952546+00
b67fb259-283e-4131-86e7-8c621e0cb947	5636f4db-90e9-46c5-aaae-bfc7dc82ae60	2026-03-30	2026-03-30	2026-03-25	\N	2025-06-30 03:58:28.952546+00	2025-06-30 03:58:28.952546+00
0ab5f4bc-fd07-4a6f-a09b-54af32b9ede6	5636f4db-90e9-46c5-aaae-bfc7dc82ae60	2026-04-06	2026-04-02	2026-03-30	\N	2025-06-30 03:58:28.952546+00	2025-06-30 03:58:28.952546+00
362869b4-2f93-4236-a016-0fce63e91712	5636f4db-90e9-46c5-aaae-bfc7dc82ae60	2026-04-13	2026-04-13	2026-04-08	\N	2025-06-30 03:58:28.952546+00	2025-06-30 03:58:28.952546+00
a4ac5f7e-79ee-4daa-852c-3b5af3343eac	5636f4db-90e9-46c5-aaae-bfc7dc82ae60	2026-04-20	2026-04-20	2026-04-15	\N	2025-06-30 03:58:28.952546+00	2025-06-30 03:58:28.952546+00
fcdfc094-73db-49a0-a870-b6250e255781	5636f4db-90e9-46c5-aaae-bfc7dc82ae60	2026-04-27	2026-04-27	2026-04-22	\N	2025-06-30 03:58:28.952546+00	2025-06-30 03:58:28.952546+00
67b2cebb-4478-47c2-84e4-5586c1e70cbf	5636f4db-90e9-46c5-aaae-bfc7dc82ae60	2026-05-04	2026-05-01	2026-04-28	\N	2025-06-30 03:58:28.952546+00	2025-06-30 03:58:28.952546+00
23a34ac2-b6b8-43c6-9ba0-1884cb5a9d72	5636f4db-90e9-46c5-aaae-bfc7dc82ae60	2026-05-11	2026-05-11	2026-05-06	\N	2025-06-30 03:58:28.952546+00	2025-06-30 03:58:28.952546+00
031441df-d960-42ab-890d-1e0ca3617ba7	5636f4db-90e9-46c5-aaae-bfc7dc82ae60	2026-05-18	2026-05-18	2026-05-13	\N	2025-06-30 03:58:28.952546+00	2025-06-30 03:58:28.952546+00
ffb715ac-8f3f-464d-88d6-e67c73e10e7d	5636f4db-90e9-46c5-aaae-bfc7dc82ae60	2026-05-25	2026-05-25	2026-05-20	\N	2025-06-30 03:58:28.952546+00	2025-06-30 03:58:28.952546+00
a9c57f47-a1db-4fc7-bf41-47df54070109	5636f4db-90e9-46c5-aaae-bfc7dc82ae60	2026-06-01	2026-05-29	2026-05-26	\N	2025-06-30 03:58:28.952546+00	2025-06-30 03:58:28.952546+00
ba7003c4-71ef-4ebe-95fc-f1d2f260025a	5636f4db-90e9-46c5-aaae-bfc7dc82ae60	2026-06-08	2026-06-05	2026-06-02	\N	2025-06-30 03:58:28.952546+00	2025-06-30 03:58:28.952546+00
24584ecd-29a2-4fe7-9cda-2aa97d3542b3	5636f4db-90e9-46c5-aaae-bfc7dc82ae60	2026-06-15	2026-06-15	2026-06-10	\N	2025-06-30 03:58:28.952546+00	2025-06-30 03:58:28.952546+00
59cdc629-83df-4900-bbf1-1806c4d9c80f	5636f4db-90e9-46c5-aaae-bfc7dc82ae60	2026-06-22	2026-06-22	2026-06-17	\N	2025-06-30 03:58:28.952546+00	2025-06-30 03:58:28.952546+00
d9eb7607-81d9-4d2f-9180-c0fb28f7d2b5	5636f4db-90e9-46c5-aaae-bfc7dc82ae60	2026-06-29	2026-06-29	2026-06-24	\N	2025-06-30 03:58:28.952546+00	2025-06-30 03:58:28.952546+00
ad3bbba6-4dfd-4f68-b177-89ec634a5bb2	5636f4db-90e9-46c5-aaae-bfc7dc82ae60	2025-08-04	2025-08-01	2025-07-29	Test Note	2025-06-30 03:58:28.952546+00	2025-06-30 23:45:27.266324+00
760bd1fa-bc64-4c05-b421-1025b17e4dca	6cae0f5c-d909-4e24-ab78-ccf3543ed7f5	2024-12-09	2024-12-09	2024-12-05	\N	2025-06-02 03:58:43.250103+00	2025-06-02 03:58:43.250103+00
d4ed46bb-a5f6-4cc3-992a-ab92cc04fc8c	6cae0f5c-d909-4e24-ab78-ccf3543ed7f5	2024-12-30	2024-12-30	2024-12-24	\N	2025-06-02 03:58:43.250103+00	2025-06-02 03:58:43.250103+00
2d7263f4-141c-4cad-a060-1e29ac4ce26a	6cae0f5c-d909-4e24-ab78-ccf3543ed7f5	2025-01-13	2025-01-13	2025-01-09	\N	2025-06-02 03:58:43.250103+00	2025-06-02 03:58:43.250103+00
601e6f5a-44a2-4934-88df-297c8e2f78c6	6cae0f5c-d909-4e24-ab78-ccf3543ed7f5	2025-01-27	2025-01-24	2025-01-22	Adjusted from Australia Day (Monday    27 Jan 2025) to previous business day (Friday    24 Jan 2025)	2025-06-02 03:58:43.250103+00	2025-06-02 03:58:43.250103+00
35632137-2326-4d15-b894-36bcc5ad53e6	6cae0f5c-d909-4e24-ab78-ccf3543ed7f5	2025-02-10	2025-02-10	2025-02-06	\N	2025-06-02 03:58:43.250103+00	2025-06-02 03:58:43.250103+00
2b52306e-5f36-48d4-b468-8ce89007e703	6cae0f5c-d909-4e24-ab78-ccf3543ed7f5	2025-02-24	2025-02-24	2025-02-20	\N	2025-06-02 03:58:43.250103+00	2025-06-02 03:58:43.250103+00
8da71cb9-aca2-4cf2-b684-3cc574fd659d	6cae0f5c-d909-4e24-ab78-ccf3543ed7f5	2025-03-10	2025-03-07	2025-03-05	Adjusted from March Public Holiday (Monday    10 Mar 2025) to previous business day (Friday    07 Mar 2025)	2025-06-02 03:58:43.250103+00	2025-06-02 03:58:43.250103+00
59ee351e-b782-4bbb-a70a-4b41d49f6956	6cae0f5c-d909-4e24-ab78-ccf3543ed7f5	2025-03-24	2025-03-24	2025-03-20	\N	2025-06-02 03:58:43.250103+00	2025-06-02 03:58:43.250103+00
03d3e6d1-05fd-476d-ac1c-fe63c310d597	6cae0f5c-d909-4e24-ab78-ccf3543ed7f5	2025-04-07	2025-04-07	2025-04-03	\N	2025-06-02 03:58:43.250103+00	2025-06-02 03:58:43.250103+00
cdab0124-f826-41d2-81a6-5b99b6a09c20	6cae0f5c-d909-4e24-ab78-ccf3543ed7f5	2025-04-21	2025-04-17	2025-04-15	Adjusted from Easter Monday (Monday    21 Apr 2025) to previous business day (Thursday  17 Apr 2025)	2025-06-02 03:58:43.250103+00	2025-06-02 03:58:43.250103+00
11c724a0-f1dc-48eb-ad0f-aaff77d1fb2f	6cae0f5c-d909-4e24-ab78-ccf3543ed7f5	2025-05-05	2025-05-02	2025-04-30	Adjusted from May Day (Monday    05 May 2025) to previous business day (Friday    02 May 2025)	2025-06-02 03:58:43.250103+00	2025-06-02 03:58:43.250103+00
24f459bb-e3c4-41e6-bb8e-d186009b66ed	6cae0f5c-d909-4e24-ab78-ccf3543ed7f5	2025-05-19	2025-05-19	2025-05-15	\N	2025-06-02 03:58:43.250103+00	2025-06-02 03:58:43.250103+00
233b38db-917e-4d27-8f2f-a04b727c06f7	6cae0f5c-d909-4e24-ab78-ccf3543ed7f5	2025-06-02	2025-05-30	2025-05-28	Adjusted from Reconciliation Day (Monday    02 Jun 2025) to previous business day (Friday    30 May 2025)	2025-06-02 03:58:43.250103+00	2025-06-02 03:58:43.250103+00
056aa86b-881d-45ba-a837-a8d4009686d4	6cae0f5c-d909-4e24-ab78-ccf3543ed7f5	2025-06-16	2025-06-16	2025-06-12	\N	2025-06-02 03:58:43.250103+00	2025-06-02 03:58:43.250103+00
ddbeb106-0fe7-4c81-bb86-acea11c42f33	6cae0f5c-d909-4e24-ab78-ccf3543ed7f5	2025-06-30	2025-06-30	2025-06-26	\N	2025-06-02 03:58:43.250103+00	2025-06-02 03:58:43.250103+00
460160a6-ae99-4f20-928f-53d589e61a0a	6cae0f5c-d909-4e24-ab78-ccf3543ed7f5	2025-07-14	2025-07-14	2025-07-10	\N	2025-06-02 03:58:43.250103+00	2025-06-02 03:58:43.250103+00
85865a66-694a-4ed4-87a8-8821e1f1e99c	6cae0f5c-d909-4e24-ab78-ccf3543ed7f5	2025-07-28	2025-07-28	2025-07-24	\N	2025-06-02 03:58:43.250103+00	2025-06-02 03:58:43.250103+00
da16018c-bcdf-4daa-a106-d736abb25679	6cae0f5c-d909-4e24-ab78-ccf3543ed7f5	2025-08-11	2025-08-11	2025-08-07	\N	2025-06-02 03:58:43.250103+00	2025-06-02 03:58:43.250103+00
6214c925-6d1d-462b-a5f6-91f10c10af02	6cae0f5c-d909-4e24-ab78-ccf3543ed7f5	2025-08-25	2025-08-25	2025-08-21	\N	2025-06-02 03:58:43.250103+00	2025-06-02 03:58:43.250103+00
9b371fda-5b54-451c-a7df-da75df2da078	6cae0f5c-d909-4e24-ab78-ccf3543ed7f5	2025-09-08	2025-09-08	2025-09-04	\N	2025-06-02 03:58:43.250103+00	2025-06-02 03:58:43.250103+00
8658dd36-aae2-4dc5-83f1-2325fbd11429	6cae0f5c-d909-4e24-ab78-ccf3543ed7f5	2025-09-22	2025-09-22	2025-09-18	\N	2025-06-02 03:58:43.250103+00	2025-06-02 03:58:43.250103+00
48929e40-17f1-4371-b411-cfec1d6c0301	6cae0f5c-d909-4e24-ab78-ccf3543ed7f5	2025-10-06	2025-10-03	2025-10-01	Adjusted from Labour Day (Monday    06 Oct 2025) to previous business day (Friday    03 Oct 2025)	2025-06-02 03:58:43.250103+00	2025-06-02 03:58:43.250103+00
5d29cbd9-6289-4e92-a4b3-81489e44b141	6cae0f5c-d909-4e24-ab78-ccf3543ed7f5	2025-10-20	2025-10-20	2025-10-16	\N	2025-06-02 03:58:43.250103+00	2025-06-02 03:58:43.250103+00
97820998-b019-4c2d-ba4a-2bb93cfeef92	6cae0f5c-d909-4e24-ab78-ccf3543ed7f5	2025-11-03	2025-11-03	2025-10-30	\N	2025-06-02 03:58:43.250103+00	2025-06-02 03:58:43.250103+00
e86bace7-1f2e-47cd-b34f-c5df9f0ac844	6cae0f5c-d909-4e24-ab78-ccf3543ed7f5	2025-11-17	2025-11-17	2025-11-13	\N	2025-06-02 03:58:43.250103+00	2025-06-02 03:58:43.250103+00
a87c1b55-69c8-40b2-b472-bf2ead9f4f9a	6cae0f5c-d909-4e24-ab78-ccf3543ed7f5	2025-12-01	2025-12-01	2025-11-27	\N	2025-06-02 03:58:43.250103+00	2025-06-02 03:58:43.250103+00
0ef9c5a5-bc30-4460-ac60-4e5d0a0f153a	6cae0f5c-d909-4e24-ab78-ccf3543ed7f5	2025-12-15	2025-12-15	2025-12-11	\N	2025-06-02 03:58:43.250103+00	2025-06-02 03:58:43.250103+00
55df5de1-6b0a-4564-8b1b-7a5ea89a93f2	6cae0f5c-d909-4e24-ab78-ccf3543ed7f5	2025-12-29	2025-12-29	2025-12-23	\N	2025-06-02 03:58:43.250103+00	2025-06-02 03:58:43.250103+00
cc859fdc-a3f2-4b43-8cfc-dc8101904a89	6cae0f5c-d909-4e24-ab78-ccf3543ed7f5	2026-01-12	2026-01-12	2026-01-08	\N	2025-06-02 03:58:43.250103+00	2025-06-02 03:58:43.250103+00
cb0df553-eaf3-4138-b98e-a2887ceede92	6cae0f5c-d909-4e24-ab78-ccf3543ed7f5	2026-01-26	2026-01-23	2026-01-21	Adjusted from Australia Day (Monday    26 Jan 2026) to previous business day (Friday    23 Jan 2026)	2025-06-02 03:58:43.250103+00	2025-06-02 03:58:43.250103+00
bc3a69da-d9a5-4aee-a0fb-034f7c67217a	6cae0f5c-d909-4e24-ab78-ccf3543ed7f5	2026-02-09	2026-02-09	2026-02-05	\N	2025-06-02 03:58:43.250103+00	2025-06-02 03:58:43.250103+00
62dc1d46-0f57-4223-8ea4-b552e95d9a2e	6cae0f5c-d909-4e24-ab78-ccf3543ed7f5	2026-02-23	2026-02-23	2026-02-19	\N	2025-06-02 03:58:43.250103+00	2025-06-02 03:58:43.250103+00
117ed948-0295-404e-9fbd-b22712cc028f	6cae0f5c-d909-4e24-ab78-ccf3543ed7f5	2026-03-09	2026-03-06	2026-03-04	Adjusted from Canberra Day (Monday    09 Mar 2026) to previous business day (Friday    06 Mar 2026)	2025-06-02 03:58:43.250103+00	2025-06-02 03:58:43.250103+00
091e0f9e-8896-474a-9513-5f368ed45e6b	6cae0f5c-d909-4e24-ab78-ccf3543ed7f5	2026-03-23	2026-03-23	2026-03-19	\N	2025-06-02 03:58:43.250103+00	2025-06-02 03:58:43.250103+00
4a7c4a72-dbc4-4bef-b168-9756887fd54f	6cae0f5c-d909-4e24-ab78-ccf3543ed7f5	2026-04-06	2026-04-02	2026-03-31	Adjusted from Easter Monday (Monday    06 Apr 2026) to previous business day (Thursday  02 Apr 2026)	2025-06-02 03:58:43.250103+00	2025-06-02 03:58:43.250103+00
dd66c40a-bef9-41e3-abef-826034ceb9fc	6cae0f5c-d909-4e24-ab78-ccf3543ed7f5	2026-04-20	2026-04-20	2026-04-16	\N	2025-06-02 03:58:43.250103+00	2025-06-02 03:58:43.250103+00
01cf295e-32eb-4e00-9e9f-4410c15b1d23	6cae0f5c-d909-4e24-ab78-ccf3543ed7f5	2026-05-04	2026-05-01	2026-04-29	Adjusted from May Day (Monday    04 May 2026) to previous business day (Friday    01 May 2026)	2025-06-02 03:58:43.250103+00	2025-06-02 03:58:43.250103+00
0e94fe9f-11c0-468d-9cbf-a84c3495d617	6cae0f5c-d909-4e24-ab78-ccf3543ed7f5	2026-05-18	2026-05-18	2026-05-14	\N	2025-06-02 03:58:43.250103+00	2025-06-02 03:58:43.250103+00
9ff44f8e-009d-4d01-b81e-ade4963a5dfd	6cae0f5c-d909-4e24-ab78-ccf3543ed7f5	2026-06-01	2026-05-29	2026-05-27	Adjusted from Reconciliation Day (Monday    01 Jun 2026) to previous business day (Friday    29 May 2026)	2025-06-02 03:58:43.250103+00	2025-06-02 03:58:43.250103+00
b12b427e-3fa7-4a7c-892f-3d55be9bd266	6cae0f5c-d909-4e24-ab78-ccf3543ed7f5	2026-06-15	2026-06-15	2026-06-11	\N	2025-06-02 03:58:43.250103+00	2025-06-02 03:58:43.250103+00
fcac2778-399b-4849-a0e6-9a1a2e5e1c67	6cae0f5c-d909-4e24-ab78-ccf3543ed7f5	2026-06-29	2026-06-29	2026-06-25	\N	2025-06-02 03:58:43.250103+00	2025-06-02 03:58:43.250103+00
39c4f2b5-1d40-4f01-98c3-bf9e865ee2e7	6cae0f5c-d909-4e24-ab78-ccf3543ed7f5	2026-07-13	2026-07-13	2026-07-09	\N	2025-06-02 03:58:43.250103+00	2025-06-02 03:58:43.250103+00
f48f7cd1-cec7-4f11-beb6-baca9df2eefb	6cae0f5c-d909-4e24-ab78-ccf3543ed7f5	2026-07-27	2026-07-27	2026-07-23	\N	2025-06-02 03:58:43.250103+00	2025-06-02 03:58:43.250103+00
aa57097f-212f-4287-bc4e-1ad7ca70c17e	6cae0f5c-d909-4e24-ab78-ccf3543ed7f5	2026-08-10	2026-08-10	2026-08-06	\N	2025-06-02 03:58:43.250103+00	2025-06-02 03:58:43.250103+00
36f98c54-007a-4fdb-ba91-dd360bf131cc	6cae0f5c-d909-4e24-ab78-ccf3543ed7f5	2026-08-24	2026-08-24	2026-08-20	\N	2025-06-02 03:58:43.250103+00	2025-06-02 03:58:43.250103+00
abdd1118-1daf-4808-96ba-f48acb47b047	6cae0f5c-d909-4e24-ab78-ccf3543ed7f5	2026-09-07	2026-09-07	2026-09-03	\N	2025-06-02 03:58:43.250103+00	2025-06-02 03:58:43.250103+00
a383a8a8-386e-4a72-9932-408448d44080	6cae0f5c-d909-4e24-ab78-ccf3543ed7f5	2026-09-21	2026-09-21	2026-09-17	\N	2025-06-02 03:58:43.250103+00	2025-06-02 03:58:43.250103+00
00da0533-f210-4229-8fa7-aaae950817f7	6cae0f5c-d909-4e24-ab78-ccf3543ed7f5	2026-10-05	2026-10-02	2026-09-30	Adjusted from Labour Day (Monday    05 Oct 2026) to previous business day (Friday    02 Oct 2026)	2025-06-02 03:58:43.250103+00	2025-06-02 03:58:43.250103+00
086ef269-c684-4764-a73c-abc43e21069c	6cae0f5c-d909-4e24-ab78-ccf3543ed7f5	2026-10-19	2026-10-19	2026-10-15	\N	2025-06-02 03:58:43.250103+00	2025-06-02 03:58:43.250103+00
867f50b6-e59a-4bf6-9e6b-7b264c90176e	6cae0f5c-d909-4e24-ab78-ccf3543ed7f5	2026-11-02	2026-11-02	2026-10-29	\N	2025-06-02 03:58:43.250103+00	2025-06-02 03:58:43.250103+00
1a9e8bf3-de99-4c27-8711-f0281720bb84	6cae0f5c-d909-4e24-ab78-ccf3543ed7f5	2026-11-16	2026-11-16	2026-11-12	\N	2025-06-02 03:58:43.250103+00	2025-06-02 03:58:43.250103+00
a0d888b5-7e37-47d4-b178-623c8fc565bc	6cae0f5c-d909-4e24-ab78-ccf3543ed7f5	2026-11-30	2026-11-30	2026-11-26	\N	2025-06-02 03:58:43.250103+00	2025-06-02 03:58:43.250103+00
0ee7ec15-abcc-4883-af96-dcf51f90af8d	9f8bddfa-e60e-4a7d-8227-51e66d964028	2025-07-17	2025-07-17	2025-07-08	\N	2025-06-02 04:30:17.461051+00	2025-06-02 04:30:17.461051+00
9fe9cd29-2114-413a-8802-db8548a5cd6c	9f8bddfa-e60e-4a7d-8227-51e66d964028	2025-07-31	2025-07-31	2025-07-22	\N	2025-06-02 04:30:17.461051+00	2025-06-02 04:30:17.461051+00
76ef7864-cd9a-49c9-b207-2d4ce2bf9326	9f8bddfa-e60e-4a7d-8227-51e66d964028	2025-08-14	2025-08-14	2025-08-05	\N	2025-06-02 04:30:17.461051+00	2025-06-02 04:30:17.461051+00
2a81266e-0e3b-4687-a0a8-d5da9ebe88d8	9f8bddfa-e60e-4a7d-8227-51e66d964028	2025-08-28	2025-08-28	2025-08-19	\N	2025-06-02 04:30:17.461051+00	2025-06-02 04:30:17.461051+00
39fa0c20-5b09-4a98-9695-45d5d3eac1d9	9f8bddfa-e60e-4a7d-8227-51e66d964028	2025-09-11	2025-09-11	2025-09-02	\N	2025-06-02 04:30:17.461051+00	2025-06-02 04:30:17.461051+00
6209f4cf-08e9-4456-8c5a-86b36e445c82	9f8bddfa-e60e-4a7d-8227-51e66d964028	2025-09-25	2025-09-25	2025-09-16	\N	2025-06-02 04:30:17.461051+00	2025-06-02 04:30:17.461051+00
93a4b300-4c3d-422f-8d12-9b36513199d8	9f8bddfa-e60e-4a7d-8227-51e66d964028	2025-10-09	2025-10-09	2025-09-26	\N	2025-06-02 04:30:17.461051+00	2025-06-02 04:30:17.461051+00
f3c231f0-a4a2-417a-bd59-7962d1103ed8	9f8bddfa-e60e-4a7d-8227-51e66d964028	2025-10-23	2025-10-23	2025-10-14	\N	2025-06-02 04:30:17.461051+00	2025-06-02 04:30:17.461051+00
0ca292c4-a401-499d-894a-8ec8b2da15c2	9f8bddfa-e60e-4a7d-8227-51e66d964028	2025-11-06	2025-11-06	2025-10-27	\N	2025-06-02 04:30:17.461051+00	2025-06-02 04:30:17.461051+00
ddb02cfa-beae-40b1-a53e-8efe856dbaf3	9f8bddfa-e60e-4a7d-8227-51e66d964028	2025-11-20	2025-11-20	2025-11-11	\N	2025-06-02 04:30:17.461051+00	2025-06-02 04:30:17.461051+00
a38d62f9-2bcc-45b7-a760-cfdd2a6e189e	9f8bddfa-e60e-4a7d-8227-51e66d964028	2025-12-04	2025-12-04	2025-11-25	\N	2025-06-02 04:30:17.461051+00	2025-06-02 04:30:17.461051+00
efa29f1d-4303-4295-bf79-4621b07103c6	9f8bddfa-e60e-4a7d-8227-51e66d964028	2025-12-18	2025-12-18	2025-12-09	\N	2025-06-02 04:30:17.461051+00	2025-06-02 04:30:17.461051+00
fdc1a58d-68f0-4aac-9b6c-82498ba1e0ce	9f8bddfa-e60e-4a7d-8227-51e66d964028	2026-01-01	2025-12-31	2025-12-18	Adjusted from New Year's Day (Thursday  01 Jan 2026) to previous business day (Wednesday 31 Dec 2025)	2025-06-02 04:30:17.461051+00	2025-06-02 04:30:17.461051+00
335edc7d-fb67-4a40-b160-9206c065dbb1	9f8bddfa-e60e-4a7d-8227-51e66d964028	2026-01-15	2026-01-15	2026-01-06	\N	2025-06-02 04:30:17.461051+00	2025-06-02 04:30:17.461051+00
39401138-95ee-4ce4-95c5-f6d6be7d50c1	9f8bddfa-e60e-4a7d-8227-51e66d964028	2026-01-29	2026-01-29	2026-01-19	\N	2025-06-02 04:30:17.461051+00	2025-06-02 04:30:17.461051+00
ae11dd86-d2fb-47c0-b185-8705091d9106	9f8bddfa-e60e-4a7d-8227-51e66d964028	2026-02-12	2026-02-12	2026-02-03	\N	2025-06-02 04:30:17.461051+00	2025-06-02 04:30:17.461051+00
9c9da0f0-e2cc-4404-bf10-b7150fa465cb	9f8bddfa-e60e-4a7d-8227-51e66d964028	2026-02-26	2026-02-26	2026-02-17	\N	2025-06-02 04:30:17.461051+00	2025-06-02 04:30:17.461051+00
254838fd-a031-44ab-8a2f-8b05f3b5ce31	9f8bddfa-e60e-4a7d-8227-51e66d964028	2026-03-12	2026-03-12	2026-02-27	\N	2025-06-02 04:30:17.461051+00	2025-06-02 04:30:17.461051+00
24c92cae-9340-40ad-8628-27de70864b7d	9f8bddfa-e60e-4a7d-8227-51e66d964028	2026-03-26	2026-03-26	2026-03-17	\N	2025-06-02 04:30:17.461051+00	2025-06-02 04:30:17.461051+00
c52ca482-23a8-4385-b264-15487103b61a	9f8bddfa-e60e-4a7d-8227-51e66d964028	2026-04-09	2026-04-09	2026-03-27	\N	2025-06-02 04:30:17.461051+00	2025-06-02 04:30:17.461051+00
1c19f098-d97e-4c35-af89-3f273c341a7a	9f8bddfa-e60e-4a7d-8227-51e66d964028	2026-04-23	2026-04-23	2026-04-14	\N	2025-06-02 04:30:17.461051+00	2025-06-02 04:30:17.461051+00
1bba15d5-aaf1-459b-ae71-9acb38cf7c8f	9f8bddfa-e60e-4a7d-8227-51e66d964028	2026-05-07	2026-05-07	2026-04-27	\N	2025-06-02 04:30:17.461051+00	2025-06-02 04:30:17.461051+00
763a0c56-3efe-4122-a52b-d6ef5d639a75	9f8bddfa-e60e-4a7d-8227-51e66d964028	2026-05-21	2026-05-21	2026-05-12	\N	2025-06-02 04:30:17.461051+00	2025-06-02 04:30:17.461051+00
66975401-11be-4f29-aabf-0697babda880	9f8bddfa-e60e-4a7d-8227-51e66d964028	2026-06-04	2026-06-04	2026-05-25	\N	2025-06-02 04:30:17.461051+00	2025-06-02 04:30:17.461051+00
c18d2bea-04d3-4474-94c7-bf9dab8d26c5	9f8bddfa-e60e-4a7d-8227-51e66d964028	2026-06-18	2026-06-18	2026-06-09	\N	2025-06-02 04:30:17.461051+00	2025-06-02 04:30:17.461051+00
c6751681-e9dc-471a-a3da-d0190585227f	9f8bddfa-e60e-4a7d-8227-51e66d964028	2026-07-02	2026-07-02	2026-06-23	\N	2025-06-02 04:30:17.461051+00	2025-06-02 04:30:17.461051+00
c337906d-50ed-4a8b-9717-7504e5125353	9f8bddfa-e60e-4a7d-8227-51e66d964028	2026-07-16	2026-07-16	2026-07-07	\N	2025-06-02 04:30:17.461051+00	2025-06-02 04:30:17.461051+00
549bf934-74d9-43ab-a765-77ed6c3bcd9f	9f8bddfa-e60e-4a7d-8227-51e66d964028	2026-07-30	2026-07-30	2026-07-21	\N	2025-06-02 04:30:17.461051+00	2025-06-02 04:30:17.461051+00
2c60deaf-531a-434b-b96a-510d4f6e3dfb	9f8bddfa-e60e-4a7d-8227-51e66d964028	2026-08-13	2026-08-13	2026-08-04	\N	2025-06-02 04:30:17.461051+00	2025-06-02 04:30:17.461051+00
19155abd-1fae-4d94-83ac-63e1c706c0be	9f8bddfa-e60e-4a7d-8227-51e66d964028	2026-08-27	2026-08-27	2026-08-18	\N	2025-06-02 04:30:17.461051+00	2025-06-02 04:30:17.461051+00
41ce50c8-cc4a-40e4-97c3-00a18607b571	9f8bddfa-e60e-4a7d-8227-51e66d964028	2026-09-10	2026-09-10	2026-09-01	\N	2025-06-02 04:30:17.461051+00	2025-06-02 04:30:17.461051+00
e9d4e446-262b-48bc-a3fb-a373beb32028	9f8bddfa-e60e-4a7d-8227-51e66d964028	2026-09-24	2026-09-24	2026-09-15	\N	2025-06-02 04:30:17.461051+00	2025-06-02 04:30:17.461051+00
0eb80d2e-32ee-41ef-822f-a788a9017440	9f8bddfa-e60e-4a7d-8227-51e66d964028	2026-10-08	2026-10-08	2026-09-24	\N	2025-06-02 04:30:17.461051+00	2025-06-02 04:30:17.461051+00
965db041-528f-420f-90c2-992238ee958b	9f8bddfa-e60e-4a7d-8227-51e66d964028	2026-10-22	2026-10-22	2026-10-13	\N	2025-06-02 04:30:17.461051+00	2025-06-02 04:30:17.461051+00
d68581c7-435a-45c3-adc3-c9cd5ad22a26	9f8bddfa-e60e-4a7d-8227-51e66d964028	2026-11-05	2026-11-05	2026-10-26	\N	2025-06-02 04:30:17.461051+00	2025-06-02 04:30:17.461051+00
22ff5704-ac10-4d24-a9dc-dcd4a3a028e6	9f8bddfa-e60e-4a7d-8227-51e66d964028	2026-11-19	2026-11-19	2026-11-10	\N	2025-06-02 04:30:17.461051+00	2025-06-02 04:30:17.461051+00
28e69610-d990-4e54-82e7-c8c9ce0786de	9f8bddfa-e60e-4a7d-8227-51e66d964028	2026-12-03	2026-12-03	2026-11-24	\N	2025-06-02 04:30:17.461051+00	2025-06-02 04:30:17.461051+00
489b7b5f-8316-427b-bd17-c3066a7cd0f8	9f8bddfa-e60e-4a7d-8227-51e66d964028	2026-12-17	2026-12-17	2026-12-08	\N	2025-06-02 04:30:17.461051+00	2025-06-02 04:30:17.461051+00
ab1d9a15-fd31-4376-bea1-aa6dd2a2ebfa	9f8bddfa-e60e-4a7d-8227-51e66d964028	2026-12-31	2026-12-31	2026-12-18	\N	2025-06-02 04:30:17.461051+00	2025-06-02 04:30:17.461051+00
efae1fc6-c21c-4383-a80a-af1a48f80a44	9f8bddfa-e60e-4a7d-8227-51e66d964028	2027-01-21	2027-01-21	2027-01-12	\N	2025-06-02 04:30:17.461051+00	2025-06-02 04:30:17.461051+00
03f99f83-1ddf-46ea-9855-bce15e865a97	9f8bddfa-e60e-4a7d-8227-51e66d964028	2027-02-04	2027-02-04	2027-01-26	\N	2025-06-02 04:30:17.461051+00	2025-06-02 04:30:17.461051+00
6d22b3ad-d7b2-468f-ab42-8dd52043ced0	9f8bddfa-e60e-4a7d-8227-51e66d964028	2027-02-18	2027-02-18	2027-02-09	\N	2025-06-02 04:30:17.461051+00	2025-06-02 04:30:17.461051+00
70e684a7-0285-4545-bc00-eac3bc365433	9f8bddfa-e60e-4a7d-8227-51e66d964028	2027-03-04	2027-03-04	2027-02-23	\N	2025-06-02 04:30:17.461051+00	2025-06-02 04:30:17.461051+00
e98a1163-4db5-46ee-88ef-b6cfcc458353	9f8bddfa-e60e-4a7d-8227-51e66d964028	2027-03-18	2027-03-18	2027-03-09	\N	2025-06-02 04:30:17.461051+00	2025-06-02 04:30:17.461051+00
9fc26873-3081-438e-b493-dbc9694e6504	9f8bddfa-e60e-4a7d-8227-51e66d964028	2027-04-01	2027-04-01	2027-03-23	\N	2025-06-02 04:30:17.461051+00	2025-06-02 04:30:17.461051+00
fce5f253-5252-4fe7-ad7b-d262473839d1	9f8bddfa-e60e-4a7d-8227-51e66d964028	2027-04-15	2027-04-15	2027-04-06	\N	2025-06-02 04:30:17.461051+00	2025-06-02 04:30:17.461051+00
031dbc11-b947-418a-a12b-526510bb3ca6	9f8bddfa-e60e-4a7d-8227-51e66d964028	2027-04-29	2027-04-29	2027-04-20	\N	2025-06-02 04:30:17.461051+00	2025-06-02 04:30:17.461051+00
4e5978b4-3c2a-4650-8057-59dc90f53bcf	9f8bddfa-e60e-4a7d-8227-51e66d964028	2027-05-13	2027-05-13	2027-05-04	\N	2025-06-02 04:30:17.461051+00	2025-06-02 04:30:17.461051+00
3fb264e4-3f86-4662-9256-6d0ca1a07d86	9f8bddfa-e60e-4a7d-8227-51e66d964028	2027-05-27	2027-05-27	2027-05-18	\N	2025-06-02 04:30:17.461051+00	2025-06-02 04:30:17.461051+00
6b4c40de-f8ce-4b10-9333-d675499f633b	06b63aa8-53d4-458d-bdb2-95227585cc0b	2025-06-03	2025-06-03	2025-05-27	\N	2025-06-02 04:30:49.438473+00	2025-06-02 04:30:49.438473+00
c06fe412-3bc5-4b37-95b8-5d57b24b327a	06b63aa8-53d4-458d-bdb2-95227585cc0b	2025-06-17	2025-06-17	2025-06-11	\N	2025-06-02 04:30:49.438473+00	2025-06-02 04:30:49.438473+00
55ea1281-f8c4-4cd2-9b27-97d6fa1de26e	06b63aa8-53d4-458d-bdb2-95227585cc0b	2025-07-01	2025-07-01	2025-06-25	\N	2025-06-02 04:30:49.438473+00	2025-06-02 04:30:49.438473+00
5eaa2d66-a6e9-4a3e-92b3-9709d19b5418	06b63aa8-53d4-458d-bdb2-95227585cc0b	2025-07-15	2025-07-15	2025-07-09	\N	2025-06-02 04:30:49.438473+00	2025-06-02 04:30:49.438473+00
c90e0a73-8e33-47aa-8802-22ad4b29d5fe	06b63aa8-53d4-458d-bdb2-95227585cc0b	2025-07-29	2025-07-29	2025-07-23	\N	2025-06-02 04:30:49.438473+00	2025-06-02 04:30:49.438473+00
42b6f407-6afb-4759-a520-ddac25770282	06b63aa8-53d4-458d-bdb2-95227585cc0b	2025-08-12	2025-08-12	2025-08-06	\N	2025-06-02 04:30:49.438473+00	2025-06-02 04:30:49.438473+00
6131a70d-1347-428e-b19e-384737f1b9b6	06b63aa8-53d4-458d-bdb2-95227585cc0b	2025-08-26	2025-08-26	2025-08-20	\N	2025-06-02 04:30:49.438473+00	2025-06-02 04:30:49.438473+00
ad24b542-288a-4b0e-8ab2-51540581da1b	06b63aa8-53d4-458d-bdb2-95227585cc0b	2025-09-09	2025-09-09	2025-09-03	\N	2025-06-02 04:30:49.438473+00	2025-06-02 04:30:49.438473+00
dc0b487a-b0be-41eb-8edc-2e7a9fdf7741	06b63aa8-53d4-458d-bdb2-95227585cc0b	2025-09-23	2025-09-23	2025-09-17	\N	2025-06-02 04:30:49.438473+00	2025-06-02 04:30:49.438473+00
d6a3dd2c-7766-43ac-940e-2abc3675f63e	06b63aa8-53d4-458d-bdb2-95227585cc0b	2025-10-07	2025-10-07	2025-09-30	\N	2025-06-02 04:30:49.438473+00	2025-06-02 04:30:49.438473+00
0af34104-01d1-42b9-b9fe-9f8de88a4be4	06b63aa8-53d4-458d-bdb2-95227585cc0b	2025-10-21	2025-10-21	2025-10-15	\N	2025-06-02 04:30:49.438473+00	2025-06-02 04:30:49.438473+00
94b2be43-bd45-4a59-acf0-0cb3ef962c5e	06b63aa8-53d4-458d-bdb2-95227585cc0b	2025-11-04	2025-11-03	2025-10-28	Adjusted from Melbourne Cup (Tuesday   04 Nov 2025) to previous business day (Monday    03 Nov 2025)	2025-06-02 04:30:49.438473+00	2025-06-02 04:30:49.438473+00
b001c09b-3e81-4335-9ed7-c7a5e1393869	06b63aa8-53d4-458d-bdb2-95227585cc0b	2025-11-18	2025-11-18	2025-11-12	\N	2025-06-02 04:30:49.438473+00	2025-06-02 04:30:49.438473+00
c93d7547-4baf-42e0-b9a4-594b1ece12ac	06b63aa8-53d4-458d-bdb2-95227585cc0b	2025-12-02	2025-12-02	2025-11-26	\N	2025-06-02 04:30:49.438473+00	2025-06-02 04:30:49.438473+00
b96d8568-b3d6-4a37-b447-708e699a359c	06b63aa8-53d4-458d-bdb2-95227585cc0b	2025-12-16	2025-12-16	2025-12-10	\N	2025-06-02 04:30:49.438473+00	2025-06-02 04:30:49.438473+00
5d2c7ff6-a47e-4c5b-81fa-31e74a8235bb	06b63aa8-53d4-458d-bdb2-95227585cc0b	2025-12-30	2025-12-30	2025-12-22	\N	2025-06-02 04:30:49.438473+00	2025-06-02 04:30:49.438473+00
3e8706c3-9daa-4abb-a0f2-2e03271e29d1	06b63aa8-53d4-458d-bdb2-95227585cc0b	2026-01-13	2026-01-13	2026-01-07	\N	2025-06-02 04:30:49.438473+00	2025-06-02 04:30:49.438473+00
53251538-2259-4a7f-9aa7-1e643adc31f2	06b63aa8-53d4-458d-bdb2-95227585cc0b	2026-01-27	2026-01-27	2026-01-20	\N	2025-06-02 04:30:49.438473+00	2025-06-02 04:30:49.438473+00
df691848-eaf4-4dbc-b2d8-ef5bddc35469	06b63aa8-53d4-458d-bdb2-95227585cc0b	2026-02-10	2026-02-10	2026-02-04	\N	2025-06-02 04:30:49.438473+00	2025-06-02 04:30:49.438473+00
8a90bf21-d6fc-4e2a-b648-66874e1b0b11	06b63aa8-53d4-458d-bdb2-95227585cc0b	2026-02-24	2026-02-24	2026-02-18	\N	2025-06-02 04:30:49.438473+00	2025-06-02 04:30:49.438473+00
9746e14f-15f5-4c20-b4b4-77e95e1c326f	06b63aa8-53d4-458d-bdb2-95227585cc0b	2026-03-10	2026-03-10	2026-03-03	\N	2025-06-02 04:30:49.438473+00	2025-06-02 04:30:49.438473+00
86856f4c-e599-4474-86c0-e7d7b228c7dd	06b63aa8-53d4-458d-bdb2-95227585cc0b	2026-03-24	2026-03-24	2026-03-18	\N	2025-06-02 04:30:49.438473+00	2025-06-02 04:30:49.438473+00
4c9df919-c18a-4569-b09d-dfc21b3f6147	06b63aa8-53d4-458d-bdb2-95227585cc0b	2026-04-07	2026-04-07	2026-03-30	\N	2025-06-02 04:30:49.438473+00	2025-06-02 04:30:49.438473+00
5628f063-4819-4e39-b603-c88143aac839	06b63aa8-53d4-458d-bdb2-95227585cc0b	2026-04-21	2026-04-21	2026-04-15	\N	2025-06-02 04:30:49.438473+00	2025-06-02 04:30:49.438473+00
a5a67d25-fe58-4ade-adff-ba321691a84f	06b63aa8-53d4-458d-bdb2-95227585cc0b	2026-05-05	2026-05-05	2026-04-28	\N	2025-06-02 04:30:49.438473+00	2025-06-02 04:30:49.438473+00
26e7f3c9-98c0-47e1-941e-57817645da26	06b63aa8-53d4-458d-bdb2-95227585cc0b	2026-05-19	2026-05-19	2026-05-13	\N	2025-06-02 04:30:49.438473+00	2025-06-02 04:30:49.438473+00
bbd76bbc-92f0-4921-8049-962e4514a157	06b63aa8-53d4-458d-bdb2-95227585cc0b	2026-06-02	2026-06-02	2026-05-26	\N	2025-06-02 04:30:49.438473+00	2025-06-02 04:30:49.438473+00
0e94af5a-69c1-46e5-85cf-457b8caa7aff	06b63aa8-53d4-458d-bdb2-95227585cc0b	2026-06-16	2026-06-16	2026-06-10	\N	2025-06-02 04:30:49.438473+00	2025-06-02 04:30:49.438473+00
ca6dfd54-2ea9-41d8-b48a-378f2a0939bf	06b63aa8-53d4-458d-bdb2-95227585cc0b	2026-06-30	2026-06-30	2026-06-24	\N	2025-06-02 04:30:49.438473+00	2025-06-02 04:30:49.438473+00
679d0d39-d1a4-4c9d-89b0-91dca4427961	06b63aa8-53d4-458d-bdb2-95227585cc0b	2026-07-14	2026-07-14	2026-07-08	\N	2025-06-02 04:30:49.438473+00	2025-06-02 04:30:49.438473+00
a6d55bc3-1188-4eaa-89a7-68d2b9b373be	06b63aa8-53d4-458d-bdb2-95227585cc0b	2026-07-28	2026-07-28	2026-07-22	\N	2025-06-02 04:30:49.438473+00	2025-06-02 04:30:49.438473+00
6f87e1cd-e293-4c08-b919-85e42c581d23	06b63aa8-53d4-458d-bdb2-95227585cc0b	2026-08-11	2026-08-11	2026-08-05	\N	2025-06-02 04:30:49.438473+00	2025-06-02 04:30:49.438473+00
aa246b38-6673-4566-a640-d16570024ffb	06b63aa8-53d4-458d-bdb2-95227585cc0b	2026-08-25	2026-08-25	2026-08-19	\N	2025-06-02 04:30:49.438473+00	2025-06-02 04:30:49.438473+00
624d406f-7a15-407e-80af-53c184fbea09	06b63aa8-53d4-458d-bdb2-95227585cc0b	2026-09-08	2026-09-08	2026-09-02	\N	2025-06-02 04:30:49.438473+00	2025-06-02 04:30:49.438473+00
388873ab-f864-4877-97d1-04ed1eeaff19	06b63aa8-53d4-458d-bdb2-95227585cc0b	2026-09-22	2026-09-22	2026-09-16	\N	2025-06-02 04:30:49.438473+00	2025-06-02 04:30:49.438473+00
e0c889d0-aa0d-470a-8de4-0d847fd2f693	06b63aa8-53d4-458d-bdb2-95227585cc0b	2026-10-06	2026-10-06	2026-09-29	\N	2025-06-02 04:30:49.438473+00	2025-06-02 04:30:49.438473+00
939d59b8-b3c0-4bc6-bf58-132324e2e2a2	06b63aa8-53d4-458d-bdb2-95227585cc0b	2026-10-20	2026-10-20	2026-10-14	\N	2025-06-02 04:30:49.438473+00	2025-06-02 04:30:49.438473+00
f26ce88f-0e5d-4af8-9b7e-646afd85b118	06b63aa8-53d4-458d-bdb2-95227585cc0b	2026-11-03	2026-11-02	2026-10-27	Adjusted from Melbourne Cup (Tuesday   03 Nov 2026) to previous business day (Monday    02 Nov 2026)	2025-06-02 04:30:49.438473+00	2025-06-02 04:30:49.438473+00
f0c03edd-556e-43c6-9afa-73e057a509ad	06b63aa8-53d4-458d-bdb2-95227585cc0b	2026-11-17	2026-11-17	2026-11-11	\N	2025-06-02 04:30:49.438473+00	2025-06-02 04:30:49.438473+00
06a23edd-c5cd-4dad-89f0-4e396b608f70	06b63aa8-53d4-458d-bdb2-95227585cc0b	2026-12-01	2026-12-01	2026-11-25	\N	2025-06-02 04:30:49.438473+00	2025-06-02 04:30:49.438473+00
415f8fe1-a05c-4cab-b22f-f72cb8eba1fc	06b63aa8-53d4-458d-bdb2-95227585cc0b	2026-12-15	2026-12-15	2026-12-09	\N	2025-06-02 04:30:49.438473+00	2025-06-02 04:30:49.438473+00
01deb4ae-4f79-4a80-aec5-a76c0aa18d51	06b63aa8-53d4-458d-bdb2-95227585cc0b	2026-12-29	2026-12-29	2026-12-21	\N	2025-06-02 04:30:49.438473+00	2025-06-02 04:30:49.438473+00
c7ff21fd-d3d3-4101-9063-455e0269fef2	06b63aa8-53d4-458d-bdb2-95227585cc0b	2027-01-19	2027-01-19	2027-01-13	\N	2025-06-02 04:30:49.438473+00	2025-06-02 04:30:49.438473+00
7559083d-fe71-4ef8-ab8b-af50aa4d773e	06b63aa8-53d4-458d-bdb2-95227585cc0b	2027-02-02	2027-02-02	2027-01-27	\N	2025-06-02 04:30:49.438473+00	2025-06-02 04:30:49.438473+00
b1bf12af-9ed1-4b15-8222-25573ef6f047	06b63aa8-53d4-458d-bdb2-95227585cc0b	2027-02-16	2027-02-16	2027-02-10	\N	2025-06-02 04:30:49.438473+00	2025-06-02 04:30:49.438473+00
8a009c5d-f8e0-4f87-b302-011bd97eb1ee	06b63aa8-53d4-458d-bdb2-95227585cc0b	2027-03-02	2027-03-02	2027-02-24	\N	2025-06-02 04:30:49.438473+00	2025-06-02 04:30:49.438473+00
880e2f21-eec6-44b2-a2af-3b30b2175259	06b63aa8-53d4-458d-bdb2-95227585cc0b	2027-03-16	2027-03-16	2027-03-10	\N	2025-06-02 04:30:49.438473+00	2025-06-02 04:30:49.438473+00
1fdd2baf-105f-441e-9457-7a5e85de637a	06b63aa8-53d4-458d-bdb2-95227585cc0b	2027-03-30	2027-03-30	2027-03-24	\N	2025-06-02 04:30:49.438473+00	2025-06-02 04:30:49.438473+00
9a475bf8-924a-47bf-83fa-adb56b5976f1	06b63aa8-53d4-458d-bdb2-95227585cc0b	2027-04-13	2027-04-13	2027-04-07	\N	2025-06-02 04:30:49.438473+00	2025-06-02 04:30:49.438473+00
7172ea52-df8f-4d2d-803c-433597c5edac	06b63aa8-53d4-458d-bdb2-95227585cc0b	2027-04-27	2027-04-27	2027-04-21	\N	2025-06-02 04:30:49.438473+00	2025-06-02 04:30:49.438473+00
a32b15bf-d79e-4357-9834-9619cacdfd62	06b63aa8-53d4-458d-bdb2-95227585cc0b	2027-05-11	2027-05-11	2027-05-05	\N	2025-06-02 04:30:49.438473+00	2025-06-02 04:30:49.438473+00
9ac290af-1e5c-4140-a93a-ba519b215ac7	06b63aa8-53d4-458d-bdb2-95227585cc0b	2027-05-25	2027-05-25	2027-05-19	\N	2025-06-02 04:30:49.438473+00	2025-06-02 04:30:49.438473+00
\.


--
-- Data for Name: payroll_assignments; Type: TABLE DATA; Schema: public; Owner: -
--

COPY public.payroll_assignments (id, payroll_date_id, consultant_id, assigned_by, is_backup, original_consultant_id, assigned_date, created_at, updated_at) FROM stdin;
\.


--
-- Data for Name: payroll_assignment_audit; Type: TABLE DATA; Schema: public; Owner: -
--

COPY public.payroll_assignment_audit (id, assignment_id, payroll_date_id, from_consultant_id, to_consultant_id, changed_by, change_reason, created_at) FROM stdin;
\.


--
-- Data for Name: payroll_required_skills; Type: TABLE DATA; Schema: public; Owner: -
--

COPY public.payroll_required_skills (payroll_id, skill_name, required_level) FROM stdin;
17f681eb-3c58-4aa7-b6c1-9e75e2771a1d	Australian Payroll Processing	Intermediate
17f681eb-3c58-4aa7-b6c1-9e75e2771a1d	PAYG Tax Calculations	Intermediate
17f681eb-3c58-4aa7-b6c1-9e75e2771a1d	Payroll Software Operations	Intermediate
3a03ada0-e7d0-4f2b-aa5a-a3adde11432e	Australian Payroll Processing	Advanced
3a03ada0-e7d0-4f2b-aa5a-a3adde11432e	PAYG Tax Calculations	Advanced
3a03ada0-e7d0-4f2b-aa5a-a3adde11432e	Payroll Software Operations	Advanced
3a03ada0-e7d0-4f2b-aa5a-a3adde11432e	Modern Awards Compliance	Advanced
3a03ada0-e7d0-4f2b-aa5a-a3adde11432e	Enterprise Agreement Management	Expert
3a03ada0-e7d0-4f2b-aa5a-a3adde11432e	Fair Work Act Compliance	Advanced
3a03ada0-e7d0-4f2b-aa5a-a3adde11432e	STP (Single Touch Payroll)	Expert
3a03ada0-e7d0-4f2b-aa5a-a3adde11432e	Data Analysis	Expert
3a03ada0-e7d0-4f2b-aa5a-a3adde11432e	Healthcare Payroll	Intermediate
d619e823-c753-425c-88e4-5e797d2bff48	Australian Payroll Processing	Intermediate
d619e823-c753-425c-88e4-5e797d2bff48	PAYG Tax Calculations	Intermediate
d619e823-c753-425c-88e4-5e797d2bff48	Payroll Software Operations	Intermediate
d619e823-c753-425c-88e4-5e797d2bff48	Superannuation Administration	Intermediate
d619e823-c753-425c-88e4-5e797d2bff48	Award Interpretation	Intermediate
d619e823-c753-425c-88e4-5e797d2bff48	Leave Management	Intermediate
f45e433b-fce5-4c95-bf24-364c66792709	Australian Payroll Processing	Intermediate
f45e433b-fce5-4c95-bf24-364c66792709	PAYG Tax Calculations	Intermediate
f45e433b-fce5-4c95-bf24-364c66792709	Payroll Software Operations	Intermediate
2b70eb57-bd0f-4b4c-9341-870fb9df1f60	Australian Payroll Processing	Intermediate
2b70eb57-bd0f-4b4c-9341-870fb9df1f60	PAYG Tax Calculations	Intermediate
2b70eb57-bd0f-4b4c-9341-870fb9df1f60	Payroll Software Operations	Intermediate
2b70eb57-bd0f-4b4c-9341-870fb9df1f60	Superannuation Administration	Intermediate
2b70eb57-bd0f-4b4c-9341-870fb9df1f60	Award Interpretation	Intermediate
2b70eb57-bd0f-4b4c-9341-870fb9df1f60	Leave Management	Intermediate
90070d99-0c19-448f-a940-8afb852cf106	Australian Payroll Processing	Intermediate
90070d99-0c19-448f-a940-8afb852cf106	PAYG Tax Calculations	Intermediate
90070d99-0c19-448f-a940-8afb852cf106	Payroll Software Operations	Intermediate
6cae0f5c-d909-4e24-ab78-ccf3543ed7f5	Australian Payroll Processing	Intermediate
6cae0f5c-d909-4e24-ab78-ccf3543ed7f5	PAYG Tax Calculations	Intermediate
6cae0f5c-d909-4e24-ab78-ccf3543ed7f5	Payroll Software Operations	Intermediate
6cae0f5c-d909-4e24-ab78-ccf3543ed7f5	Manufacturing Payroll	Intermediate
5c2ef179-308f-4545-bf7b-40c83b55f0c8	Australian Payroll Processing	Intermediate
5c2ef179-308f-4545-bf7b-40c83b55f0c8	PAYG Tax Calculations	Intermediate
5c2ef179-308f-4545-bf7b-40c83b55f0c8	Payroll Software Operations	Intermediate
5c2ef179-308f-4545-bf7b-40c83b55f0c8	Superannuation Administration	Intermediate
5c2ef179-308f-4545-bf7b-40c83b55f0c8	Award Interpretation	Intermediate
5c2ef179-308f-4545-bf7b-40c83b55f0c8	Leave Management	Intermediate
9f8bddfa-e60e-4a7d-8227-51e66d964028	Australian Payroll Processing	Intermediate
9f8bddfa-e60e-4a7d-8227-51e66d964028	PAYG Tax Calculations	Intermediate
9f8bddfa-e60e-4a7d-8227-51e66d964028	Payroll Software Operations	Intermediate
9f8bddfa-e60e-4a7d-8227-51e66d964028	Retail Payroll	Intermediate
a18b9637-c20f-428e-b6b7-a4a688e5b21a	Australian Payroll Processing	Intermediate
a18b9637-c20f-428e-b6b7-a4a688e5b21a	PAYG Tax Calculations	Intermediate
a18b9637-c20f-428e-b6b7-a4a688e5b21a	Payroll Software Operations	Intermediate
06b63aa8-53d4-458d-bdb2-95227585cc0b	Australian Payroll Processing	Intermediate
06b63aa8-53d4-458d-bdb2-95227585cc0b	PAYG Tax Calculations	Intermediate
06b63aa8-53d4-458d-bdb2-95227585cc0b	Payroll Software Operations	Intermediate
06b63aa8-53d4-458d-bdb2-95227585cc0b	Manufacturing Payroll	Intermediate
6caecf93-0b00-4776-8bfd-943bf05fd7d4	Australian Payroll Processing	Intermediate
6caecf93-0b00-4776-8bfd-943bf05fd7d4	PAYG Tax Calculations	Intermediate
6caecf93-0b00-4776-8bfd-943bf05fd7d4	Payroll Software Operations	Intermediate
539cda98-21f9-4f37-b314-c7b791d8093c	Australian Payroll Processing	Intermediate
539cda98-21f9-4f37-b314-c7b791d8093c	PAYG Tax Calculations	Intermediate
539cda98-21f9-4f37-b314-c7b791d8093c	Payroll Software Operations	Intermediate
539cda98-21f9-4f37-b314-c7b791d8093c	Superannuation Administration	Intermediate
539cda98-21f9-4f37-b314-c7b791d8093c	Award Interpretation	Intermediate
539cda98-21f9-4f37-b314-c7b791d8093c	Leave Management	Intermediate
c963a50e-f21e-48b3-8357-fa116b770ab8	Australian Payroll Processing	Intermediate
c963a50e-f21e-48b3-8357-fa116b770ab8	PAYG Tax Calculations	Intermediate
c963a50e-f21e-48b3-8357-fa116b770ab8	Payroll Software Operations	Intermediate
c963a50e-f21e-48b3-8357-fa116b770ab8	Superannuation Administration	Intermediate
c963a50e-f21e-48b3-8357-fa116b770ab8	Award Interpretation	Intermediate
c963a50e-f21e-48b3-8357-fa116b770ab8	Leave Management	Intermediate
dfb29321-c8e8-473d-941f-64406beace52	Australian Payroll Processing	Intermediate
dfb29321-c8e8-473d-941f-64406beace52	PAYG Tax Calculations	Intermediate
dfb29321-c8e8-473d-941f-64406beace52	Payroll Software Operations	Intermediate
0fce8712-f65b-4dd5-96a9-d1c86c8b7138	Australian Payroll Processing	Intermediate
0fce8712-f65b-4dd5-96a9-d1c86c8b7138	PAYG Tax Calculations	Intermediate
0fce8712-f65b-4dd5-96a9-d1c86c8b7138	Payroll Software Operations	Intermediate
0fce8712-f65b-4dd5-96a9-d1c86c8b7138	Superannuation Administration	Intermediate
0fce8712-f65b-4dd5-96a9-d1c86c8b7138	Award Interpretation	Intermediate
0fce8712-f65b-4dd5-96a9-d1c86c8b7138	Leave Management	Intermediate
f4024875-34a3-4f82-a49d-e35a44726cda	Australian Payroll Processing	Advanced
f4024875-34a3-4f82-a49d-e35a44726cda	PAYG Tax Calculations	Advanced
f4024875-34a3-4f82-a49d-e35a44726cda	Payroll Software Operations	Advanced
f4024875-34a3-4f82-a49d-e35a44726cda	Modern Awards Compliance	Advanced
f4024875-34a3-4f82-a49d-e35a44726cda	Enterprise Agreement Management	Expert
f4024875-34a3-4f82-a49d-e35a44726cda	Fair Work Act Compliance	Expert
f4024875-34a3-4f82-a49d-e35a44726cda	STP (Single Touch Payroll)	Advanced
f4024875-34a3-4f82-a49d-e35a44726cda	Data Analysis	Expert
5636f4db-90e9-46c5-aaae-bfc7dc82ae60	Australian Payroll Processing	Advanced
5636f4db-90e9-46c5-aaae-bfc7dc82ae60	PAYG Tax Calculations	Advanced
5636f4db-90e9-46c5-aaae-bfc7dc82ae60	Payroll Software Operations	Advanced
5636f4db-90e9-46c5-aaae-bfc7dc82ae60	Modern Awards Compliance	Advanced
5636f4db-90e9-46c5-aaae-bfc7dc82ae60	Enterprise Agreement Management	Expert
5636f4db-90e9-46c5-aaae-bfc7dc82ae60	Fair Work Act Compliance	Advanced
5636f4db-90e9-46c5-aaae-bfc7dc82ae60	STP (Single Touch Payroll)	Advanced
5636f4db-90e9-46c5-aaae-bfc7dc82ae60	Data Analysis	Expert
\.


--
-- Data for Name: payroll_version_history_results; Type: TABLE DATA; Schema: public; Owner: -
--

COPY public.payroll_version_history_results (id, payroll_id, name, version_number, go_live_date, superseded_date, version_reason, active, is_current, queried_at) FROM stdin;
\.


--
-- Data for Name: payroll_version_results; Type: TABLE DATA; Schema: public; Owner: -
--

COPY public.payroll_version_results (id, new_payroll_id, new_version_number, old_payroll_id, dates_deleted, message, created_at, created_by_user_id) FROM stdin;
\.


--
-- Data for Name: permission_audit_log; Type: TABLE DATA; Schema: public; Owner: -
--

COPY public.permission_audit_log (id, user_id, target_user_id, target_role, resource, operation, action, previous_value, new_value, reason, "timestamp", created_at) FROM stdin;
\.


--
-- Data for Name: permission_overrides; Type: TABLE DATA; Schema: public; Owner: -
--

COPY public.permission_overrides (id, user_id, role, resource, operation, granted, conditions, reason, created_by, expires_at, created_at, updated_at) FROM stdin;
88257b96-ad1d-41a9-a4c3-aeb1155cf59d	0727c441-3fa7-44c2-b8f3-4e0b77986ac1	\N	payroll	delete	t	\N	test	\N	\N	2025-06-28 11:34:11.543072+00	2025-06-28 11:34:11.543072+00
\.


--
-- Data for Name: resources; Type: TABLE DATA; Schema: public; Owner: -
--

COPY public.resources (id, name, display_name, description, created_at, updated_at) FROM stdin;
44ed074c-519c-4148-b255-f148ebb124f5	staff	Staff	Staff and user management	2025-07-05 08:17:57.548327+00	2025-07-07 10:56:48.160473+00
a2470c54-041a-4477-9686-9f789691bfae	leave	Leave	Leave management and approvals	2025-07-05 08:17:57.548327+00	2025-07-07 10:56:48.172489+00
ef75172e-2f13-43cd-a8c0-838298b78333	ai	AI Assistant	AI-powered features and assistance	2025-07-05 08:17:57.548327+00	2025-07-07 10:56:48.184587+00
fe2143dd-7a6e-4df0-95c5-c592f659242e	bulkupload	Bulk Upload	Bulk data upload and processing	2025-07-05 08:17:57.548327+00	2025-07-07 10:56:48.196517+00
7ba6e804-be9c-46a7-8289-dda02817c953	reports	Reports	Reporting and analytics	2025-07-05 08:17:57.548327+00	2025-07-07 10:56:48.211416+00
d3a88932-19d5-4e7b-8595-19ff2a3f77c0	billing	Billing	Billing and financial operations	2025-07-05 08:17:57.548327+00	2025-07-07 10:56:48.222421+00
36eab171-16b5-4e1c-a925-4ba1fadd2264	email	Email	Email templates and communication	2025-07-05 08:17:57.548327+00	2025-07-07 10:56:48.234396+00
5b11f054-1a3e-4b33-b53f-7a042eddd9de	invitations	Invitations	User invitations and onboarding	2025-07-05 08:17:57.548327+00	2025-07-07 10:56:48.246448+00
6c8175b8-bb65-412d-a9eb-117ccd894c50	settings	Settings	System and account settings	2025-07-05 08:17:57.548327+00	2025-07-07 10:56:48.258394+00
031603b2-48df-4ab6-b3a5-2c5dc64255de	security	Security	Security settings and audit logs	2025-07-05 08:17:57.548327+00	2025-07-07 10:56:48.271492+00
c49fbc3d-aeea-4c8b-b0a3-da779f4e2127	developer	Developer Tools	Developer and debugging tools	2025-07-05 08:17:57.548327+00	2025-07-07 10:56:48.283399+00
ce0a8d93-2d31-4db9-83d7-473da92dbe6a	dashboard	Dashboard	Main dashboard and overview screens	2025-07-05 08:17:57.548327+00	2025-07-07 10:56:48.098447+00
e8c7b956-b91f-4b99-8fec-d691cecf776a	clients	Clients	Client management and relationships	2025-07-05 08:17:57.548327+00	2025-07-07 10:56:48.110459+00
10997edf-fa68-4dd5-ba85-c46b08a9e370	payrolls	Payrolls	Payroll processing and management	2025-07-05 08:17:57.548327+00	2025-07-07 10:56:48.121465+00
031d2140-3139-4222-bccb-dd454e5937f4	schedule	Schedule	Payroll schedules and dates	2025-07-05 08:17:57.548327+00	2025-07-07 10:56:48.132468+00
6195df5f-78da-48c8-ab14-b1687ae799de	workschedule	Work Schedule	Staff work schedules and capacity	2025-07-05 08:17:57.548327+00	2025-07-07 10:56:48.147427+00
\.


--
-- Data for Name: permissions; Type: TABLE DATA; Schema: public; Owner: -
--

COPY public.permissions (id, resource_id, action, description, created_at, updated_at, legacy_permission_name) FROM stdin;
4ff27905-11eb-4cbb-be65-f50d78649b28	e8c7b956-b91f-4b99-8fec-d691cecf776a	create	Permission to create clients	2025-07-05 08:22:45.006761+00	2025-07-07 10:56:48.512464+00	clients.create
2e202ccc-f493-4bfa-a28f-425c7f506105	e8c7b956-b91f-4b99-8fec-d691cecf776a	approve	Permission to approve clients	2025-07-05 08:22:45.006761+00	2025-07-07 10:56:48.563468+00	clients.approve
9948ca31-95ff-416c-8f27-47b9cd9c716d	10997edf-fa68-4dd5-ba85-c46b08a9e370	approve	Permission to approve payrolls	2025-07-05 08:22:45.006761+00	2025-07-07 10:56:48.745409+00	payrolls.approve
54a19aa5-e687-4058-9104-8cd700504c06	031d2140-3139-4222-bccb-dd454e5937f4	manage	Permission to manage schedule	2025-07-05 08:22:45.006761+00	2025-07-07 10:56:48.954412+00	schedule.manage
a1a137bb-0cda-4026-a76e-96f3b8ffb03f	44ed074c-519c-4148-b255-f148ebb124f5	create	Permission to create staff	2025-07-05 08:22:45.006761+00	2025-07-07 10:56:49.232397+00	staff.create
6baf6d05-223e-4f2f-bd02-31dede69c390	a2470c54-041a-4477-9686-9f789691bfae	approve	Permission to approve leave	2025-07-05 08:22:45.006761+00	2025-07-07 10:56:49.478429+00	leave.approve
86fe1e4c-0876-4168-b336-98efd718480c	ef75172e-2f13-43cd-a8c0-838298b78333	delete	Permission to delete ai assistant	2025-07-05 08:22:45.006761+00	2025-07-07 10:56:49.636428+00	ai.delete
41cb9e7b-ea0c-4607-aadb-09c3315e1b77	fe2143dd-7a6e-4df0-95c5-c592f659242e	create	Permission to create bulk upload	2025-07-05 08:22:45.006761+00	2025-07-07 10:56:49.808472+00	bulkupload.create
0f1815f0-50c2-436f-bc61-22c6b6d21062	7ba6e804-be9c-46a7-8289-dda02817c953	update	Permission to update reports	2025-07-05 08:22:45.006761+00	2025-07-07 10:56:50.009469+00	reports.update
7143ea47-6ace-49b3-83f2-4a269bd29cbe	ce0a8d93-2d31-4db9-83d7-473da92dbe6a	read	Permission to read dashboard	2025-07-05 08:22:45.006761+00	2025-07-07 10:56:48.306446+00	dashboard.read
87ef3448-512c-4b51-b9a7-48afe636227d	ce0a8d93-2d31-4db9-83d7-473da92dbe6a	create	Permission to create dashboard	2025-07-05 08:22:45.006761+00	2025-07-07 10:56:48.318437+00	dashboard.create
02f11ffa-86ca-4524-9a8a-4b341bf4f591	ce0a8d93-2d31-4db9-83d7-473da92dbe6a	update	Permission to update dashboard	2025-07-05 08:22:45.006761+00	2025-07-07 10:56:48.33042+00	dashboard.update
27b7d0d5-880b-4543-a2cd-ac55ff7b3598	ce0a8d93-2d31-4db9-83d7-473da92dbe6a	delete	Permission to delete dashboard	2025-07-05 08:22:45.006761+00	2025-07-07 10:56:48.342415+00	dashboard.delete
c84f5481-1802-4599-b531-20666c14cba4	ce0a8d93-2d31-4db9-83d7-473da92dbe6a	approve	Permission to approve dashboard	2025-07-05 08:22:45.006761+00	2025-07-07 10:56:48.367411+00	dashboard.approve
0021976e-ae2a-4f59-a8c7-3dcc2911cbb5	ce0a8d93-2d31-4db9-83d7-473da92dbe6a	list	Permission to list dashboard	2025-07-05 08:22:45.006761+00	2025-07-07 10:56:48.39543+00	dashboard.list
81402cc7-49c1-4c57-92e6-345e572e8572	ce0a8d93-2d31-4db9-83d7-473da92dbe6a	manage	Permission to manage dashboard	2025-07-05 08:22:45.006761+00	2025-07-07 10:56:48.41348+00	dashboard.manage
01d343d4-3ad9-4ccc-a501-8c2f083c4e73	e8c7b956-b91f-4b99-8fec-d691cecf776a	read	Permission to read clients	2025-07-05 08:22:45.006761+00	2025-07-07 10:56:48.497497+00	clients.read
48e073f6-837c-42ba-afb4-ae5d11f5e52e	ce0a8d93-2d31-4db9-83d7-473da92dbe6a	reject	Dashboard - Reject	2025-07-05 08:22:45.006761+00	2025-07-05 10:41:45.038939+00	dashboard.reject
04f44fc2-86d1-4f06-ba21-5e6a01471a65	e8c7b956-b91f-4b99-8fec-d691cecf776a	reject	Clients - Reject	2025-07-05 08:22:45.006761+00	2025-07-05 10:41:45.038939+00	clients.reject
6039239c-a3f9-4576-955c-a2a16d8f7c99	10997edf-fa68-4dd5-ba85-c46b08a9e370	reject	Payrolls - Reject	2025-07-05 08:22:45.006761+00	2025-07-05 10:41:45.038939+00	payrolls.reject
49efcc73-a347-415e-8cb5-7ba860612dc8	031d2140-3139-4222-bccb-dd454e5937f4	reject	Schedule - Reject	2025-07-05 08:22:45.006761+00	2025-07-05 10:41:45.038939+00	schedule.reject
855a4448-1a4a-4414-a3ab-f7d1c58c41f7	6195df5f-78da-48c8-ab14-b1687ae799de	reject	Workschedule - Reject	2025-07-05 08:22:45.006761+00	2025-07-05 10:41:45.038939+00	workschedule.reject
8275a6ba-f30b-4d40-9998-433520d431a9	44ed074c-519c-4148-b255-f148ebb124f5	reject	Staff - Reject	2025-07-05 08:22:45.006761+00	2025-07-05 10:41:45.038939+00	staff.reject
ccd2ef4e-b4a8-40ac-9810-06528f7dc4aa	a2470c54-041a-4477-9686-9f789691bfae	reject	Leave - Reject	2025-07-05 08:22:45.006761+00	2025-07-05 10:41:45.038939+00	leave.reject
6e0e70d1-9ba9-49a2-86a4-29be8a92b1e3	ef75172e-2f13-43cd-a8c0-838298b78333	reject	Ai - Reject	2025-07-05 08:22:45.006761+00	2025-07-05 10:41:45.038939+00	ai.reject
f9d1b185-4f31-42e1-8d6e-95ab9db68708	fe2143dd-7a6e-4df0-95c5-c592f659242e	reject	Bulkupload - Reject	2025-07-05 08:22:45.006761+00	2025-07-05 10:41:45.038939+00	bulkupload.reject
5c3e9d72-260d-46f8-8404-cf28eba6bb6a	e8c7b956-b91f-4b99-8fec-d691cecf776a	update	Permission to update clients	2025-07-05 08:22:45.006761+00	2025-07-07 10:56:48.528465+00	clients.update
cd851a9c-d937-43bd-ac98-56173092972a	e8c7b956-b91f-4b99-8fec-d691cecf776a	delete	Permission to delete clients	2025-07-05 08:22:45.006761+00	2025-07-07 10:56:48.54042+00	clients.delete
432b409a-4dad-411e-afd0-76e6ac16d181	e8c7b956-b91f-4b99-8fec-d691cecf776a	list	Permission to list clients	2025-07-05 08:22:45.006761+00	2025-07-07 10:56:48.589581+00	clients.list
d98ef1c2-31cf-4d6a-981f-d60999891fe1	e8c7b956-b91f-4b99-8fec-d691cecf776a	manage	Permission to manage clients	2025-07-05 08:22:45.006761+00	2025-07-07 10:56:48.605436+00	clients.manage
3932f66d-69c8-4975-99e6-68b3d240d652	10997edf-fa68-4dd5-ba85-c46b08a9e370	read	Permission to read payrolls	2025-07-05 08:22:45.006761+00	2025-07-07 10:56:48.687444+00	payrolls.read
c74844cd-cf85-4718-8da3-d23a808a7acc	10997edf-fa68-4dd5-ba85-c46b08a9e370	create	Permission to create payrolls	2025-07-05 08:22:45.006761+00	2025-07-07 10:56:48.699414+00	payrolls.create
18229e44-2d7e-4aa6-a2e5-15d2adc7990c	10997edf-fa68-4dd5-ba85-c46b08a9e370	update	Permission to update payrolls	2025-07-05 08:22:45.006761+00	2025-07-07 10:56:48.711405+00	payrolls.update
c89a62a1-72ba-4358-a0ff-789935f5b2fb	10997edf-fa68-4dd5-ba85-c46b08a9e370	delete	Permission to delete payrolls	2025-07-05 08:22:45.006761+00	2025-07-07 10:56:48.723485+00	payrolls.delete
cf7a15ea-ad24-430a-b3f6-c71e59d6fb5e	10997edf-fa68-4dd5-ba85-c46b08a9e370	list	Permission to list payrolls	2025-07-05 08:22:45.006761+00	2025-07-07 10:56:48.768433+00	payrolls.list
5c570f06-d634-429b-96aa-35a93057d48e	10997edf-fa68-4dd5-ba85-c46b08a9e370	manage	Permission to manage payrolls	2025-07-05 08:22:45.006761+00	2025-07-07 10:56:48.780434+00	payrolls.manage
61dd104d-b839-427e-a741-e3d375b1b43c	031d2140-3139-4222-bccb-dd454e5937f4	read	Permission to read schedule	2025-07-05 08:22:45.006761+00	2025-07-07 10:56:48.858453+00	schedule.read
1a5e7dd3-1714-4ed3-854d-e8e7df4ac948	031d2140-3139-4222-bccb-dd454e5937f4	create	Permission to create schedule	2025-07-05 08:22:45.006761+00	2025-07-07 10:56:48.870386+00	schedule.create
3a2ca03a-3de7-4017-857c-9105cef3dc8d	031d2140-3139-4222-bccb-dd454e5937f4	update	Permission to update schedule	2025-07-05 08:22:45.006761+00	2025-07-07 10:56:48.88343+00	schedule.update
c83a859e-a04b-4371-94eb-3c5b5e4e07ed	031d2140-3139-4222-bccb-dd454e5937f4	delete	Permission to delete schedule	2025-07-05 08:22:45.006761+00	2025-07-07 10:56:48.895441+00	schedule.delete
b191c233-8e30-4b36-8998-2c2b66632479	031d2140-3139-4222-bccb-dd454e5937f4	approve	Permission to approve schedule	2025-07-05 08:22:45.006761+00	2025-07-07 10:56:48.918407+00	schedule.approve
ae003b52-467a-48a1-8a9a-3c845756b39e	031d2140-3139-4222-bccb-dd454e5937f4	list	Permission to list schedule	2025-07-05 08:22:45.006761+00	2025-07-07 10:56:48.940489+00	schedule.list
3a0dcac2-3f97-441b-9ba5-bb3b5a31d15b	6195df5f-78da-48c8-ab14-b1687ae799de	read	Permission to read work schedule	2025-07-05 08:22:45.006761+00	2025-07-07 10:56:49.040415+00	workschedule.read
18c06d85-966e-4c2e-83c7-964803ae0383	6195df5f-78da-48c8-ab14-b1687ae799de	create	Permission to create work schedule	2025-07-05 08:22:45.006761+00	2025-07-07 10:56:49.052404+00	workschedule.create
f3f94ca3-051d-4417-be8e-20d6a0182d17	6195df5f-78da-48c8-ab14-b1687ae799de	update	Permission to update work schedule	2025-07-05 08:22:45.006761+00	2025-07-07 10:56:49.064425+00	workschedule.update
692675f6-7d84-480e-b53b-4278fc6890e7	6195df5f-78da-48c8-ab14-b1687ae799de	delete	Permission to delete work schedule	2025-07-05 08:22:45.006761+00	2025-07-07 10:56:49.076431+00	workschedule.delete
56b84f1c-cc33-453b-ba38-df5bbce2a474	6195df5f-78da-48c8-ab14-b1687ae799de	approve	Permission to approve work schedule	2025-07-05 08:22:45.006761+00	2025-07-07 10:56:49.100421+00	workschedule.approve
c93dc61d-a16a-4d4d-bf8b-392b6cc61b81	6195df5f-78da-48c8-ab14-b1687ae799de	list	Permission to list work schedule	2025-07-05 08:22:45.006761+00	2025-07-07 10:56:49.124457+00	workschedule.list
fc1df09c-522b-48cd-80ea-0d9aa8fd672e	6195df5f-78da-48c8-ab14-b1687ae799de	manage	Permission to manage work schedule	2025-07-05 08:22:45.006761+00	2025-07-07 10:56:49.135425+00	workschedule.manage
77b291c9-caf7-4a27-b7c4-3f8e45950e61	44ed074c-519c-4148-b255-f148ebb124f5	read	Permission to read staff	2025-07-05 08:22:45.006761+00	2025-07-07 10:56:49.218392+00	staff.read
f02c7f6e-87f6-401e-95a7-4b2f65dd5f2f	44ed074c-519c-4148-b255-f148ebb124f5	update	Permission to update staff	2025-07-05 08:22:45.006761+00	2025-07-07 10:56:49.243404+00	staff.update
25f02415-d638-4b0c-b4f2-bfe3333be02e	44ed074c-519c-4148-b255-f148ebb124f5	delete	Permission to delete staff	2025-07-05 08:22:45.006761+00	2025-07-07 10:56:49.256412+00	staff.delete
fbe571cc-b995-4211-935a-d3b5aae9d407	44ed074c-519c-4148-b255-f148ebb124f5	approve	Permission to approve staff	2025-07-05 08:22:45.006761+00	2025-07-07 10:56:49.289401+00	staff.approve
876c6f6e-8636-4b9f-993b-eef296282196	44ed074c-519c-4148-b255-f148ebb124f5	list	Permission to list staff	2025-07-05 08:22:45.006761+00	2025-07-07 10:56:49.312409+00	staff.list
887f8b0c-49cd-4334-984c-454777f9a8bf	44ed074c-519c-4148-b255-f148ebb124f5	manage	Permission to manage staff	2025-07-05 08:22:45.006761+00	2025-07-07 10:56:49.324432+00	staff.manage
7ec4298b-dd95-4257-8394-030fe0f0ed10	a2470c54-041a-4477-9686-9f789691bfae	read	Permission to read leave	2025-07-05 08:22:45.006761+00	2025-07-07 10:56:49.416416+00	leave.read
cc025fbb-a4cc-4ea7-aa3b-93df0e6e4e3c	a2470c54-041a-4477-9686-9f789691bfae	create	Permission to create leave	2025-07-05 08:22:45.006761+00	2025-07-07 10:56:49.430491+00	leave.create
5b2182dc-58bb-4a5f-9f3a-6c062a1bbf6e	a2470c54-041a-4477-9686-9f789691bfae	update	Permission to update leave	2025-07-05 08:22:45.006761+00	2025-07-07 10:56:49.442516+00	leave.update
cc4e11ff-cb8d-435c-868d-349614942cac	a2470c54-041a-4477-9686-9f789691bfae	delete	Permission to delete leave	2025-07-05 08:22:45.006761+00	2025-07-07 10:56:49.454417+00	leave.delete
82d2fc03-6cb4-4282-8cf2-80982e15a719	a2470c54-041a-4477-9686-9f789691bfae	list	Permission to list leave	2025-07-05 08:22:45.006761+00	2025-07-07 10:56:49.50146+00	leave.list
ca761e2a-e843-478a-a32b-f4275694dcec	a2470c54-041a-4477-9686-9f789691bfae	manage	Permission to manage leave	2025-07-05 08:22:45.006761+00	2025-07-07 10:56:49.514431+00	leave.manage
0783a6e9-536d-4ccb-b91e-a6cdd62454c5	ef75172e-2f13-43cd-a8c0-838298b78333	read	Permission to read ai assistant	2025-07-05 08:22:45.006761+00	2025-07-07 10:56:49.602425+00	ai.read
f467038b-0da7-4fb1-ad60-e5b33f8ff122	ef75172e-2f13-43cd-a8c0-838298b78333	create	Permission to create ai assistant	2025-07-05 08:22:45.006761+00	2025-07-07 10:56:49.614414+00	ai.create
803316d0-40ff-4e7e-8a5a-2eb18d5ca7a5	ef75172e-2f13-43cd-a8c0-838298b78333	update	Permission to update ai assistant	2025-07-05 08:22:45.006761+00	2025-07-07 10:56:49.626435+00	ai.update
ed44bdc8-6724-4517-a002-213d250c586a	ef75172e-2f13-43cd-a8c0-838298b78333	approve	Permission to approve ai assistant	2025-07-05 08:22:45.006761+00	2025-07-07 10:56:49.659419+00	ai.approve
3f202022-c99c-4675-b66a-104200c5f3d2	ef75172e-2f13-43cd-a8c0-838298b78333	list	Permission to list ai assistant	2025-07-05 08:22:45.006761+00	2025-07-07 10:56:49.684429+00	ai.list
db0c2f6d-b12e-4d2d-938b-cf7131d9f9ef	ef75172e-2f13-43cd-a8c0-838298b78333	manage	Permission to manage ai assistant	2025-07-05 08:22:45.006761+00	2025-07-07 10:56:49.697457+00	ai.manage
c5f62b4b-b85a-4e4f-a544-87853fa8baf9	fe2143dd-7a6e-4df0-95c5-c592f659242e	read	Permission to read bulk upload	2025-07-05 08:22:45.006761+00	2025-07-07 10:56:49.79649+00	bulkupload.read
dc470401-f19d-41d7-99df-df7151f15c20	fe2143dd-7a6e-4df0-95c5-c592f659242e	update	Permission to update bulk upload	2025-07-05 08:22:45.006761+00	2025-07-07 10:56:49.821506+00	bulkupload.update
a200aa97-212a-4253-a7c0-fc96d6b804ef	fe2143dd-7a6e-4df0-95c5-c592f659242e	delete	Permission to delete bulk upload	2025-07-05 08:22:45.006761+00	2025-07-07 10:56:49.835435+00	bulkupload.delete
f20efbe3-1af3-49b4-8cc1-0e840f753471	fe2143dd-7a6e-4df0-95c5-c592f659242e	approve	Permission to approve bulk upload	2025-07-05 08:22:45.006761+00	2025-07-07 10:56:49.86043+00	bulkupload.approve
25d5c4ad-c4e1-48de-8917-03ee38620ca8	fe2143dd-7a6e-4df0-95c5-c592f659242e	list	Permission to list bulk upload	2025-07-05 08:22:45.006761+00	2025-07-07 10:56:49.884425+00	bulkupload.list
c1562bcd-2596-4d3d-8e1e-a4eab2b3c2a8	fe2143dd-7a6e-4df0-95c5-c592f659242e	manage	Permission to manage bulk upload	2025-07-05 08:22:45.006761+00	2025-07-07 10:56:49.901454+00	bulkupload.manage
6f81c1c2-c026-4817-a1ed-38fe45882569	7ba6e804-be9c-46a7-8289-dda02817c953	read	Permission to read reports	2025-07-05 08:22:45.006761+00	2025-07-07 10:56:49.983442+00	reports.read
eeedfd8d-d5ac-4886-bdc9-6c6965d31505	7ba6e804-be9c-46a7-8289-dda02817c953	create	Permission to create reports	2025-07-05 08:22:45.006761+00	2025-07-07 10:56:49.996523+00	reports.create
54108c8b-e545-4efb-beed-0c7646f23854	7ba6e804-be9c-46a7-8289-dda02817c953	delete	Permission to delete reports	2025-07-05 08:22:45.006761+00	2025-07-07 10:56:50.022536+00	reports.delete
2d763a2a-ed1b-46c6-973b-a76c4cdcb34b	7ba6e804-be9c-46a7-8289-dda02817c953	list	Permission to list reports	2025-07-05 08:22:45.006761+00	2025-07-07 10:56:50.069465+00	reports.list
77150743-b132-4b11-8685-ad08cce3425a	7ba6e804-be9c-46a7-8289-dda02817c953	manage	Permission to manage reports	2025-07-05 08:22:45.006761+00	2025-07-07 10:56:50.089428+00	reports.manage
8b40f002-1065-4a03-a9c4-f774f98b68af	7ba6e804-be9c-46a7-8289-dda02817c953	reject	Reports - Reject	2025-07-05 08:22:45.006761+00	2025-07-05 10:41:45.038939+00	reports.reject
e373bee8-54c5-4ba4-b7c3-f3f35b4e9127	d3a88932-19d5-4e7b-8595-19ff2a3f77c0	reject	Billing - Reject	2025-07-05 08:22:45.006761+00	2025-07-05 10:41:45.038939+00	billing.reject
113ad1a5-33b6-4338-9bee-40de185559ca	36eab171-16b5-4e1c-a925-4ba1fadd2264	reject	Email - Reject	2025-07-05 08:22:45.006761+00	2025-07-05 10:41:45.038939+00	email.reject
ac5e7b8e-7376-4d08-a8eb-255f8f5f557f	5b11f054-1a3e-4b33-b53f-7a042eddd9de	reject	Invitations - Reject	2025-07-05 08:22:45.006761+00	2025-07-05 10:41:45.038939+00	invitations.reject
8c33d47b-03a9-4675-aa12-eeca6ef0c029	6c8175b8-bb65-412d-a9eb-117ccd894c50	reject	Settings - Reject	2025-07-05 08:22:45.006761+00	2025-07-05 10:41:45.038939+00	settings.reject
d92c8eaa-38a6-41ee-845f-d15fed12d2d8	031603b2-48df-4ab6-b3a5-2c5dc64255de	reject	Security - Reject	2025-07-05 08:22:45.006761+00	2025-07-05 10:41:45.038939+00	security.reject
2bea44bc-cd92-4e01-bab8-9d6cf86ccf53	c49fbc3d-aeea-4c8b-b0a3-da779f4e2127	reject	Developer - Reject	2025-07-05 08:22:45.006761+00	2025-07-05 10:41:45.038939+00	developer.reject
d388e831-cf6c-430c-8bcd-b07827dfcd7f	7ba6e804-be9c-46a7-8289-dda02817c953	approve	Permission to approve reports	2025-07-05 08:22:45.006761+00	2025-07-07 10:56:50.046429+00	reports.approve
f491df38-07bd-4b12-bd90-c8b96bb0618c	d3a88932-19d5-4e7b-8595-19ff2a3f77c0	read	Permission to read billing	2025-07-05 08:22:45.006761+00	2025-07-07 10:56:50.169478+00	billing.read
ab9aca4d-925a-48bf-85c8-34af730792c3	d3a88932-19d5-4e7b-8595-19ff2a3f77c0	create	Permission to create billing	2025-07-05 08:22:45.006761+00	2025-07-07 10:56:50.182487+00	billing.create
8fb4e255-ae5d-4417-8267-799459f1d98f	d3a88932-19d5-4e7b-8595-19ff2a3f77c0	update	Permission to update billing	2025-07-05 08:22:45.006761+00	2025-07-07 10:56:50.196454+00	billing.update
f09b9106-f475-4adc-aa2b-57f8765792db	d3a88932-19d5-4e7b-8595-19ff2a3f77c0	delete	Permission to delete billing	2025-07-05 08:22:45.006761+00	2025-07-07 10:56:50.208471+00	billing.delete
49c0ec14-8d91-4968-85ed-57609b4f90ec	d3a88932-19d5-4e7b-8595-19ff2a3f77c0	approve	Permission to approve billing	2025-07-05 08:22:45.006761+00	2025-07-07 10:56:50.232522+00	billing.approve
0989f4ca-7d35-4621-9c78-9aeb4bbeff19	d3a88932-19d5-4e7b-8595-19ff2a3f77c0	list	Permission to list billing	2025-07-05 08:22:45.006761+00	2025-07-07 10:56:50.256487+00	billing.list
d958e56a-97ed-479a-84c0-cc9cde20c011	d3a88932-19d5-4e7b-8595-19ff2a3f77c0	manage	Permission to manage billing	2025-07-05 08:22:45.006761+00	2025-07-07 10:56:50.267431+00	billing.manage
4a24ba61-b71c-4b23-84fb-265eefc0135e	36eab171-16b5-4e1c-a925-4ba1fadd2264	read	Permission to read email	2025-07-05 08:22:45.006761+00	2025-07-07 10:56:50.345456+00	email.read
6b925f8b-6fb3-4ee7-b663-ec288be7d9fb	36eab171-16b5-4e1c-a925-4ba1fadd2264	create	Permission to create email	2025-07-05 08:22:45.006761+00	2025-07-07 10:56:50.358458+00	email.create
c8424ee5-21c2-4315-b82f-539e8b0b9478	36eab171-16b5-4e1c-a925-4ba1fadd2264	update	Permission to update email	2025-07-05 08:22:45.006761+00	2025-07-07 10:56:50.370412+00	email.update
9616efe3-7a2c-46e5-97e4-1b70ff7346c4	36eab171-16b5-4e1c-a925-4ba1fadd2264	delete	Permission to delete email	2025-07-05 08:22:45.006761+00	2025-07-07 10:56:50.382433+00	email.delete
ddd61a2f-edcf-49de-b90d-8f77288e6454	36eab171-16b5-4e1c-a925-4ba1fadd2264	approve	Permission to approve email	2025-07-05 08:22:45.006761+00	2025-07-07 10:56:50.417472+00	email.approve
f1ea3333-8274-4b2a-9781-501851a929b5	36eab171-16b5-4e1c-a925-4ba1fadd2264	list	Permission to list email	2025-07-05 08:22:45.006761+00	2025-07-07 10:56:50.440443+00	email.list
8ec393b6-9a3f-48e3-a258-184e87b5e216	36eab171-16b5-4e1c-a925-4ba1fadd2264	manage	Permission to manage email	2025-07-05 08:22:45.006761+00	2025-07-07 10:56:50.451422+00	email.manage
001b6665-b03a-430f-a28b-47c5a0db6b18	5b11f054-1a3e-4b33-b53f-7a042eddd9de	read	Permission to read invitations	2025-07-05 08:22:45.006761+00	2025-07-07 10:56:50.535439+00	invitations.read
2b81a98a-967a-4b73-8e60-c5f13669412e	5b11f054-1a3e-4b33-b53f-7a042eddd9de	create	Permission to create invitations	2025-07-05 08:22:45.006761+00	2025-07-07 10:56:50.548504+00	invitations.create
936baa6d-1c78-4cf6-8f5f-d6f5138d7077	5b11f054-1a3e-4b33-b53f-7a042eddd9de	update	Permission to update invitations	2025-07-05 08:22:45.006761+00	2025-07-07 10:56:50.560424+00	invitations.update
40ada269-3ca7-43d7-9c43-19f0c57167d1	5b11f054-1a3e-4b33-b53f-7a042eddd9de	delete	Permission to delete invitations	2025-07-05 08:22:45.006761+00	2025-07-07 10:56:50.57146+00	invitations.delete
f526e477-e567-42a6-9fd3-f96d71130646	5b11f054-1a3e-4b33-b53f-7a042eddd9de	approve	Permission to approve invitations	2025-07-05 08:22:45.006761+00	2025-07-07 10:56:50.595512+00	invitations.approve
82b627b7-a0fd-44e4-9d97-f753cb647508	5b11f054-1a3e-4b33-b53f-7a042eddd9de	list	Permission to list invitations	2025-07-05 08:22:45.006761+00	2025-07-07 10:56:50.623665+00	invitations.list
5349c356-154f-4fd5-8af8-627b08afb275	5b11f054-1a3e-4b33-b53f-7a042eddd9de	manage	Permission to manage invitations	2025-07-05 08:22:45.006761+00	2025-07-07 10:56:50.636472+00	invitations.manage
05b6489f-fdd9-4ccb-b1fb-d35dc654ba41	6c8175b8-bb65-412d-a9eb-117ccd894c50	read	Permission to read settings	2025-07-05 08:22:45.006761+00	2025-07-07 10:56:50.719419+00	settings.read
d028c58e-3342-474c-b9fc-607dc4ec8c01	6c8175b8-bb65-412d-a9eb-117ccd894c50	create	Permission to create settings	2025-07-05 08:22:45.006761+00	2025-07-07 10:56:50.731414+00	settings.create
22883459-23f8-4441-b8ea-6d96a6afa3d1	6c8175b8-bb65-412d-a9eb-117ccd894c50	update	Permission to update settings	2025-07-05 08:22:45.006761+00	2025-07-07 10:56:50.742604+00	settings.update
7ff8453f-e9ef-4a9f-b7d7-ab6844edcec1	6c8175b8-bb65-412d-a9eb-117ccd894c50	delete	Permission to delete settings	2025-07-05 08:22:45.006761+00	2025-07-07 10:56:50.755446+00	settings.delete
245dce89-ab27-4d20-b1af-db54f79ff8bb	6c8175b8-bb65-412d-a9eb-117ccd894c50	approve	Permission to approve settings	2025-07-05 08:22:45.006761+00	2025-07-07 10:56:50.778458+00	settings.approve
21b23221-4ed5-427e-b998-b8b87a6670bc	6c8175b8-bb65-412d-a9eb-117ccd894c50	list	Permission to list settings	2025-07-05 08:22:45.006761+00	2025-07-07 10:56:50.803491+00	settings.list
c0d59653-1c6c-4a05-8359-bbdfb4e2df63	6c8175b8-bb65-412d-a9eb-117ccd894c50	manage	Permission to manage settings	2025-07-05 08:22:45.006761+00	2025-07-07 10:56:50.815433+00	settings.manage
6669f922-0ae1-4b05-8b4e-1b593d982711	031603b2-48df-4ab6-b3a5-2c5dc64255de	read	Permission to read security	2025-07-05 08:22:45.006761+00	2025-07-07 10:56:50.892448+00	security.read
048dc0b2-d062-48cb-8064-92a2b04e745d	031603b2-48df-4ab6-b3a5-2c5dc64255de	create	Permission to create security	2025-07-05 08:22:45.006761+00	2025-07-07 10:56:50.904402+00	security.create
f5547841-5173-463c-91ca-bc7ca9742bea	031603b2-48df-4ab6-b3a5-2c5dc64255de	update	Permission to update security	2025-07-05 08:22:45.006761+00	2025-07-07 10:56:50.919498+00	security.update
59a32cfe-e63f-46bb-83e0-84c900dcd03c	031603b2-48df-4ab6-b3a5-2c5dc64255de	delete	Permission to delete security	2025-07-05 08:22:45.006761+00	2025-07-07 10:56:50.93143+00	security.delete
4b81f5a4-d53f-4b68-aafe-7a4b5e2313e2	031603b2-48df-4ab6-b3a5-2c5dc64255de	approve	Permission to approve security	2025-07-05 08:22:45.006761+00	2025-07-07 10:56:50.960499+00	security.approve
459a6cb1-b4a4-4a52-bfd5-345e67f96a90	031603b2-48df-4ab6-b3a5-2c5dc64255de	list	Permission to list security	2025-07-05 08:22:45.006761+00	2025-07-07 10:56:50.984453+00	security.list
dfdf95ce-c4f2-4c82-be76-c7d57f12b683	031603b2-48df-4ab6-b3a5-2c5dc64255de	manage	Permission to manage security	2025-07-05 08:22:45.006761+00	2025-07-07 10:56:50.996515+00	security.manage
4db8dd80-a8d5-4c28-b51d-571cdc8935da	c49fbc3d-aeea-4c8b-b0a3-da779f4e2127	read	Permission to read developer tools	2025-07-05 08:22:45.006761+00	2025-07-07 10:56:51.075497+00	developer.read
0fa06eed-1daa-4a75-9e3c-77e50fbbb7af	c49fbc3d-aeea-4c8b-b0a3-da779f4e2127	create	Permission to create developer tools	2025-07-05 08:22:45.006761+00	2025-07-07 10:56:51.088459+00	developer.create
88d115e7-f6bc-472a-a886-1aa1f3deb5e1	c49fbc3d-aeea-4c8b-b0a3-da779f4e2127	update	Permission to update developer tools	2025-07-05 08:22:45.006761+00	2025-07-07 10:56:51.099466+00	developer.update
00ff42c4-eb97-404e-93b3-2c9531128c3b	c49fbc3d-aeea-4c8b-b0a3-da779f4e2127	delete	Permission to delete developer tools	2025-07-05 08:22:45.006761+00	2025-07-07 10:56:51.116442+00	developer.delete
3a7ece32-ff6f-4d33-9bac-d6876c0f82e2	c49fbc3d-aeea-4c8b-b0a3-da779f4e2127	approve	Permission to approve developer tools	2025-07-05 08:22:45.006761+00	2025-07-07 10:56:51.143452+00	developer.approve
0797dc67-609c-4dc8-9a2e-d1529d564cd8	c49fbc3d-aeea-4c8b-b0a3-da779f4e2127	list	Permission to list developer tools	2025-07-05 08:22:45.006761+00	2025-07-07 10:56:51.165471+00	developer.list
1c056106-19cb-4ce4-9610-58bf82b179d7	c49fbc3d-aeea-4c8b-b0a3-da779f4e2127	manage	Permission to manage developer tools	2025-07-05 08:22:45.006761+00	2025-07-07 10:56:51.177431+00	developer.manage
\.


--
-- Data for Name: position_admin_defaults; Type: TABLE DATA; Schema: public; Owner: -
--

COPY public.position_admin_defaults ("position", default_admin_percentage, description, updated_at, updated_by) FROM stdin;
consultant	12.50	Basic admin tasks: team meetings, system updates, \n  training	2025-07-02 11:02:45.237126+00	\N
senior_consultant	17.50	Admin tasks plus mentoring junior staff and \n  knowledge sharing	2025-07-02 11:02:45.237126+00	\N
manager	45.00	Team management, client meetings, planning, and \n  reporting	2025-07-02 11:02:45.237126+00	\N
senior_manager	55.00	Strategic management of multiple teams and \n  complex client relationships	2025-07-02 11:02:45.237126+00	\N
partner	65.00	Business development, client relations, strategic \n  planning, and firm management	2025-07-02 11:02:45.237126+00	\N
senior_partner	75.00	Executive duties, firm-wide management, \n  partnerships, and strategic direction	2025-07-02 11:02:45.237126+00	\N
\.


--
-- Data for Name: rate_limits; Type: TABLE DATA; Schema: public; Owner: -
--

COPY public.rate_limits (id, service_id, window_start, window_duration_minutes, request_count, limit_exceeded_count, created_at) FROM stdin;
\.


--
-- Data for Name: roles; Type: TABLE DATA; Schema: public; Owner: -
--

COPY public.roles (id, name, display_name, description, priority, is_system_role, created_at, updated_at) FROM stdin;
7950e369-5257-4cc4-94ea-53ceecaf91a3	developer	Developer	Full system access including developer tools	5	t	2025-05-25 02:42:42.509737+00	2025-07-07 10:56:48.031492+00
7a21ecd4-3b83-447a-be0a-d0ca88290fd3	org_admin	Organization Admin	Organization-wide administration	4	t	2025-05-25 02:42:42.509737+00	2025-07-07 10:56:48.046497+00
39180393-6b3f-4db9-adb1-7f00e7cd5b7f	manager	Manager	Team management and oversight	3	t	2025-05-25 02:42:42.509737+00	2025-07-07 10:56:48.060448+00
64f5bc8d-aef6-4cc2-9aa2-170566d1af54	consultant	Consultant	Payroll processing and client management	2	t	2025-05-25 02:42:42.509737+00	2025-07-07 10:56:48.073463+00
51a9454a-6961-4edb-a5eb-7d195eb3451d	viewer	Viewer	Read-only access to data and reports	1	t	2025-05-25 02:42:42.509737+00	2025-07-07 10:56:48.085457+00
\.


--
-- Data for Name: role_permissions; Type: TABLE DATA; Schema: public; Owner: -
--

COPY public.role_permissions (id, role_id, permission_id, conditions, created_at, updated_at) FROM stdin;
91ba55f2-6a36-409c-9fe3-99a2275516ff	7950e369-5257-4cc4-94ea-53ceecaf91a3	7143ea47-6ace-49b3-83f2-4a269bd29cbe	\N	2025-07-05 08:22:45.006761+00	2025-07-05 08:22:45.006761+00
e9788e91-866d-46cd-a3f8-a1f8ea13ddf5	7950e369-5257-4cc4-94ea-53ceecaf91a3	87ef3448-512c-4b51-b9a7-48afe636227d	\N	2025-07-05 08:22:45.006761+00	2025-07-05 08:22:45.006761+00
c7e0e09c-2400-4567-814a-10921619b4ab	7950e369-5257-4cc4-94ea-53ceecaf91a3	02f11ffa-86ca-4524-9a8a-4b341bf4f591	\N	2025-07-05 08:22:45.006761+00	2025-07-05 08:22:45.006761+00
f1a87dcb-2f59-4a91-9f53-867ce313dd87	7950e369-5257-4cc4-94ea-53ceecaf91a3	27b7d0d5-880b-4543-a2cd-ac55ff7b3598	\N	2025-07-05 08:22:45.006761+00	2025-07-05 08:22:45.006761+00
c4bef0d9-3f7f-4331-9745-5ba8246a1a57	7950e369-5257-4cc4-94ea-53ceecaf91a3	0021976e-ae2a-4f59-a8c7-3dcc2911cbb5	\N	2025-07-05 08:22:45.006761+00	2025-07-05 08:22:45.006761+00
b6be3600-0101-45b5-9ebf-e76482516c42	7950e369-5257-4cc4-94ea-53ceecaf91a3	81402cc7-49c1-4c57-92e6-345e572e8572	\N	2025-07-05 08:22:45.006761+00	2025-07-05 08:22:45.006761+00
db6fb636-0690-45df-b884-9aaa68a03e2e	7950e369-5257-4cc4-94ea-53ceecaf91a3	c84f5481-1802-4599-b531-20666c14cba4	\N	2025-07-05 08:22:45.006761+00	2025-07-05 08:22:45.006761+00
cd78dfbd-734e-4103-a78e-b1012daf3c30	7950e369-5257-4cc4-94ea-53ceecaf91a3	48e073f6-837c-42ba-afb4-ae5d11f5e52e	\N	2025-07-05 08:22:45.006761+00	2025-07-05 08:22:45.006761+00
5cef7a1d-f0ec-4295-890e-028f534f01ba	7950e369-5257-4cc4-94ea-53ceecaf91a3	01d343d4-3ad9-4ccc-a501-8c2f083c4e73	\N	2025-07-05 08:22:45.006761+00	2025-07-05 08:22:45.006761+00
af7cbe11-bf0f-4bf4-a0f9-880982228cbd	7950e369-5257-4cc4-94ea-53ceecaf91a3	4ff27905-11eb-4cbb-be65-f50d78649b28	\N	2025-07-05 08:22:45.006761+00	2025-07-05 08:22:45.006761+00
80e9adc4-472b-445e-a3fc-d6962d5e6581	7950e369-5257-4cc4-94ea-53ceecaf91a3	5c3e9d72-260d-46f8-8404-cf28eba6bb6a	\N	2025-07-05 08:22:45.006761+00	2025-07-05 08:22:45.006761+00
c234fa96-b80e-44e5-8a3a-adf67d83d702	7950e369-5257-4cc4-94ea-53ceecaf91a3	cd851a9c-d937-43bd-ac98-56173092972a	\N	2025-07-05 08:22:45.006761+00	2025-07-05 08:22:45.006761+00
cb57129a-165a-40a0-b871-548f95249391	7950e369-5257-4cc4-94ea-53ceecaf91a3	432b409a-4dad-411e-afd0-76e6ac16d181	\N	2025-07-05 08:22:45.006761+00	2025-07-05 08:22:45.006761+00
fb03b8d9-b8dd-4324-9a47-8de25f2cbfb7	7950e369-5257-4cc4-94ea-53ceecaf91a3	d98ef1c2-31cf-4d6a-981f-d60999891fe1	\N	2025-07-05 08:22:45.006761+00	2025-07-05 08:22:45.006761+00
32b0b4ed-3960-49f3-a590-7fc8d45727c5	7950e369-5257-4cc4-94ea-53ceecaf91a3	2e202ccc-f493-4bfa-a28f-425c7f506105	\N	2025-07-05 08:22:45.006761+00	2025-07-05 08:22:45.006761+00
b8b6e3b1-d190-49c4-a2e1-aac2308d578e	7950e369-5257-4cc4-94ea-53ceecaf91a3	04f44fc2-86d1-4f06-ba21-5e6a01471a65	\N	2025-07-05 08:22:45.006761+00	2025-07-05 08:22:45.006761+00
7c840026-7c33-457e-ba6b-711109d30752	7950e369-5257-4cc4-94ea-53ceecaf91a3	3932f66d-69c8-4975-99e6-68b3d240d652	\N	2025-07-05 08:22:45.006761+00	2025-07-05 08:22:45.006761+00
2402ceb6-f324-4d00-8f2f-7323db5ada6e	7950e369-5257-4cc4-94ea-53ceecaf91a3	c74844cd-cf85-4718-8da3-d23a808a7acc	\N	2025-07-05 08:22:45.006761+00	2025-07-05 08:22:45.006761+00
b0dd954d-f447-414c-af4a-bcc853df3ea1	7950e369-5257-4cc4-94ea-53ceecaf91a3	18229e44-2d7e-4aa6-a2e5-15d2adc7990c	\N	2025-07-05 08:22:45.006761+00	2025-07-05 08:22:45.006761+00
48a772be-2ddc-46b9-9e13-35df940b2b15	7950e369-5257-4cc4-94ea-53ceecaf91a3	c89a62a1-72ba-4358-a0ff-789935f5b2fb	\N	2025-07-05 08:22:45.006761+00	2025-07-05 08:22:45.006761+00
6808acad-26f5-4599-868c-adde37f98750	7950e369-5257-4cc4-94ea-53ceecaf91a3	cf7a15ea-ad24-430a-b3f6-c71e59d6fb5e	\N	2025-07-05 08:22:45.006761+00	2025-07-05 08:22:45.006761+00
eec9dcce-22e5-475c-928c-33df6dc72da2	7950e369-5257-4cc4-94ea-53ceecaf91a3	5c570f06-d634-429b-96aa-35a93057d48e	\N	2025-07-05 08:22:45.006761+00	2025-07-05 08:22:45.006761+00
28f63a51-637f-4c5c-888d-8ac77d9d24a6	7950e369-5257-4cc4-94ea-53ceecaf91a3	9948ca31-95ff-416c-8f27-47b9cd9c716d	\N	2025-07-05 08:22:45.006761+00	2025-07-05 08:22:45.006761+00
94cd6339-0928-46a6-9561-5cbe8843016b	7950e369-5257-4cc4-94ea-53ceecaf91a3	6039239c-a3f9-4576-955c-a2a16d8f7c99	\N	2025-07-05 08:22:45.006761+00	2025-07-05 08:22:45.006761+00
a37e280a-24df-4d18-a635-7b366cc10668	7950e369-5257-4cc4-94ea-53ceecaf91a3	61dd104d-b839-427e-a741-e3d375b1b43c	\N	2025-07-05 08:22:45.006761+00	2025-07-05 08:22:45.006761+00
a1ef5297-6045-4455-b16d-de306e45cf41	7950e369-5257-4cc4-94ea-53ceecaf91a3	1a5e7dd3-1714-4ed3-854d-e8e7df4ac948	\N	2025-07-05 08:22:45.006761+00	2025-07-05 08:22:45.006761+00
7da22dea-d254-4d1e-91af-cb2f157e82aa	7950e369-5257-4cc4-94ea-53ceecaf91a3	3a2ca03a-3de7-4017-857c-9105cef3dc8d	\N	2025-07-05 08:22:45.006761+00	2025-07-05 08:22:45.006761+00
1b153d4c-35af-431b-aecd-5c6c8a763e2e	7950e369-5257-4cc4-94ea-53ceecaf91a3	c83a859e-a04b-4371-94eb-3c5b5e4e07ed	\N	2025-07-05 08:22:45.006761+00	2025-07-05 08:22:45.006761+00
467b1bc1-c9f0-40a7-92f9-803696ab8549	7950e369-5257-4cc4-94ea-53ceecaf91a3	ae003b52-467a-48a1-8a9a-3c845756b39e	\N	2025-07-05 08:22:45.006761+00	2025-07-05 08:22:45.006761+00
5a800477-9593-4dc1-9f00-4b92d82afb7d	7950e369-5257-4cc4-94ea-53ceecaf91a3	54a19aa5-e687-4058-9104-8cd700504c06	\N	2025-07-05 08:22:45.006761+00	2025-07-05 08:22:45.006761+00
cdbecf2e-6eba-4f53-8a49-1d4fdb401dfe	7950e369-5257-4cc4-94ea-53ceecaf91a3	b191c233-8e30-4b36-8998-2c2b66632479	\N	2025-07-05 08:22:45.006761+00	2025-07-05 08:22:45.006761+00
1759a139-3d4c-44a8-b1df-21055b088a4c	7950e369-5257-4cc4-94ea-53ceecaf91a3	49efcc73-a347-415e-8cb5-7ba860612dc8	\N	2025-07-05 08:22:45.006761+00	2025-07-05 08:22:45.006761+00
5924d6ff-c696-4001-8a60-5ddd83804477	7950e369-5257-4cc4-94ea-53ceecaf91a3	3a0dcac2-3f97-441b-9ba5-bb3b5a31d15b	\N	2025-07-05 08:22:45.006761+00	2025-07-05 08:22:45.006761+00
75af5981-28b5-40d9-b95b-e1067c5e76f1	7950e369-5257-4cc4-94ea-53ceecaf91a3	18c06d85-966e-4c2e-83c7-964803ae0383	\N	2025-07-05 08:22:45.006761+00	2025-07-05 08:22:45.006761+00
084adb27-d6a1-4b08-b5e5-9f9dc0151baf	7950e369-5257-4cc4-94ea-53ceecaf91a3	f3f94ca3-051d-4417-be8e-20d6a0182d17	\N	2025-07-05 08:22:45.006761+00	2025-07-05 08:22:45.006761+00
10acdcb3-b2fa-497c-ba5e-bc676c61b230	7950e369-5257-4cc4-94ea-53ceecaf91a3	692675f6-7d84-480e-b53b-4278fc6890e7	\N	2025-07-05 08:22:45.006761+00	2025-07-05 08:22:45.006761+00
b27216d1-feb1-4cce-a937-390bc62e401b	7950e369-5257-4cc4-94ea-53ceecaf91a3	c93dc61d-a16a-4d4d-bf8b-392b6cc61b81	\N	2025-07-05 08:22:45.006761+00	2025-07-05 08:22:45.006761+00
63c17c68-1e3d-4642-a6d8-17a276aa4148	7950e369-5257-4cc4-94ea-53ceecaf91a3	fc1df09c-522b-48cd-80ea-0d9aa8fd672e	\N	2025-07-05 08:22:45.006761+00	2025-07-05 08:22:45.006761+00
9255a1b2-b02a-4734-bda0-4b4d85667c14	7950e369-5257-4cc4-94ea-53ceecaf91a3	56b84f1c-cc33-453b-ba38-df5bbce2a474	\N	2025-07-05 08:22:45.006761+00	2025-07-05 08:22:45.006761+00
739d1e6e-4115-4894-80a5-157fc02e6da7	7950e369-5257-4cc4-94ea-53ceecaf91a3	855a4448-1a4a-4414-a3ab-f7d1c58c41f7	\N	2025-07-05 08:22:45.006761+00	2025-07-05 08:22:45.006761+00
abf3cfbe-92ef-4bfc-b4c8-bb0ff0c1909a	7950e369-5257-4cc4-94ea-53ceecaf91a3	77b291c9-caf7-4a27-b7c4-3f8e45950e61	\N	2025-07-05 08:22:45.006761+00	2025-07-05 08:22:45.006761+00
ce8f1420-d7e9-4be5-8e76-79ed67dd4f20	7950e369-5257-4cc4-94ea-53ceecaf91a3	a1a137bb-0cda-4026-a76e-96f3b8ffb03f	\N	2025-07-05 08:22:45.006761+00	2025-07-05 08:22:45.006761+00
acc75b70-005c-4ad2-892b-0c44bcd74de6	7950e369-5257-4cc4-94ea-53ceecaf91a3	f02c7f6e-87f6-401e-95a7-4b2f65dd5f2f	\N	2025-07-05 08:22:45.006761+00	2025-07-05 08:22:45.006761+00
68c055ed-8890-42f1-ac1a-139bfd80610c	7950e369-5257-4cc4-94ea-53ceecaf91a3	25f02415-d638-4b0c-b4f2-bfe3333be02e	\N	2025-07-05 08:22:45.006761+00	2025-07-05 08:22:45.006761+00
345ddb38-0fcd-416d-b7a5-9ce89600774e	7950e369-5257-4cc4-94ea-53ceecaf91a3	876c6f6e-8636-4b9f-993b-eef296282196	\N	2025-07-05 08:22:45.006761+00	2025-07-05 08:22:45.006761+00
2ebb908b-6b70-4469-9a1c-6958506df126	7950e369-5257-4cc4-94ea-53ceecaf91a3	887f8b0c-49cd-4334-984c-454777f9a8bf	\N	2025-07-05 08:22:45.006761+00	2025-07-05 08:22:45.006761+00
2534f83a-ed93-4281-954c-e0bf21ff76d3	7950e369-5257-4cc4-94ea-53ceecaf91a3	fbe571cc-b995-4211-935a-d3b5aae9d407	\N	2025-07-05 08:22:45.006761+00	2025-07-05 08:22:45.006761+00
67be3326-ccf2-4ceb-9ba8-4d62cb66c6ca	7950e369-5257-4cc4-94ea-53ceecaf91a3	8275a6ba-f30b-4d40-9998-433520d431a9	\N	2025-07-05 08:22:45.006761+00	2025-07-05 08:22:45.006761+00
8b857e6d-a6bc-4eee-a29d-1394f588422e	7950e369-5257-4cc4-94ea-53ceecaf91a3	7ec4298b-dd95-4257-8394-030fe0f0ed10	\N	2025-07-05 08:22:45.006761+00	2025-07-05 08:22:45.006761+00
b1cf1afc-87f7-428f-b7d6-a12e0f5c3e67	7950e369-5257-4cc4-94ea-53ceecaf91a3	cc025fbb-a4cc-4ea7-aa3b-93df0e6e4e3c	\N	2025-07-05 08:22:45.006761+00	2025-07-05 08:22:45.006761+00
2558318a-84b7-40e2-a77d-83eea7dd1486	7950e369-5257-4cc4-94ea-53ceecaf91a3	5b2182dc-58bb-4a5f-9f3a-6c062a1bbf6e	\N	2025-07-05 08:22:45.006761+00	2025-07-05 08:22:45.006761+00
e5f5b5ca-5e97-453a-b7dd-3cd0daac5b51	7950e369-5257-4cc4-94ea-53ceecaf91a3	cc4e11ff-cb8d-435c-868d-349614942cac	\N	2025-07-05 08:22:45.006761+00	2025-07-05 08:22:45.006761+00
fc8885bb-f444-47ec-8709-0c166024026f	7950e369-5257-4cc4-94ea-53ceecaf91a3	82d2fc03-6cb4-4282-8cf2-80982e15a719	\N	2025-07-05 08:22:45.006761+00	2025-07-05 08:22:45.006761+00
58cb2eaa-5980-4840-96c7-32e3be52a13a	7950e369-5257-4cc4-94ea-53ceecaf91a3	ca761e2a-e843-478a-a32b-f4275694dcec	\N	2025-07-05 08:22:45.006761+00	2025-07-05 08:22:45.006761+00
eec01207-6fab-45fd-9ff2-8c166c2fbecd	7950e369-5257-4cc4-94ea-53ceecaf91a3	6baf6d05-223e-4f2f-bd02-31dede69c390	\N	2025-07-05 08:22:45.006761+00	2025-07-05 08:22:45.006761+00
2ac790b7-2fb6-4ce2-91fe-0d4ad6a58d93	7950e369-5257-4cc4-94ea-53ceecaf91a3	ccd2ef4e-b4a8-40ac-9810-06528f7dc4aa	\N	2025-07-05 08:22:45.006761+00	2025-07-05 08:22:45.006761+00
712211e3-3614-4bc7-8a01-d2d17dfb3407	7950e369-5257-4cc4-94ea-53ceecaf91a3	0783a6e9-536d-4ccb-b91e-a6cdd62454c5	\N	2025-07-05 08:22:45.006761+00	2025-07-05 08:22:45.006761+00
ccecda61-3b73-4473-9b85-60c04b0bdadc	7950e369-5257-4cc4-94ea-53ceecaf91a3	f467038b-0da7-4fb1-ad60-e5b33f8ff122	\N	2025-07-05 08:22:45.006761+00	2025-07-05 08:22:45.006761+00
eb211a29-0f38-44ae-bd2b-f9ca3099e54e	7950e369-5257-4cc4-94ea-53ceecaf91a3	803316d0-40ff-4e7e-8a5a-2eb18d5ca7a5	\N	2025-07-05 08:22:45.006761+00	2025-07-05 08:22:45.006761+00
423905e2-db53-4798-be9f-42df97ad7b5a	7950e369-5257-4cc4-94ea-53ceecaf91a3	86fe1e4c-0876-4168-b336-98efd718480c	\N	2025-07-05 08:22:45.006761+00	2025-07-05 08:22:45.006761+00
beedf43b-9d23-4e44-8e21-23476e20fc7f	7950e369-5257-4cc4-94ea-53ceecaf91a3	3f202022-c99c-4675-b66a-104200c5f3d2	\N	2025-07-05 08:22:45.006761+00	2025-07-05 08:22:45.006761+00
42f66373-5a87-4f4c-b8e3-51befadb4026	7950e369-5257-4cc4-94ea-53ceecaf91a3	db0c2f6d-b12e-4d2d-938b-cf7131d9f9ef	\N	2025-07-05 08:22:45.006761+00	2025-07-05 08:22:45.006761+00
c80abfad-83c2-4192-acd1-b30d1a101adc	7950e369-5257-4cc4-94ea-53ceecaf91a3	ed44bdc8-6724-4517-a002-213d250c586a	\N	2025-07-05 08:22:45.006761+00	2025-07-05 08:22:45.006761+00
73aad02a-4ae8-449e-8947-2bca4a3d1b79	7950e369-5257-4cc4-94ea-53ceecaf91a3	6e0e70d1-9ba9-49a2-86a4-29be8a92b1e3	\N	2025-07-05 08:22:45.006761+00	2025-07-05 08:22:45.006761+00
5d28728a-68b0-44e0-9956-3f2fca7bc780	7950e369-5257-4cc4-94ea-53ceecaf91a3	c5f62b4b-b85a-4e4f-a544-87853fa8baf9	\N	2025-07-05 08:22:45.006761+00	2025-07-05 08:22:45.006761+00
19dc1a59-1305-45d9-b149-63cb9f7abf88	7950e369-5257-4cc4-94ea-53ceecaf91a3	41cb9e7b-ea0c-4607-aadb-09c3315e1b77	\N	2025-07-05 08:22:45.006761+00	2025-07-05 08:22:45.006761+00
88f9b90d-81fd-42c4-9593-3222fe8c79ed	7950e369-5257-4cc4-94ea-53ceecaf91a3	dc470401-f19d-41d7-99df-df7151f15c20	\N	2025-07-05 08:22:45.006761+00	2025-07-05 08:22:45.006761+00
c23a8639-6598-4dde-86b0-a826d8829f9f	7950e369-5257-4cc4-94ea-53ceecaf91a3	a200aa97-212a-4253-a7c0-fc96d6b804ef	\N	2025-07-05 08:22:45.006761+00	2025-07-05 08:22:45.006761+00
dbf613f8-ada5-4d60-88ee-0d0bb125060f	7950e369-5257-4cc4-94ea-53ceecaf91a3	25d5c4ad-c4e1-48de-8917-03ee38620ca8	\N	2025-07-05 08:22:45.006761+00	2025-07-05 08:22:45.006761+00
8853d919-98aa-4de8-9577-fef1d5ebae28	7950e369-5257-4cc4-94ea-53ceecaf91a3	c1562bcd-2596-4d3d-8e1e-a4eab2b3c2a8	\N	2025-07-05 08:22:45.006761+00	2025-07-05 08:22:45.006761+00
dc38d2d7-2462-4dac-82d6-fa5b1c20188c	7950e369-5257-4cc4-94ea-53ceecaf91a3	f20efbe3-1af3-49b4-8cc1-0e840f753471	\N	2025-07-05 08:22:45.006761+00	2025-07-05 08:22:45.006761+00
70373cfa-3a6f-453b-90d7-79f145490e9c	7950e369-5257-4cc4-94ea-53ceecaf91a3	f9d1b185-4f31-42e1-8d6e-95ab9db68708	\N	2025-07-05 08:22:45.006761+00	2025-07-05 08:22:45.006761+00
84bcbb0d-561d-4448-ba9e-e645d9027162	7950e369-5257-4cc4-94ea-53ceecaf91a3	6f81c1c2-c026-4817-a1ed-38fe45882569	\N	2025-07-05 08:22:45.006761+00	2025-07-05 08:22:45.006761+00
33359ce9-a4c5-403b-8ec1-c209e8398be1	7950e369-5257-4cc4-94ea-53ceecaf91a3	eeedfd8d-d5ac-4886-bdc9-6c6965d31505	\N	2025-07-05 08:22:45.006761+00	2025-07-05 08:22:45.006761+00
418500d9-6c19-4956-a545-38d9af448a26	7950e369-5257-4cc4-94ea-53ceecaf91a3	0f1815f0-50c2-436f-bc61-22c6b6d21062	\N	2025-07-05 08:22:45.006761+00	2025-07-05 08:22:45.006761+00
a42cf5ba-5194-4748-b522-b3a26ff73eb3	7950e369-5257-4cc4-94ea-53ceecaf91a3	54108c8b-e545-4efb-beed-0c7646f23854	\N	2025-07-05 08:22:45.006761+00	2025-07-05 08:22:45.006761+00
978628f3-1e9d-426b-97e4-f5a3723b7de2	7950e369-5257-4cc4-94ea-53ceecaf91a3	2d763a2a-ed1b-46c6-973b-a76c4cdcb34b	\N	2025-07-05 08:22:45.006761+00	2025-07-05 08:22:45.006761+00
cd17d13a-efc7-495a-b5a6-2478027dbefc	7950e369-5257-4cc4-94ea-53ceecaf91a3	77150743-b132-4b11-8685-ad08cce3425a	\N	2025-07-05 08:22:45.006761+00	2025-07-05 08:22:45.006761+00
6583d4b5-d700-4599-9b4e-3441a9d603a0	7950e369-5257-4cc4-94ea-53ceecaf91a3	d388e831-cf6c-430c-8bcd-b07827dfcd7f	\N	2025-07-05 08:22:45.006761+00	2025-07-05 08:22:45.006761+00
ee9ab92d-9742-43c5-b73b-b8568e7cf37e	7950e369-5257-4cc4-94ea-53ceecaf91a3	8b40f002-1065-4a03-a9c4-f774f98b68af	\N	2025-07-05 08:22:45.006761+00	2025-07-05 08:22:45.006761+00
5d42da99-9442-45c4-aab1-55cd12d129f8	7950e369-5257-4cc4-94ea-53ceecaf91a3	f491df38-07bd-4b12-bd90-c8b96bb0618c	\N	2025-07-05 08:22:45.006761+00	2025-07-05 08:22:45.006761+00
4550ca67-2677-44fb-8256-6f88a384c0a5	7950e369-5257-4cc4-94ea-53ceecaf91a3	ab9aca4d-925a-48bf-85c8-34af730792c3	\N	2025-07-05 08:22:45.006761+00	2025-07-05 08:22:45.006761+00
fb31d357-5519-4d49-a270-7be158dc1780	7950e369-5257-4cc4-94ea-53ceecaf91a3	8fb4e255-ae5d-4417-8267-799459f1d98f	\N	2025-07-05 08:22:45.006761+00	2025-07-05 08:22:45.006761+00
d57f0335-be18-4c9e-b970-d1438eac9f8a	7950e369-5257-4cc4-94ea-53ceecaf91a3	f09b9106-f475-4adc-aa2b-57f8765792db	\N	2025-07-05 08:22:45.006761+00	2025-07-05 08:22:45.006761+00
feb9547c-6108-4624-9a47-165eea37c702	7950e369-5257-4cc4-94ea-53ceecaf91a3	0989f4ca-7d35-4621-9c78-9aeb4bbeff19	\N	2025-07-05 08:22:45.006761+00	2025-07-05 08:22:45.006761+00
709bd879-e15c-48d2-8779-f7d5eb84e1bb	7950e369-5257-4cc4-94ea-53ceecaf91a3	d958e56a-97ed-479a-84c0-cc9cde20c011	\N	2025-07-05 08:22:45.006761+00	2025-07-05 08:22:45.006761+00
18c65a3f-100d-440f-b142-3d5ec59c79af	7950e369-5257-4cc4-94ea-53ceecaf91a3	49c0ec14-8d91-4968-85ed-57609b4f90ec	\N	2025-07-05 08:22:45.006761+00	2025-07-05 08:22:45.006761+00
9a469e85-7f6f-4978-a151-1e6a1f1478e1	7950e369-5257-4cc4-94ea-53ceecaf91a3	e373bee8-54c5-4ba4-b7c3-f3f35b4e9127	\N	2025-07-05 08:22:45.006761+00	2025-07-05 08:22:45.006761+00
bed1b2a8-6747-4846-a890-c68b7a6a31b6	7950e369-5257-4cc4-94ea-53ceecaf91a3	4a24ba61-b71c-4b23-84fb-265eefc0135e	\N	2025-07-05 08:22:45.006761+00	2025-07-05 08:22:45.006761+00
75fda25e-c9e6-4b5a-8443-670dd3c7f268	7950e369-5257-4cc4-94ea-53ceecaf91a3	6b925f8b-6fb3-4ee7-b663-ec288be7d9fb	\N	2025-07-05 08:22:45.006761+00	2025-07-05 08:22:45.006761+00
b202c21b-f72f-42b4-9772-5bd1669286c1	7950e369-5257-4cc4-94ea-53ceecaf91a3	c8424ee5-21c2-4315-b82f-539e8b0b9478	\N	2025-07-05 08:22:45.006761+00	2025-07-05 08:22:45.006761+00
65edb06a-4312-4f0d-acf8-b9ac85c4131b	7950e369-5257-4cc4-94ea-53ceecaf91a3	9616efe3-7a2c-46e5-97e4-1b70ff7346c4	\N	2025-07-05 08:22:45.006761+00	2025-07-05 08:22:45.006761+00
26be784e-b7f4-423f-8601-56032bb4cc4b	7950e369-5257-4cc4-94ea-53ceecaf91a3	f1ea3333-8274-4b2a-9781-501851a929b5	\N	2025-07-05 08:22:45.006761+00	2025-07-05 08:22:45.006761+00
a890afc1-eec3-42c4-ba1e-b3b3b5833913	7950e369-5257-4cc4-94ea-53ceecaf91a3	8ec393b6-9a3f-48e3-a258-184e87b5e216	\N	2025-07-05 08:22:45.006761+00	2025-07-05 08:22:45.006761+00
10348eac-d264-4512-a3e2-24c87894a62a	7950e369-5257-4cc4-94ea-53ceecaf91a3	ddd61a2f-edcf-49de-b90d-8f77288e6454	\N	2025-07-05 08:22:45.006761+00	2025-07-05 08:22:45.006761+00
bb4a1794-ef44-4be9-b1ea-344359cb5ae4	7950e369-5257-4cc4-94ea-53ceecaf91a3	113ad1a5-33b6-4338-9bee-40de185559ca	\N	2025-07-05 08:22:45.006761+00	2025-07-05 08:22:45.006761+00
2abd98a2-c06f-4fb5-8448-e6f63bb058af	7950e369-5257-4cc4-94ea-53ceecaf91a3	001b6665-b03a-430f-a28b-47c5a0db6b18	\N	2025-07-05 08:22:45.006761+00	2025-07-05 08:22:45.006761+00
a65dacef-f2f5-4169-b1de-40447b5a1163	7950e369-5257-4cc4-94ea-53ceecaf91a3	2b81a98a-967a-4b73-8e60-c5f13669412e	\N	2025-07-05 08:22:45.006761+00	2025-07-05 08:22:45.006761+00
a106fc42-33e1-4af0-9205-87820fff0a0b	7950e369-5257-4cc4-94ea-53ceecaf91a3	936baa6d-1c78-4cf6-8f5f-d6f5138d7077	\N	2025-07-05 08:22:45.006761+00	2025-07-05 08:22:45.006761+00
6b3eb4d4-6907-4a47-b0a5-5642a710ca07	7950e369-5257-4cc4-94ea-53ceecaf91a3	40ada269-3ca7-43d7-9c43-19f0c57167d1	\N	2025-07-05 08:22:45.006761+00	2025-07-05 08:22:45.006761+00
25e551bf-adf8-4307-ac0e-6ab7d263139b	7950e369-5257-4cc4-94ea-53ceecaf91a3	82b627b7-a0fd-44e4-9d97-f753cb647508	\N	2025-07-05 08:22:45.006761+00	2025-07-05 08:22:45.006761+00
ed0f5ee2-7398-448f-bef1-8d29a19c64f9	7950e369-5257-4cc4-94ea-53ceecaf91a3	5349c356-154f-4fd5-8af8-627b08afb275	\N	2025-07-05 08:22:45.006761+00	2025-07-05 08:22:45.006761+00
5bb43383-5cd5-41ac-93bf-12075a3abce8	7950e369-5257-4cc4-94ea-53ceecaf91a3	f526e477-e567-42a6-9fd3-f96d71130646	\N	2025-07-05 08:22:45.006761+00	2025-07-05 08:22:45.006761+00
3688b948-b742-4bcf-902a-6bf2d0607304	7950e369-5257-4cc4-94ea-53ceecaf91a3	ac5e7b8e-7376-4d08-a8eb-255f8f5f557f	\N	2025-07-05 08:22:45.006761+00	2025-07-05 08:22:45.006761+00
0e4ccc50-9e33-4586-9b8c-92dfb1e636d5	7950e369-5257-4cc4-94ea-53ceecaf91a3	05b6489f-fdd9-4ccb-b1fb-d35dc654ba41	\N	2025-07-05 08:22:45.006761+00	2025-07-05 08:22:45.006761+00
661b9682-ab31-4d90-a30c-91c6c998d579	7950e369-5257-4cc4-94ea-53ceecaf91a3	d028c58e-3342-474c-b9fc-607dc4ec8c01	\N	2025-07-05 08:22:45.006761+00	2025-07-05 08:22:45.006761+00
c5c2b38f-4b1c-47a3-9535-8906586df7fb	7950e369-5257-4cc4-94ea-53ceecaf91a3	22883459-23f8-4441-b8ea-6d96a6afa3d1	\N	2025-07-05 08:22:45.006761+00	2025-07-05 08:22:45.006761+00
7b5b49fa-8493-4c84-bee0-0c3dedaed43a	7950e369-5257-4cc4-94ea-53ceecaf91a3	7ff8453f-e9ef-4a9f-b7d7-ab6844edcec1	\N	2025-07-05 08:22:45.006761+00	2025-07-05 08:22:45.006761+00
7d0c4243-52dd-4219-be49-99aefe65c77a	7950e369-5257-4cc4-94ea-53ceecaf91a3	21b23221-4ed5-427e-b998-b8b87a6670bc	\N	2025-07-05 08:22:45.006761+00	2025-07-05 08:22:45.006761+00
0c678c83-ff06-4283-b684-77906859d130	7950e369-5257-4cc4-94ea-53ceecaf91a3	c0d59653-1c6c-4a05-8359-bbdfb4e2df63	\N	2025-07-05 08:22:45.006761+00	2025-07-05 08:22:45.006761+00
a944f4cb-69b7-4c3a-959f-7a144e5944e5	7950e369-5257-4cc4-94ea-53ceecaf91a3	245dce89-ab27-4d20-b1af-db54f79ff8bb	\N	2025-07-05 08:22:45.006761+00	2025-07-05 08:22:45.006761+00
943c7c0f-bd65-42b8-8272-4c17e840273b	7950e369-5257-4cc4-94ea-53ceecaf91a3	8c33d47b-03a9-4675-aa12-eeca6ef0c029	\N	2025-07-05 08:22:45.006761+00	2025-07-05 08:22:45.006761+00
bbfb748f-05c3-424b-bc03-f3d4619fc72b	7950e369-5257-4cc4-94ea-53ceecaf91a3	6669f922-0ae1-4b05-8b4e-1b593d982711	\N	2025-07-05 08:22:45.006761+00	2025-07-05 08:22:45.006761+00
29be08a5-da8c-4d0a-8e2b-0619187f9827	7950e369-5257-4cc4-94ea-53ceecaf91a3	048dc0b2-d062-48cb-8064-92a2b04e745d	\N	2025-07-05 08:22:45.006761+00	2025-07-05 08:22:45.006761+00
912993fd-f5c6-4ed4-b76f-c9a6d0c0f7ac	7950e369-5257-4cc4-94ea-53ceecaf91a3	f5547841-5173-463c-91ca-bc7ca9742bea	\N	2025-07-05 08:22:45.006761+00	2025-07-05 08:22:45.006761+00
263c5ec7-5668-4326-b736-c39176577092	7950e369-5257-4cc4-94ea-53ceecaf91a3	59a32cfe-e63f-46bb-83e0-84c900dcd03c	\N	2025-07-05 08:22:45.006761+00	2025-07-05 08:22:45.006761+00
fe62abe1-0946-4a3a-b164-d9c6eea16423	7950e369-5257-4cc4-94ea-53ceecaf91a3	459a6cb1-b4a4-4a52-bfd5-345e67f96a90	\N	2025-07-05 08:22:45.006761+00	2025-07-05 08:22:45.006761+00
269622e0-c9e7-453f-9558-eda521504381	7950e369-5257-4cc4-94ea-53ceecaf91a3	dfdf95ce-c4f2-4c82-be76-c7d57f12b683	\N	2025-07-05 08:22:45.006761+00	2025-07-05 08:22:45.006761+00
5f1009e5-ae62-47c9-9236-11bf123c6c29	7950e369-5257-4cc4-94ea-53ceecaf91a3	4b81f5a4-d53f-4b68-aafe-7a4b5e2313e2	\N	2025-07-05 08:22:45.006761+00	2025-07-05 08:22:45.006761+00
bbabe4ba-21ef-4369-b8e8-a6ec75ef396e	7950e369-5257-4cc4-94ea-53ceecaf91a3	d92c8eaa-38a6-41ee-845f-d15fed12d2d8	\N	2025-07-05 08:22:45.006761+00	2025-07-05 08:22:45.006761+00
eb43590f-d95c-4601-912a-a871bc067633	7950e369-5257-4cc4-94ea-53ceecaf91a3	4db8dd80-a8d5-4c28-b51d-571cdc8935da	\N	2025-07-05 08:22:45.006761+00	2025-07-05 08:22:45.006761+00
e2a2086a-6b03-4faa-ba75-6a587cafc052	7950e369-5257-4cc4-94ea-53ceecaf91a3	0fa06eed-1daa-4a75-9e3c-77e50fbbb7af	\N	2025-07-05 08:22:45.006761+00	2025-07-05 08:22:45.006761+00
f048c4a7-6faf-402c-9975-e437704944cd	7950e369-5257-4cc4-94ea-53ceecaf91a3	88d115e7-f6bc-472a-a886-1aa1f3deb5e1	\N	2025-07-05 08:22:45.006761+00	2025-07-05 08:22:45.006761+00
6c405273-f511-489d-a543-5e9eba4e3f63	7950e369-5257-4cc4-94ea-53ceecaf91a3	00ff42c4-eb97-404e-93b3-2c9531128c3b	\N	2025-07-05 08:22:45.006761+00	2025-07-05 08:22:45.006761+00
c1e76228-bfe4-4462-b9c0-022981877513	7950e369-5257-4cc4-94ea-53ceecaf91a3	0797dc67-609c-4dc8-9a2e-d1529d564cd8	\N	2025-07-05 08:22:45.006761+00	2025-07-05 08:22:45.006761+00
284675f9-2ce9-411b-9f69-33ebc48433bb	7950e369-5257-4cc4-94ea-53ceecaf91a3	1c056106-19cb-4ce4-9610-58bf82b179d7	\N	2025-07-05 08:22:45.006761+00	2025-07-05 08:22:45.006761+00
bc7cd6ba-b024-46ac-a203-135b7ada569e	7950e369-5257-4cc4-94ea-53ceecaf91a3	3a7ece32-ff6f-4d33-9bac-d6876c0f82e2	\N	2025-07-05 08:22:45.006761+00	2025-07-05 08:22:45.006761+00
23fa5f30-8b2c-48cd-af6f-e77bd877d75e	7950e369-5257-4cc4-94ea-53ceecaf91a3	2bea44bc-cd92-4e01-bab8-9d6cf86ccf53	\N	2025-07-05 08:22:45.006761+00	2025-07-05 08:22:45.006761+00
584c1638-c0e3-4528-80ce-6180c6f32551	7a21ecd4-3b83-447a-be0a-d0ca88290fd3	7143ea47-6ace-49b3-83f2-4a269bd29cbe	\N	2025-07-05 08:22:45.006761+00	2025-07-05 08:22:45.006761+00
729cef34-5b5d-4c32-b080-150c0600dd96	7a21ecd4-3b83-447a-be0a-d0ca88290fd3	87ef3448-512c-4b51-b9a7-48afe636227d	\N	2025-07-05 08:22:45.006761+00	2025-07-05 08:22:45.006761+00
11d4f6e6-69bf-483a-8674-853ae700165d	7a21ecd4-3b83-447a-be0a-d0ca88290fd3	02f11ffa-86ca-4524-9a8a-4b341bf4f591	\N	2025-07-05 08:22:45.006761+00	2025-07-05 08:22:45.006761+00
b371a47e-22a6-4e1c-bd84-94cb055095f4	7a21ecd4-3b83-447a-be0a-d0ca88290fd3	27b7d0d5-880b-4543-a2cd-ac55ff7b3598	\N	2025-07-05 08:22:45.006761+00	2025-07-05 08:22:45.006761+00
998dd3ac-e7ac-4561-8597-256cc4bf4f81	7a21ecd4-3b83-447a-be0a-d0ca88290fd3	0021976e-ae2a-4f59-a8c7-3dcc2911cbb5	\N	2025-07-05 08:22:45.006761+00	2025-07-05 08:22:45.006761+00
1a8f2ff7-125e-4cee-b13c-28f583eabd2d	7a21ecd4-3b83-447a-be0a-d0ca88290fd3	81402cc7-49c1-4c57-92e6-345e572e8572	\N	2025-07-05 08:22:45.006761+00	2025-07-05 08:22:45.006761+00
2259de2d-911a-4c01-9b16-2098e9a12665	7a21ecd4-3b83-447a-be0a-d0ca88290fd3	c84f5481-1802-4599-b531-20666c14cba4	\N	2025-07-05 08:22:45.006761+00	2025-07-05 08:22:45.006761+00
1f1aa499-04bd-46fa-9ba0-977f18d13ad2	7a21ecd4-3b83-447a-be0a-d0ca88290fd3	48e073f6-837c-42ba-afb4-ae5d11f5e52e	\N	2025-07-05 08:22:45.006761+00	2025-07-05 08:22:45.006761+00
2d1b37d8-2707-4db6-af5f-e40ab344e30d	7a21ecd4-3b83-447a-be0a-d0ca88290fd3	01d343d4-3ad9-4ccc-a501-8c2f083c4e73	\N	2025-07-05 08:22:45.006761+00	2025-07-05 08:22:45.006761+00
edebf771-c397-4904-ac00-ba97995ea1e8	7a21ecd4-3b83-447a-be0a-d0ca88290fd3	4ff27905-11eb-4cbb-be65-f50d78649b28	\N	2025-07-05 08:22:45.006761+00	2025-07-05 08:22:45.006761+00
9fb95fdb-aaf8-4cd4-9b96-a81ee91be250	7a21ecd4-3b83-447a-be0a-d0ca88290fd3	5c3e9d72-260d-46f8-8404-cf28eba6bb6a	\N	2025-07-05 08:22:45.006761+00	2025-07-05 08:22:45.006761+00
dbb4708c-eb08-4814-a1d4-1b53e7088104	7a21ecd4-3b83-447a-be0a-d0ca88290fd3	cd851a9c-d937-43bd-ac98-56173092972a	\N	2025-07-05 08:22:45.006761+00	2025-07-05 08:22:45.006761+00
3c3d5e91-029f-4fc7-a7a7-4c345c685dfe	7a21ecd4-3b83-447a-be0a-d0ca88290fd3	432b409a-4dad-411e-afd0-76e6ac16d181	\N	2025-07-05 08:22:45.006761+00	2025-07-05 08:22:45.006761+00
6c117228-f07e-4250-ba7a-9cd324d22b39	7a21ecd4-3b83-447a-be0a-d0ca88290fd3	d98ef1c2-31cf-4d6a-981f-d60999891fe1	\N	2025-07-05 08:22:45.006761+00	2025-07-05 08:22:45.006761+00
f9267688-77b2-402f-9029-fabf7982b13c	7a21ecd4-3b83-447a-be0a-d0ca88290fd3	2e202ccc-f493-4bfa-a28f-425c7f506105	\N	2025-07-05 08:22:45.006761+00	2025-07-05 08:22:45.006761+00
ab8d9dcf-17bb-4619-991a-c5f0006b3acd	7a21ecd4-3b83-447a-be0a-d0ca88290fd3	04f44fc2-86d1-4f06-ba21-5e6a01471a65	\N	2025-07-05 08:22:45.006761+00	2025-07-05 08:22:45.006761+00
81acac81-4e18-403a-86fe-274e9b1dfaaa	7a21ecd4-3b83-447a-be0a-d0ca88290fd3	3932f66d-69c8-4975-99e6-68b3d240d652	\N	2025-07-05 08:22:45.006761+00	2025-07-05 08:22:45.006761+00
199795ed-c6d3-43ec-a669-aa209bfb6e5d	7a21ecd4-3b83-447a-be0a-d0ca88290fd3	c74844cd-cf85-4718-8da3-d23a808a7acc	\N	2025-07-05 08:22:45.006761+00	2025-07-05 08:22:45.006761+00
d1a9a0e3-730e-40c6-80e6-6140e2cd73db	7a21ecd4-3b83-447a-be0a-d0ca88290fd3	18229e44-2d7e-4aa6-a2e5-15d2adc7990c	\N	2025-07-05 08:22:45.006761+00	2025-07-05 08:22:45.006761+00
8688de64-eb1b-4257-b623-a4fe520ed8ee	7a21ecd4-3b83-447a-be0a-d0ca88290fd3	c89a62a1-72ba-4358-a0ff-789935f5b2fb	\N	2025-07-05 08:22:45.006761+00	2025-07-05 08:22:45.006761+00
1aa1f244-e9a1-4020-a196-077646274e5f	7a21ecd4-3b83-447a-be0a-d0ca88290fd3	cf7a15ea-ad24-430a-b3f6-c71e59d6fb5e	\N	2025-07-05 08:22:45.006761+00	2025-07-05 08:22:45.006761+00
9e3a6318-f78c-40b7-b321-3498fcd1c9a1	7a21ecd4-3b83-447a-be0a-d0ca88290fd3	5c570f06-d634-429b-96aa-35a93057d48e	\N	2025-07-05 08:22:45.006761+00	2025-07-05 08:22:45.006761+00
aa66389d-2aba-47a0-aadf-d4bd3dec5001	7a21ecd4-3b83-447a-be0a-d0ca88290fd3	9948ca31-95ff-416c-8f27-47b9cd9c716d	\N	2025-07-05 08:22:45.006761+00	2025-07-05 08:22:45.006761+00
55b83ce9-1295-453c-a387-b30f964d6b72	7a21ecd4-3b83-447a-be0a-d0ca88290fd3	6039239c-a3f9-4576-955c-a2a16d8f7c99	\N	2025-07-05 08:22:45.006761+00	2025-07-05 08:22:45.006761+00
81a3f26a-d3ac-4a84-9a5d-63f18117a35d	7a21ecd4-3b83-447a-be0a-d0ca88290fd3	61dd104d-b839-427e-a741-e3d375b1b43c	\N	2025-07-05 08:22:45.006761+00	2025-07-05 08:22:45.006761+00
69d0eb87-569f-4ac8-83f1-eb0b9c17e059	7a21ecd4-3b83-447a-be0a-d0ca88290fd3	1a5e7dd3-1714-4ed3-854d-e8e7df4ac948	\N	2025-07-05 08:22:45.006761+00	2025-07-05 08:22:45.006761+00
18e68164-d62e-4728-b2fe-7595ca0c76a5	7a21ecd4-3b83-447a-be0a-d0ca88290fd3	3a2ca03a-3de7-4017-857c-9105cef3dc8d	\N	2025-07-05 08:22:45.006761+00	2025-07-05 08:22:45.006761+00
ce8ccba4-09b0-48ef-88d1-cf1b089ab78f	7a21ecd4-3b83-447a-be0a-d0ca88290fd3	c83a859e-a04b-4371-94eb-3c5b5e4e07ed	\N	2025-07-05 08:22:45.006761+00	2025-07-05 08:22:45.006761+00
40ae9480-c320-4d5c-a978-8367dc5389df	7a21ecd4-3b83-447a-be0a-d0ca88290fd3	ae003b52-467a-48a1-8a9a-3c845756b39e	\N	2025-07-05 08:22:45.006761+00	2025-07-05 08:22:45.006761+00
3bdf87f1-f589-4331-9dd5-3e1934fa49b6	7a21ecd4-3b83-447a-be0a-d0ca88290fd3	54a19aa5-e687-4058-9104-8cd700504c06	\N	2025-07-05 08:22:45.006761+00	2025-07-05 08:22:45.006761+00
605803da-fac4-4f92-942d-fd43f8f8e981	7a21ecd4-3b83-447a-be0a-d0ca88290fd3	b191c233-8e30-4b36-8998-2c2b66632479	\N	2025-07-05 08:22:45.006761+00	2025-07-05 08:22:45.006761+00
5737817e-5ba5-428f-8e98-a4c3cace94ca	7a21ecd4-3b83-447a-be0a-d0ca88290fd3	49efcc73-a347-415e-8cb5-7ba860612dc8	\N	2025-07-05 08:22:45.006761+00	2025-07-05 08:22:45.006761+00
9582bbf2-e175-4622-b25e-5a2f3a6907ad	7a21ecd4-3b83-447a-be0a-d0ca88290fd3	3a0dcac2-3f97-441b-9ba5-bb3b5a31d15b	\N	2025-07-05 08:22:45.006761+00	2025-07-05 08:22:45.006761+00
f7cd6b79-54e4-434d-aa34-ae4f2d38bce9	7a21ecd4-3b83-447a-be0a-d0ca88290fd3	18c06d85-966e-4c2e-83c7-964803ae0383	\N	2025-07-05 08:22:45.006761+00	2025-07-05 08:22:45.006761+00
913fa7d9-9f2a-4b7f-8ed2-aa2598b78480	7a21ecd4-3b83-447a-be0a-d0ca88290fd3	f3f94ca3-051d-4417-be8e-20d6a0182d17	\N	2025-07-05 08:22:45.006761+00	2025-07-05 08:22:45.006761+00
bef562c8-e9c6-4c37-b2f0-0086d3ccc6d2	7a21ecd4-3b83-447a-be0a-d0ca88290fd3	692675f6-7d84-480e-b53b-4278fc6890e7	\N	2025-07-05 08:22:45.006761+00	2025-07-05 08:22:45.006761+00
074dcd7b-5001-4391-8e35-281de7feed93	7a21ecd4-3b83-447a-be0a-d0ca88290fd3	c93dc61d-a16a-4d4d-bf8b-392b6cc61b81	\N	2025-07-05 08:22:45.006761+00	2025-07-05 08:22:45.006761+00
6a8ab78f-3748-4ce9-9735-39f6d692d920	7a21ecd4-3b83-447a-be0a-d0ca88290fd3	fc1df09c-522b-48cd-80ea-0d9aa8fd672e	\N	2025-07-05 08:22:45.006761+00	2025-07-05 08:22:45.006761+00
25f7dc91-fd36-461b-9853-cbc4095c7bf8	7a21ecd4-3b83-447a-be0a-d0ca88290fd3	56b84f1c-cc33-453b-ba38-df5bbce2a474	\N	2025-07-05 08:22:45.006761+00	2025-07-05 08:22:45.006761+00
f9ad032e-45eb-4e07-9fe9-aa16a5df0192	7a21ecd4-3b83-447a-be0a-d0ca88290fd3	855a4448-1a4a-4414-a3ab-f7d1c58c41f7	\N	2025-07-05 08:22:45.006761+00	2025-07-05 08:22:45.006761+00
6bb60c4d-9555-4021-9573-c096db252b90	7a21ecd4-3b83-447a-be0a-d0ca88290fd3	77b291c9-caf7-4a27-b7c4-3f8e45950e61	\N	2025-07-05 08:22:45.006761+00	2025-07-05 08:22:45.006761+00
7b8a8a8b-ad60-43ad-8191-3fc1d0914475	7a21ecd4-3b83-447a-be0a-d0ca88290fd3	a1a137bb-0cda-4026-a76e-96f3b8ffb03f	\N	2025-07-05 08:22:45.006761+00	2025-07-05 08:22:45.006761+00
c71c6981-a5af-40d6-9044-b7515e2f74f6	7a21ecd4-3b83-447a-be0a-d0ca88290fd3	f02c7f6e-87f6-401e-95a7-4b2f65dd5f2f	\N	2025-07-05 08:22:45.006761+00	2025-07-05 08:22:45.006761+00
0c829609-69b6-48bf-904a-0aca90f28e0e	7a21ecd4-3b83-447a-be0a-d0ca88290fd3	25f02415-d638-4b0c-b4f2-bfe3333be02e	\N	2025-07-05 08:22:45.006761+00	2025-07-05 08:22:45.006761+00
c8960444-1a15-4bf0-9454-6ed7049d97bb	7a21ecd4-3b83-447a-be0a-d0ca88290fd3	876c6f6e-8636-4b9f-993b-eef296282196	\N	2025-07-05 08:22:45.006761+00	2025-07-05 08:22:45.006761+00
36ec208a-f27a-448d-88d2-34e8cf4b0bcd	7a21ecd4-3b83-447a-be0a-d0ca88290fd3	887f8b0c-49cd-4334-984c-454777f9a8bf	\N	2025-07-05 08:22:45.006761+00	2025-07-05 08:22:45.006761+00
da0fe26e-ede0-43af-8f8a-58031cceb010	7a21ecd4-3b83-447a-be0a-d0ca88290fd3	fbe571cc-b995-4211-935a-d3b5aae9d407	\N	2025-07-05 08:22:45.006761+00	2025-07-05 08:22:45.006761+00
cb9d93f5-a2a4-4320-a7ba-268de3a07f0a	7a21ecd4-3b83-447a-be0a-d0ca88290fd3	8275a6ba-f30b-4d40-9998-433520d431a9	\N	2025-07-05 08:22:45.006761+00	2025-07-05 08:22:45.006761+00
11d17b6f-d231-498c-84c1-2487e358d9fe	7a21ecd4-3b83-447a-be0a-d0ca88290fd3	7ec4298b-dd95-4257-8394-030fe0f0ed10	\N	2025-07-05 08:22:45.006761+00	2025-07-05 08:22:45.006761+00
93b90024-09a8-4b43-b453-412be3a5b817	7a21ecd4-3b83-447a-be0a-d0ca88290fd3	cc025fbb-a4cc-4ea7-aa3b-93df0e6e4e3c	\N	2025-07-05 08:22:45.006761+00	2025-07-05 08:22:45.006761+00
cc2332cc-0c92-4585-b4bb-5c6faa7b325f	7a21ecd4-3b83-447a-be0a-d0ca88290fd3	5b2182dc-58bb-4a5f-9f3a-6c062a1bbf6e	\N	2025-07-05 08:22:45.006761+00	2025-07-05 08:22:45.006761+00
390c0f9e-9fa1-4eb4-8739-9ab114ddb28e	7a21ecd4-3b83-447a-be0a-d0ca88290fd3	cc4e11ff-cb8d-435c-868d-349614942cac	\N	2025-07-05 08:22:45.006761+00	2025-07-05 08:22:45.006761+00
39a54f36-bba7-4009-8df0-c2b86c21f260	7a21ecd4-3b83-447a-be0a-d0ca88290fd3	82d2fc03-6cb4-4282-8cf2-80982e15a719	\N	2025-07-05 08:22:45.006761+00	2025-07-05 08:22:45.006761+00
d7026b49-3767-4f3b-b7c4-0c075268966b	7a21ecd4-3b83-447a-be0a-d0ca88290fd3	ca761e2a-e843-478a-a32b-f4275694dcec	\N	2025-07-05 08:22:45.006761+00	2025-07-05 08:22:45.006761+00
937a7a17-db1d-4ebb-8f34-41fd0bf662b5	7a21ecd4-3b83-447a-be0a-d0ca88290fd3	6baf6d05-223e-4f2f-bd02-31dede69c390	\N	2025-07-05 08:22:45.006761+00	2025-07-05 08:22:45.006761+00
2c1c51fc-4057-4961-8fad-7c1b75a332af	7a21ecd4-3b83-447a-be0a-d0ca88290fd3	ccd2ef4e-b4a8-40ac-9810-06528f7dc4aa	\N	2025-07-05 08:22:45.006761+00	2025-07-05 08:22:45.006761+00
9083dfb2-3289-4a59-8443-d7ef7104e67e	7a21ecd4-3b83-447a-be0a-d0ca88290fd3	0783a6e9-536d-4ccb-b91e-a6cdd62454c5	\N	2025-07-05 08:22:45.006761+00	2025-07-05 08:22:45.006761+00
79c9aea6-eb68-47a4-93c3-efb41b8a7b99	7a21ecd4-3b83-447a-be0a-d0ca88290fd3	f467038b-0da7-4fb1-ad60-e5b33f8ff122	\N	2025-07-05 08:22:45.006761+00	2025-07-05 08:22:45.006761+00
ef733fbf-78b0-4a9d-b2cd-c1fb790d0649	7a21ecd4-3b83-447a-be0a-d0ca88290fd3	803316d0-40ff-4e7e-8a5a-2eb18d5ca7a5	\N	2025-07-05 08:22:45.006761+00	2025-07-05 08:22:45.006761+00
b6bb251b-bb80-428d-9b10-8a0b566dc7e7	7a21ecd4-3b83-447a-be0a-d0ca88290fd3	86fe1e4c-0876-4168-b336-98efd718480c	\N	2025-07-05 08:22:45.006761+00	2025-07-05 08:22:45.006761+00
4c2fce07-1a5e-4c67-af85-f63683e1b174	7a21ecd4-3b83-447a-be0a-d0ca88290fd3	3f202022-c99c-4675-b66a-104200c5f3d2	\N	2025-07-05 08:22:45.006761+00	2025-07-05 08:22:45.006761+00
0915bd61-ba03-4313-8b14-065207d6c236	7a21ecd4-3b83-447a-be0a-d0ca88290fd3	db0c2f6d-b12e-4d2d-938b-cf7131d9f9ef	\N	2025-07-05 08:22:45.006761+00	2025-07-05 08:22:45.006761+00
80e454d0-e0a0-4b01-a657-bcd5466aa986	7a21ecd4-3b83-447a-be0a-d0ca88290fd3	ed44bdc8-6724-4517-a002-213d250c586a	\N	2025-07-05 08:22:45.006761+00	2025-07-05 08:22:45.006761+00
6735f340-22d3-4a43-8a1a-5f5cd3969798	7a21ecd4-3b83-447a-be0a-d0ca88290fd3	6e0e70d1-9ba9-49a2-86a4-29be8a92b1e3	\N	2025-07-05 08:22:45.006761+00	2025-07-05 08:22:45.006761+00
70e24826-a547-49d3-9a9e-0f2e1477e4a2	7a21ecd4-3b83-447a-be0a-d0ca88290fd3	c5f62b4b-b85a-4e4f-a544-87853fa8baf9	\N	2025-07-05 08:22:45.006761+00	2025-07-05 08:22:45.006761+00
d325d61a-fc85-429a-ae00-632ae1e762b5	7a21ecd4-3b83-447a-be0a-d0ca88290fd3	41cb9e7b-ea0c-4607-aadb-09c3315e1b77	\N	2025-07-05 08:22:45.006761+00	2025-07-05 08:22:45.006761+00
c1ce001d-49fd-4900-b5d7-1f917fd09d65	7a21ecd4-3b83-447a-be0a-d0ca88290fd3	dc470401-f19d-41d7-99df-df7151f15c20	\N	2025-07-05 08:22:45.006761+00	2025-07-05 08:22:45.006761+00
fac35cc0-bffb-4b3b-9ccb-729efb21c685	7a21ecd4-3b83-447a-be0a-d0ca88290fd3	a200aa97-212a-4253-a7c0-fc96d6b804ef	\N	2025-07-05 08:22:45.006761+00	2025-07-05 08:22:45.006761+00
7ab1ccf8-7ad6-4124-a9f4-7b85a2f69d80	7a21ecd4-3b83-447a-be0a-d0ca88290fd3	25d5c4ad-c4e1-48de-8917-03ee38620ca8	\N	2025-07-05 08:22:45.006761+00	2025-07-05 08:22:45.006761+00
640dbca1-602f-4931-b7d2-5082a4f34da1	7a21ecd4-3b83-447a-be0a-d0ca88290fd3	c1562bcd-2596-4d3d-8e1e-a4eab2b3c2a8	\N	2025-07-05 08:22:45.006761+00	2025-07-05 08:22:45.006761+00
23bc0422-f47f-420f-8f7a-1107de79cc40	7a21ecd4-3b83-447a-be0a-d0ca88290fd3	f20efbe3-1af3-49b4-8cc1-0e840f753471	\N	2025-07-05 08:22:45.006761+00	2025-07-05 08:22:45.006761+00
9b83f27f-b32a-40e8-ad26-abeb8574c7f9	7a21ecd4-3b83-447a-be0a-d0ca88290fd3	f9d1b185-4f31-42e1-8d6e-95ab9db68708	\N	2025-07-05 08:22:45.006761+00	2025-07-05 08:22:45.006761+00
26263643-5cb6-49a5-86eb-156d39bc4c6a	7a21ecd4-3b83-447a-be0a-d0ca88290fd3	6f81c1c2-c026-4817-a1ed-38fe45882569	\N	2025-07-05 08:22:45.006761+00	2025-07-05 08:22:45.006761+00
f1179c82-e741-4809-a666-e5d6e458a71b	7a21ecd4-3b83-447a-be0a-d0ca88290fd3	eeedfd8d-d5ac-4886-bdc9-6c6965d31505	\N	2025-07-05 08:22:45.006761+00	2025-07-05 08:22:45.006761+00
310db3f0-fa2c-455e-b2c6-381bb73340db	7a21ecd4-3b83-447a-be0a-d0ca88290fd3	0f1815f0-50c2-436f-bc61-22c6b6d21062	\N	2025-07-05 08:22:45.006761+00	2025-07-05 08:22:45.006761+00
b0097034-15a7-4408-9697-5961fd355921	7a21ecd4-3b83-447a-be0a-d0ca88290fd3	54108c8b-e545-4efb-beed-0c7646f23854	\N	2025-07-05 08:22:45.006761+00	2025-07-05 08:22:45.006761+00
ec8aae87-c288-4cf7-b8ff-b92df7bfead6	7a21ecd4-3b83-447a-be0a-d0ca88290fd3	2d763a2a-ed1b-46c6-973b-a76c4cdcb34b	\N	2025-07-05 08:22:45.006761+00	2025-07-05 08:22:45.006761+00
56510f07-3828-4eb9-9ae9-194d71c506e7	7a21ecd4-3b83-447a-be0a-d0ca88290fd3	77150743-b132-4b11-8685-ad08cce3425a	\N	2025-07-05 08:22:45.006761+00	2025-07-05 08:22:45.006761+00
621c996a-933b-44a2-88dd-a993a4b7dc8c	7a21ecd4-3b83-447a-be0a-d0ca88290fd3	d388e831-cf6c-430c-8bcd-b07827dfcd7f	\N	2025-07-05 08:22:45.006761+00	2025-07-05 08:22:45.006761+00
aca3f0eb-72c5-41ac-a06c-ff76a8db6f70	7a21ecd4-3b83-447a-be0a-d0ca88290fd3	8b40f002-1065-4a03-a9c4-f774f98b68af	\N	2025-07-05 08:22:45.006761+00	2025-07-05 08:22:45.006761+00
f6f4af5b-8b04-4af6-bf04-e2c0d1d1715a	7a21ecd4-3b83-447a-be0a-d0ca88290fd3	f491df38-07bd-4b12-bd90-c8b96bb0618c	\N	2025-07-05 08:22:45.006761+00	2025-07-05 08:22:45.006761+00
0ac2059e-6f15-4334-b567-0cc58aef8fca	7a21ecd4-3b83-447a-be0a-d0ca88290fd3	ab9aca4d-925a-48bf-85c8-34af730792c3	\N	2025-07-05 08:22:45.006761+00	2025-07-05 08:22:45.006761+00
900c99a4-3eeb-462c-b982-836a6a93c592	7a21ecd4-3b83-447a-be0a-d0ca88290fd3	8fb4e255-ae5d-4417-8267-799459f1d98f	\N	2025-07-05 08:22:45.006761+00	2025-07-05 08:22:45.006761+00
c63f2c34-0d23-4dc8-a505-b7d687039b24	7a21ecd4-3b83-447a-be0a-d0ca88290fd3	f09b9106-f475-4adc-aa2b-57f8765792db	\N	2025-07-05 08:22:45.006761+00	2025-07-05 08:22:45.006761+00
6b59f12e-6c52-4bcb-b512-6e34ce5bdbe8	7a21ecd4-3b83-447a-be0a-d0ca88290fd3	0989f4ca-7d35-4621-9c78-9aeb4bbeff19	\N	2025-07-05 08:22:45.006761+00	2025-07-05 08:22:45.006761+00
6c5030d1-8a91-4e7c-90f0-14d89318a4bc	7a21ecd4-3b83-447a-be0a-d0ca88290fd3	d958e56a-97ed-479a-84c0-cc9cde20c011	\N	2025-07-05 08:22:45.006761+00	2025-07-05 08:22:45.006761+00
cb52e4b1-153d-4e1a-8886-4242980b0972	7a21ecd4-3b83-447a-be0a-d0ca88290fd3	49c0ec14-8d91-4968-85ed-57609b4f90ec	\N	2025-07-05 08:22:45.006761+00	2025-07-05 08:22:45.006761+00
25956747-5ee9-4880-a442-547b87015ab6	7a21ecd4-3b83-447a-be0a-d0ca88290fd3	e373bee8-54c5-4ba4-b7c3-f3f35b4e9127	\N	2025-07-05 08:22:45.006761+00	2025-07-05 08:22:45.006761+00
5df75369-800c-4ae0-bbe1-c99c4fdf7587	7a21ecd4-3b83-447a-be0a-d0ca88290fd3	4a24ba61-b71c-4b23-84fb-265eefc0135e	\N	2025-07-05 08:22:45.006761+00	2025-07-05 08:22:45.006761+00
865ed70b-7651-46de-ba7b-15beac8f2570	7a21ecd4-3b83-447a-be0a-d0ca88290fd3	6b925f8b-6fb3-4ee7-b663-ec288be7d9fb	\N	2025-07-05 08:22:45.006761+00	2025-07-05 08:22:45.006761+00
24bbb80f-288c-4632-a7c4-c0a4a008070d	7a21ecd4-3b83-447a-be0a-d0ca88290fd3	c8424ee5-21c2-4315-b82f-539e8b0b9478	\N	2025-07-05 08:22:45.006761+00	2025-07-05 08:22:45.006761+00
b4393b7b-28cd-4cf1-9e52-72e2a2bf0489	7a21ecd4-3b83-447a-be0a-d0ca88290fd3	9616efe3-7a2c-46e5-97e4-1b70ff7346c4	\N	2025-07-05 08:22:45.006761+00	2025-07-05 08:22:45.006761+00
8026b872-dfc7-45db-a36a-34ec2c85488a	7a21ecd4-3b83-447a-be0a-d0ca88290fd3	f1ea3333-8274-4b2a-9781-501851a929b5	\N	2025-07-05 08:22:45.006761+00	2025-07-05 08:22:45.006761+00
bbcf1f5b-5ca8-4ffd-95ad-05399d4a1976	7a21ecd4-3b83-447a-be0a-d0ca88290fd3	8ec393b6-9a3f-48e3-a258-184e87b5e216	\N	2025-07-05 08:22:45.006761+00	2025-07-05 08:22:45.006761+00
b23cf453-db39-4f89-acac-9c3074fb9f90	7a21ecd4-3b83-447a-be0a-d0ca88290fd3	ddd61a2f-edcf-49de-b90d-8f77288e6454	\N	2025-07-05 08:22:45.006761+00	2025-07-05 08:22:45.006761+00
f1f05b25-dadc-4060-ad05-9128e37ebe15	7a21ecd4-3b83-447a-be0a-d0ca88290fd3	113ad1a5-33b6-4338-9bee-40de185559ca	\N	2025-07-05 08:22:45.006761+00	2025-07-05 08:22:45.006761+00
79f32aff-9a41-4662-bce1-5ad90e9a29d1	7a21ecd4-3b83-447a-be0a-d0ca88290fd3	001b6665-b03a-430f-a28b-47c5a0db6b18	\N	2025-07-05 08:22:45.006761+00	2025-07-05 08:22:45.006761+00
6e92b2d9-36c1-4b29-ad18-3d3cec5aa5f9	7a21ecd4-3b83-447a-be0a-d0ca88290fd3	2b81a98a-967a-4b73-8e60-c5f13669412e	\N	2025-07-05 08:22:45.006761+00	2025-07-05 08:22:45.006761+00
4cf964f2-9a99-4426-98f0-7d33bb3a4592	7a21ecd4-3b83-447a-be0a-d0ca88290fd3	936baa6d-1c78-4cf6-8f5f-d6f5138d7077	\N	2025-07-05 08:22:45.006761+00	2025-07-05 08:22:45.006761+00
8c9c07da-38b9-432c-986c-16b16b0fa44e	7a21ecd4-3b83-447a-be0a-d0ca88290fd3	40ada269-3ca7-43d7-9c43-19f0c57167d1	\N	2025-07-05 08:22:45.006761+00	2025-07-05 08:22:45.006761+00
9d7edbef-d45f-4a05-91fb-ad43097ca7bf	7a21ecd4-3b83-447a-be0a-d0ca88290fd3	82b627b7-a0fd-44e4-9d97-f753cb647508	\N	2025-07-05 08:22:45.006761+00	2025-07-05 08:22:45.006761+00
7b2daae5-e69f-43df-a7fa-e2a34f1cfda8	7a21ecd4-3b83-447a-be0a-d0ca88290fd3	5349c356-154f-4fd5-8af8-627b08afb275	\N	2025-07-05 08:22:45.006761+00	2025-07-05 08:22:45.006761+00
d8679126-93c4-4a75-a0c1-fc4570808671	7a21ecd4-3b83-447a-be0a-d0ca88290fd3	f526e477-e567-42a6-9fd3-f96d71130646	\N	2025-07-05 08:22:45.006761+00	2025-07-05 08:22:45.006761+00
6eeca511-a603-42cf-987a-4ca941bebce2	7a21ecd4-3b83-447a-be0a-d0ca88290fd3	ac5e7b8e-7376-4d08-a8eb-255f8f5f557f	\N	2025-07-05 08:22:45.006761+00	2025-07-05 08:22:45.006761+00
515c88a6-0ade-4874-b20f-8e3f618664f7	7a21ecd4-3b83-447a-be0a-d0ca88290fd3	05b6489f-fdd9-4ccb-b1fb-d35dc654ba41	\N	2025-07-05 08:22:45.006761+00	2025-07-05 08:22:45.006761+00
29458708-0887-498f-a970-79bc28d58d7d	7a21ecd4-3b83-447a-be0a-d0ca88290fd3	d028c58e-3342-474c-b9fc-607dc4ec8c01	\N	2025-07-05 08:22:45.006761+00	2025-07-05 08:22:45.006761+00
1c92a0ef-4093-4e9d-ba86-bd1546494ded	7a21ecd4-3b83-447a-be0a-d0ca88290fd3	22883459-23f8-4441-b8ea-6d96a6afa3d1	\N	2025-07-05 08:22:45.006761+00	2025-07-05 08:22:45.006761+00
dd18de13-62d0-4c12-bb65-4cb10551d3ce	7a21ecd4-3b83-447a-be0a-d0ca88290fd3	7ff8453f-e9ef-4a9f-b7d7-ab6844edcec1	\N	2025-07-05 08:22:45.006761+00	2025-07-05 08:22:45.006761+00
5371b0b7-79c0-4962-8fb0-368226dcdaae	7a21ecd4-3b83-447a-be0a-d0ca88290fd3	21b23221-4ed5-427e-b998-b8b87a6670bc	\N	2025-07-05 08:22:45.006761+00	2025-07-05 08:22:45.006761+00
15802d84-0264-4b6f-93f1-c675af723f10	7a21ecd4-3b83-447a-be0a-d0ca88290fd3	c0d59653-1c6c-4a05-8359-bbdfb4e2df63	\N	2025-07-05 08:22:45.006761+00	2025-07-05 08:22:45.006761+00
90999af5-a43c-49b3-82ba-278372634e61	7a21ecd4-3b83-447a-be0a-d0ca88290fd3	245dce89-ab27-4d20-b1af-db54f79ff8bb	\N	2025-07-05 08:22:45.006761+00	2025-07-05 08:22:45.006761+00
1d90fdca-8029-48d2-a661-74b7ad03c7f5	7a21ecd4-3b83-447a-be0a-d0ca88290fd3	8c33d47b-03a9-4675-aa12-eeca6ef0c029	\N	2025-07-05 08:22:45.006761+00	2025-07-05 08:22:45.006761+00
333dfafb-aadc-4f9f-bbdb-8937ee5e517e	7a21ecd4-3b83-447a-be0a-d0ca88290fd3	6669f922-0ae1-4b05-8b4e-1b593d982711	\N	2025-07-05 08:22:45.006761+00	2025-07-05 08:22:45.006761+00
9df32a4c-d2cd-4b98-84a6-5b7d9fa0272c	7a21ecd4-3b83-447a-be0a-d0ca88290fd3	048dc0b2-d062-48cb-8064-92a2b04e745d	\N	2025-07-05 08:22:45.006761+00	2025-07-05 08:22:45.006761+00
4461ad43-da2d-4d0e-80df-c84e55600276	7a21ecd4-3b83-447a-be0a-d0ca88290fd3	f5547841-5173-463c-91ca-bc7ca9742bea	\N	2025-07-05 08:22:45.006761+00	2025-07-05 08:22:45.006761+00
eea81948-a08d-45dc-a91a-6fb0bbe4e633	7a21ecd4-3b83-447a-be0a-d0ca88290fd3	59a32cfe-e63f-46bb-83e0-84c900dcd03c	\N	2025-07-05 08:22:45.006761+00	2025-07-05 08:22:45.006761+00
60128ed0-97d8-4dc0-abb1-26a047e4b569	7a21ecd4-3b83-447a-be0a-d0ca88290fd3	459a6cb1-b4a4-4a52-bfd5-345e67f96a90	\N	2025-07-05 08:22:45.006761+00	2025-07-05 08:22:45.006761+00
c43d713d-decd-46ea-9949-5f049c61455a	7a21ecd4-3b83-447a-be0a-d0ca88290fd3	dfdf95ce-c4f2-4c82-be76-c7d57f12b683	\N	2025-07-05 08:22:45.006761+00	2025-07-05 08:22:45.006761+00
2111092a-ab03-442c-bda9-6111dbf8ecab	7a21ecd4-3b83-447a-be0a-d0ca88290fd3	4b81f5a4-d53f-4b68-aafe-7a4b5e2313e2	\N	2025-07-05 08:22:45.006761+00	2025-07-05 08:22:45.006761+00
34981764-c3f6-414b-8872-42ca60d70f02	7a21ecd4-3b83-447a-be0a-d0ca88290fd3	d92c8eaa-38a6-41ee-845f-d15fed12d2d8	\N	2025-07-05 08:22:45.006761+00	2025-07-05 08:22:45.006761+00
7a1ef02b-4a67-421f-b453-678c2487e85e	39180393-6b3f-4db9-adb1-7f00e7cd5b7f	7143ea47-6ace-49b3-83f2-4a269bd29cbe	\N	2025-07-05 08:22:45.006761+00	2025-07-05 08:22:45.006761+00
24a0bf32-6ed4-4a3b-abcd-381a1f8ba6f7	39180393-6b3f-4db9-adb1-7f00e7cd5b7f	0021976e-ae2a-4f59-a8c7-3dcc2911cbb5	\N	2025-07-05 08:22:45.006761+00	2025-07-05 08:22:45.006761+00
32b839c6-de50-4231-88f7-81aff1ba7d05	39180393-6b3f-4db9-adb1-7f00e7cd5b7f	01d343d4-3ad9-4ccc-a501-8c2f083c4e73	\N	2025-07-05 08:22:45.006761+00	2025-07-05 08:22:45.006761+00
73b46f7f-50c3-4830-b7a4-317640a4a484	39180393-6b3f-4db9-adb1-7f00e7cd5b7f	4ff27905-11eb-4cbb-be65-f50d78649b28	\N	2025-07-05 08:22:45.006761+00	2025-07-05 08:22:45.006761+00
5f4bcb37-b097-4a77-9047-9e9e30b9d50f	39180393-6b3f-4db9-adb1-7f00e7cd5b7f	5c3e9d72-260d-46f8-8404-cf28eba6bb6a	\N	2025-07-05 08:22:45.006761+00	2025-07-05 08:22:45.006761+00
22178f07-00b9-48b5-a92c-48ef52cc7594	39180393-6b3f-4db9-adb1-7f00e7cd5b7f	432b409a-4dad-411e-afd0-76e6ac16d181	\N	2025-07-05 08:22:45.006761+00	2025-07-05 08:22:45.006761+00
5e770a4d-3c80-46c6-b6af-9bcdf6618064	39180393-6b3f-4db9-adb1-7f00e7cd5b7f	3932f66d-69c8-4975-99e6-68b3d240d652	\N	2025-07-05 08:22:45.006761+00	2025-07-05 08:22:45.006761+00
91e0b543-362c-4fe7-984b-6fa59cdfdf3e	39180393-6b3f-4db9-adb1-7f00e7cd5b7f	c74844cd-cf85-4718-8da3-d23a808a7acc	\N	2025-07-05 08:22:45.006761+00	2025-07-05 08:22:45.006761+00
85ee9dd0-792e-469a-bd12-df61e96fbe77	39180393-6b3f-4db9-adb1-7f00e7cd5b7f	18229e44-2d7e-4aa6-a2e5-15d2adc7990c	\N	2025-07-05 08:22:45.006761+00	2025-07-05 08:22:45.006761+00
b9cc9128-da5d-4d4c-885e-c735459da9d8	39180393-6b3f-4db9-adb1-7f00e7cd5b7f	c89a62a1-72ba-4358-a0ff-789935f5b2fb	\N	2025-07-05 08:22:45.006761+00	2025-07-05 08:22:45.006761+00
99e41eb6-e31f-431d-b6e5-ebf7fe1b3e88	39180393-6b3f-4db9-adb1-7f00e7cd5b7f	cf7a15ea-ad24-430a-b3f6-c71e59d6fb5e	\N	2025-07-05 08:22:45.006761+00	2025-07-05 08:22:45.006761+00
74627756-994e-4b28-bdaa-de666795e463	39180393-6b3f-4db9-adb1-7f00e7cd5b7f	5c570f06-d634-429b-96aa-35a93057d48e	\N	2025-07-05 08:22:45.006761+00	2025-07-05 08:22:45.006761+00
a2bd0472-1658-4b25-88f3-f1e2243a9b26	39180393-6b3f-4db9-adb1-7f00e7cd5b7f	9948ca31-95ff-416c-8f27-47b9cd9c716d	\N	2025-07-05 08:22:45.006761+00	2025-07-05 08:22:45.006761+00
20c3655c-6adf-410c-adea-58da0ebcdd0d	39180393-6b3f-4db9-adb1-7f00e7cd5b7f	6039239c-a3f9-4576-955c-a2a16d8f7c99	\N	2025-07-05 08:22:45.006761+00	2025-07-05 08:22:45.006761+00
d8132964-66c4-43d4-83e0-82eccaf251c7	39180393-6b3f-4db9-adb1-7f00e7cd5b7f	61dd104d-b839-427e-a741-e3d375b1b43c	\N	2025-07-05 08:22:45.006761+00	2025-07-05 08:22:45.006761+00
b56adb9a-10e4-45c2-8bf3-56d8a5b6b6b7	39180393-6b3f-4db9-adb1-7f00e7cd5b7f	1a5e7dd3-1714-4ed3-854d-e8e7df4ac948	\N	2025-07-05 08:22:45.006761+00	2025-07-05 08:22:45.006761+00
e6851830-ae62-47e4-baaf-411690f30e82	39180393-6b3f-4db9-adb1-7f00e7cd5b7f	3a2ca03a-3de7-4017-857c-9105cef3dc8d	\N	2025-07-05 08:22:45.006761+00	2025-07-05 08:22:45.006761+00
6ec9ef97-b8ae-47e8-8542-620504ad3ec0	39180393-6b3f-4db9-adb1-7f00e7cd5b7f	c83a859e-a04b-4371-94eb-3c5b5e4e07ed	\N	2025-07-05 08:22:45.006761+00	2025-07-05 08:22:45.006761+00
5aadf2bf-98ca-4e8e-ab76-cdb3e23e07a6	39180393-6b3f-4db9-adb1-7f00e7cd5b7f	ae003b52-467a-48a1-8a9a-3c845756b39e	\N	2025-07-05 08:22:45.006761+00	2025-07-05 08:22:45.006761+00
41dbef08-64d2-475a-9322-3571f905f2f5	39180393-6b3f-4db9-adb1-7f00e7cd5b7f	54a19aa5-e687-4058-9104-8cd700504c06	\N	2025-07-05 08:22:45.006761+00	2025-07-05 08:22:45.006761+00
e17b9cad-9636-4b02-962b-21a6cdbcbeef	39180393-6b3f-4db9-adb1-7f00e7cd5b7f	b191c233-8e30-4b36-8998-2c2b66632479	\N	2025-07-05 08:22:45.006761+00	2025-07-05 08:22:45.006761+00
e4c5b0e1-3d25-4a10-9323-513162bfd405	39180393-6b3f-4db9-adb1-7f00e7cd5b7f	49efcc73-a347-415e-8cb5-7ba860612dc8	\N	2025-07-05 08:22:45.006761+00	2025-07-05 08:22:45.006761+00
1a7134d2-ef2e-4dc0-8e4b-96c039388644	39180393-6b3f-4db9-adb1-7f00e7cd5b7f	3a0dcac2-3f97-441b-9ba5-bb3b5a31d15b	\N	2025-07-05 08:22:45.006761+00	2025-07-05 08:22:45.006761+00
943b69cd-2c6b-4ff9-aa6a-67a6920d9d03	39180393-6b3f-4db9-adb1-7f00e7cd5b7f	18c06d85-966e-4c2e-83c7-964803ae0383	\N	2025-07-05 08:22:45.006761+00	2025-07-05 08:22:45.006761+00
719cfb76-7669-44b8-9454-fcd62cd4ef4a	39180393-6b3f-4db9-adb1-7f00e7cd5b7f	f3f94ca3-051d-4417-be8e-20d6a0182d17	\N	2025-07-05 08:22:45.006761+00	2025-07-05 08:22:45.006761+00
6cf15d05-0997-4573-8e43-fc630508cf1a	39180393-6b3f-4db9-adb1-7f00e7cd5b7f	692675f6-7d84-480e-b53b-4278fc6890e7	\N	2025-07-05 08:22:45.006761+00	2025-07-05 08:22:45.006761+00
506232a8-f136-47c3-94a0-7478333ad9ff	39180393-6b3f-4db9-adb1-7f00e7cd5b7f	c93dc61d-a16a-4d4d-bf8b-392b6cc61b81	\N	2025-07-05 08:22:45.006761+00	2025-07-05 08:22:45.006761+00
6019d608-9d16-4294-892a-4a8b0b469c20	39180393-6b3f-4db9-adb1-7f00e7cd5b7f	fc1df09c-522b-48cd-80ea-0d9aa8fd672e	\N	2025-07-05 08:22:45.006761+00	2025-07-05 08:22:45.006761+00
09d7a427-4255-4df2-afcc-0101f26bfab2	39180393-6b3f-4db9-adb1-7f00e7cd5b7f	56b84f1c-cc33-453b-ba38-df5bbce2a474	\N	2025-07-05 08:22:45.006761+00	2025-07-05 08:22:45.006761+00
2d32a8f3-bee3-4632-8a6c-540894f6f8e5	39180393-6b3f-4db9-adb1-7f00e7cd5b7f	855a4448-1a4a-4414-a3ab-f7d1c58c41f7	\N	2025-07-05 08:22:45.006761+00	2025-07-05 08:22:45.006761+00
37eaecec-ebee-4cd8-8005-07cc53d83776	39180393-6b3f-4db9-adb1-7f00e7cd5b7f	77b291c9-caf7-4a27-b7c4-3f8e45950e61	\N	2025-07-05 08:22:45.006761+00	2025-07-05 08:22:45.006761+00
975b1efc-0252-43ad-9954-7e5535c5f189	39180393-6b3f-4db9-adb1-7f00e7cd5b7f	a1a137bb-0cda-4026-a76e-96f3b8ffb03f	\N	2025-07-05 08:22:45.006761+00	2025-07-05 08:22:45.006761+00
5587e7e4-fa61-406a-8a1b-9b7df9b69c22	39180393-6b3f-4db9-adb1-7f00e7cd5b7f	f02c7f6e-87f6-401e-95a7-4b2f65dd5f2f	\N	2025-07-05 08:22:45.006761+00	2025-07-05 08:22:45.006761+00
0b297363-a789-4666-99ee-446f60097ec8	39180393-6b3f-4db9-adb1-7f00e7cd5b7f	876c6f6e-8636-4b9f-993b-eef296282196	\N	2025-07-05 08:22:45.006761+00	2025-07-05 08:22:45.006761+00
c58e30d4-d558-4fd8-a34b-c60a36d1369d	39180393-6b3f-4db9-adb1-7f00e7cd5b7f	7ec4298b-dd95-4257-8394-030fe0f0ed10	\N	2025-07-05 08:22:45.006761+00	2025-07-05 08:22:45.006761+00
6b600ab7-c5a7-4e76-9127-a1571a4a2559	39180393-6b3f-4db9-adb1-7f00e7cd5b7f	cc025fbb-a4cc-4ea7-aa3b-93df0e6e4e3c	\N	2025-07-05 08:22:45.006761+00	2025-07-05 08:22:45.006761+00
ef252bff-2194-4eb1-9271-03e9b3756cf8	39180393-6b3f-4db9-adb1-7f00e7cd5b7f	5b2182dc-58bb-4a5f-9f3a-6c062a1bbf6e	\N	2025-07-05 08:22:45.006761+00	2025-07-05 08:22:45.006761+00
495894c1-3b68-4497-864e-b97591b526df	39180393-6b3f-4db9-adb1-7f00e7cd5b7f	cc4e11ff-cb8d-435c-868d-349614942cac	\N	2025-07-05 08:22:45.006761+00	2025-07-05 08:22:45.006761+00
304f1453-bbe8-4c1e-ba07-5ba1e3b351ae	39180393-6b3f-4db9-adb1-7f00e7cd5b7f	82d2fc03-6cb4-4282-8cf2-80982e15a719	\N	2025-07-05 08:22:45.006761+00	2025-07-05 08:22:45.006761+00
8aa268a2-6308-484d-82bb-ecc36c0900db	39180393-6b3f-4db9-adb1-7f00e7cd5b7f	ca761e2a-e843-478a-a32b-f4275694dcec	\N	2025-07-05 08:22:45.006761+00	2025-07-05 08:22:45.006761+00
5218217d-f1dc-4c6f-a908-cfaf4b42ccbc	39180393-6b3f-4db9-adb1-7f00e7cd5b7f	6baf6d05-223e-4f2f-bd02-31dede69c390	\N	2025-07-05 08:22:45.006761+00	2025-07-05 08:22:45.006761+00
355ceeaa-14b1-4534-a2cf-da2ace645c6c	39180393-6b3f-4db9-adb1-7f00e7cd5b7f	ccd2ef4e-b4a8-40ac-9810-06528f7dc4aa	\N	2025-07-05 08:22:45.006761+00	2025-07-05 08:22:45.006761+00
bba27ef4-d877-46fa-b504-472a60146b3a	39180393-6b3f-4db9-adb1-7f00e7cd5b7f	0783a6e9-536d-4ccb-b91e-a6cdd62454c5	\N	2025-07-05 08:22:45.006761+00	2025-07-05 08:22:45.006761+00
2f7a4243-478c-4e2d-ba56-74f258860374	39180393-6b3f-4db9-adb1-7f00e7cd5b7f	db0c2f6d-b12e-4d2d-938b-cf7131d9f9ef	\N	2025-07-05 08:22:45.006761+00	2025-07-05 08:22:45.006761+00
a09e0f2c-0d7c-412a-b3e3-5306de06658b	39180393-6b3f-4db9-adb1-7f00e7cd5b7f	c5f62b4b-b85a-4e4f-a544-87853fa8baf9	\N	2025-07-05 08:22:45.006761+00	2025-07-05 08:22:45.006761+00
e990074d-d9f6-4b6f-96f3-db29563e4db2	39180393-6b3f-4db9-adb1-7f00e7cd5b7f	41cb9e7b-ea0c-4607-aadb-09c3315e1b77	\N	2025-07-05 08:22:45.006761+00	2025-07-05 08:22:45.006761+00
ca54920c-58d6-4e57-b61d-0e90dd082242	39180393-6b3f-4db9-adb1-7f00e7cd5b7f	dc470401-f19d-41d7-99df-df7151f15c20	\N	2025-07-05 08:22:45.006761+00	2025-07-05 08:22:45.006761+00
4b5ddaae-c022-4fae-8b0f-c6e96b71c6ef	39180393-6b3f-4db9-adb1-7f00e7cd5b7f	a200aa97-212a-4253-a7c0-fc96d6b804ef	\N	2025-07-05 08:22:45.006761+00	2025-07-05 08:22:45.006761+00
e7c1434d-e30f-4db6-b404-1856ee8f0281	39180393-6b3f-4db9-adb1-7f00e7cd5b7f	25d5c4ad-c4e1-48de-8917-03ee38620ca8	\N	2025-07-05 08:22:45.006761+00	2025-07-05 08:22:45.006761+00
e469fc58-28c0-4c24-9c5d-cf48c56c320a	39180393-6b3f-4db9-adb1-7f00e7cd5b7f	c1562bcd-2596-4d3d-8e1e-a4eab2b3c2a8	\N	2025-07-05 08:22:45.006761+00	2025-07-05 08:22:45.006761+00
21fc2dfa-c68e-4527-8ac1-61fea732831f	39180393-6b3f-4db9-adb1-7f00e7cd5b7f	f20efbe3-1af3-49b4-8cc1-0e840f753471	\N	2025-07-05 08:22:45.006761+00	2025-07-05 08:22:45.006761+00
ca258a3e-32b6-4ead-b140-751c763df220	39180393-6b3f-4db9-adb1-7f00e7cd5b7f	f9d1b185-4f31-42e1-8d6e-95ab9db68708	\N	2025-07-05 08:22:45.006761+00	2025-07-05 08:22:45.006761+00
0d79461b-fccb-46bb-b396-97de8af15514	39180393-6b3f-4db9-adb1-7f00e7cd5b7f	6f81c1c2-c026-4817-a1ed-38fe45882569	\N	2025-07-05 08:22:45.006761+00	2025-07-05 08:22:45.006761+00
30299234-8bee-4739-af48-85760deb6be1	39180393-6b3f-4db9-adb1-7f00e7cd5b7f	eeedfd8d-d5ac-4886-bdc9-6c6965d31505	\N	2025-07-05 08:22:45.006761+00	2025-07-05 08:22:45.006761+00
abde5870-addf-4094-aff0-5e671a681d53	39180393-6b3f-4db9-adb1-7f00e7cd5b7f	2d763a2a-ed1b-46c6-973b-a76c4cdcb34b	\N	2025-07-05 08:22:45.006761+00	2025-07-05 08:22:45.006761+00
7baef54f-3b6a-40c7-aa59-284ab947f7cd	39180393-6b3f-4db9-adb1-7f00e7cd5b7f	f491df38-07bd-4b12-bd90-c8b96bb0618c	\N	2025-07-05 08:22:45.006761+00	2025-07-05 08:22:45.006761+00
b26461f7-c8ab-4817-881e-1a5558d4464a	39180393-6b3f-4db9-adb1-7f00e7cd5b7f	ab9aca4d-925a-48bf-85c8-34af730792c3	\N	2025-07-05 08:22:45.006761+00	2025-07-05 08:22:45.006761+00
8453cf76-8fbc-4169-a254-27983e0907a6	39180393-6b3f-4db9-adb1-7f00e7cd5b7f	8fb4e255-ae5d-4417-8267-799459f1d98f	\N	2025-07-05 08:22:45.006761+00	2025-07-05 08:22:45.006761+00
2b60c05d-f1bf-4b88-80d9-710b3dfa0978	39180393-6b3f-4db9-adb1-7f00e7cd5b7f	0989f4ca-7d35-4621-9c78-9aeb4bbeff19	\N	2025-07-05 08:22:45.006761+00	2025-07-05 08:22:45.006761+00
8acb3428-9cb3-4317-b9a8-af25dd6276dc	39180393-6b3f-4db9-adb1-7f00e7cd5b7f	49c0ec14-8d91-4968-85ed-57609b4f90ec	\N	2025-07-05 08:22:45.006761+00	2025-07-05 08:22:45.006761+00
01bddd61-5506-48be-ae13-4e4b28519ac7	39180393-6b3f-4db9-adb1-7f00e7cd5b7f	4a24ba61-b71c-4b23-84fb-265eefc0135e	\N	2025-07-05 08:22:45.006761+00	2025-07-05 08:22:45.006761+00
d1989b1b-07cb-4adf-bbca-7e66f8ef2652	39180393-6b3f-4db9-adb1-7f00e7cd5b7f	6b925f8b-6fb3-4ee7-b663-ec288be7d9fb	\N	2025-07-05 08:22:45.006761+00	2025-07-05 08:22:45.006761+00
e0c446d9-2aab-4441-a21d-b67fdcc6b100	39180393-6b3f-4db9-adb1-7f00e7cd5b7f	001b6665-b03a-430f-a28b-47c5a0db6b18	\N	2025-07-05 08:22:45.006761+00	2025-07-05 08:22:45.006761+00
e665785e-2220-468e-b4b1-4cd5154d31ef	39180393-6b3f-4db9-adb1-7f00e7cd5b7f	2b81a98a-967a-4b73-8e60-c5f13669412e	\N	2025-07-05 08:22:45.006761+00	2025-07-05 08:22:45.006761+00
abb59b3a-ef4b-4873-8264-dc3f484fa4ae	39180393-6b3f-4db9-adb1-7f00e7cd5b7f	936baa6d-1c78-4cf6-8f5f-d6f5138d7077	\N	2025-07-05 08:22:45.006761+00	2025-07-05 08:22:45.006761+00
b3671070-87f6-46bc-87c4-8d546898e684	39180393-6b3f-4db9-adb1-7f00e7cd5b7f	40ada269-3ca7-43d7-9c43-19f0c57167d1	\N	2025-07-05 08:22:45.006761+00	2025-07-05 08:22:45.006761+00
ff6e172d-f40b-41b9-a892-620c447d0d25	39180393-6b3f-4db9-adb1-7f00e7cd5b7f	82b627b7-a0fd-44e4-9d97-f753cb647508	\N	2025-07-05 08:22:45.006761+00	2025-07-05 08:22:45.006761+00
cc37cdab-e3ed-4d15-ba2a-08f6b2ec1a2c	39180393-6b3f-4db9-adb1-7f00e7cd5b7f	5349c356-154f-4fd5-8af8-627b08afb275	\N	2025-07-05 08:22:45.006761+00	2025-07-05 08:22:45.006761+00
932240d1-266f-4fc5-85c1-f8c26a970269	39180393-6b3f-4db9-adb1-7f00e7cd5b7f	f526e477-e567-42a6-9fd3-f96d71130646	\N	2025-07-05 08:22:45.006761+00	2025-07-05 08:22:45.006761+00
4e17d532-cf71-425c-9ca5-2f288344a402	39180393-6b3f-4db9-adb1-7f00e7cd5b7f	ac5e7b8e-7376-4d08-a8eb-255f8f5f557f	\N	2025-07-05 08:22:45.006761+00	2025-07-05 08:22:45.006761+00
563633a7-e9fb-49e8-8003-fb49bfc2c2b3	39180393-6b3f-4db9-adb1-7f00e7cd5b7f	05b6489f-fdd9-4ccb-b1fb-d35dc654ba41	\N	2025-07-05 08:22:45.006761+00	2025-07-05 08:22:45.006761+00
68ba301a-6d3c-4964-b2f8-bc3e4f7065ee	39180393-6b3f-4db9-adb1-7f00e7cd5b7f	6669f922-0ae1-4b05-8b4e-1b593d982711	\N	2025-07-05 08:22:45.006761+00	2025-07-05 08:22:45.006761+00
546fa6b5-ab07-4848-a01a-b462dca4410f	64f5bc8d-aef6-4cc2-9aa2-170566d1af54	7143ea47-6ace-49b3-83f2-4a269bd29cbe	\N	2025-07-05 08:22:45.006761+00	2025-07-05 08:22:45.006761+00
a45a819e-0867-4898-a7d1-fc02c94931a2	64f5bc8d-aef6-4cc2-9aa2-170566d1af54	01d343d4-3ad9-4ccc-a501-8c2f083c4e73	\N	2025-07-05 08:22:45.006761+00	2025-07-05 08:22:45.006761+00
d300ffb8-2789-4f4c-beba-d5d09bb2e92a	64f5bc8d-aef6-4cc2-9aa2-170566d1af54	3932f66d-69c8-4975-99e6-68b3d240d652	\N	2025-07-05 08:22:45.006761+00	2025-07-05 08:22:45.006761+00
c06c17e9-b64a-4a45-ae04-f0569cecb4c5	64f5bc8d-aef6-4cc2-9aa2-170566d1af54	18229e44-2d7e-4aa6-a2e5-15d2adc7990c	\N	2025-07-05 08:22:45.006761+00	2025-07-05 08:22:45.006761+00
92b01f77-03dd-4242-aff2-1aa34a942a8b	64f5bc8d-aef6-4cc2-9aa2-170566d1af54	61dd104d-b839-427e-a741-e3d375b1b43c	\N	2025-07-05 08:22:45.006761+00	2025-07-05 08:22:45.006761+00
bb6d995f-5859-4616-8c24-3b1e9edc8a7f	64f5bc8d-aef6-4cc2-9aa2-170566d1af54	3a0dcac2-3f97-441b-9ba5-bb3b5a31d15b	\N	2025-07-05 08:22:45.006761+00	2025-07-05 08:22:45.006761+00
c79f5c66-1559-4b34-8014-a07c56346cb4	64f5bc8d-aef6-4cc2-9aa2-170566d1af54	f3f94ca3-051d-4417-be8e-20d6a0182d17	\N	2025-07-05 08:22:45.006761+00	2025-07-05 08:22:45.006761+00
edf72a67-e80a-42bc-9081-f15c77da27fc	64f5bc8d-aef6-4cc2-9aa2-170566d1af54	77b291c9-caf7-4a27-b7c4-3f8e45950e61	\N	2025-07-05 08:22:45.006761+00	2025-07-05 08:22:45.006761+00
26d500dc-5601-4303-8a29-a84887753bc8	64f5bc8d-aef6-4cc2-9aa2-170566d1af54	7ec4298b-dd95-4257-8394-030fe0f0ed10	\N	2025-07-05 08:22:45.006761+00	2025-07-05 08:22:45.006761+00
1a02b928-2c76-4b4e-a36c-ca58f91cdb9a	64f5bc8d-aef6-4cc2-9aa2-170566d1af54	cc025fbb-a4cc-4ea7-aa3b-93df0e6e4e3c	\N	2025-07-05 08:22:45.006761+00	2025-07-05 08:22:45.006761+00
1d3dfc3d-5c7f-4041-99ff-3a1fc564662e	64f5bc8d-aef6-4cc2-9aa2-170566d1af54	0783a6e9-536d-4ccb-b91e-a6cdd62454c5	\N	2025-07-05 08:22:45.006761+00	2025-07-05 08:22:45.006761+00
3bbb009a-a1e5-499b-9341-d87cc509d976	64f5bc8d-aef6-4cc2-9aa2-170566d1af54	6f81c1c2-c026-4817-a1ed-38fe45882569	\N	2025-07-05 08:22:45.006761+00	2025-07-05 08:22:45.006761+00
7e510429-cd91-41a3-986d-dbdcbdbb328c	64f5bc8d-aef6-4cc2-9aa2-170566d1af54	f491df38-07bd-4b12-bd90-c8b96bb0618c	\N	2025-07-05 08:22:45.006761+00	2025-07-05 08:22:45.006761+00
5dfb9856-32a3-4e7b-9490-a18aaf2c37af	51a9454a-6961-4edb-a5eb-7d195eb3451d	7143ea47-6ace-49b3-83f2-4a269bd29cbe	\N	2025-07-05 08:22:45.006761+00	2025-07-05 08:22:45.006761+00
0f75c118-680e-41ac-91f2-065751e26b8e	51a9454a-6961-4edb-a5eb-7d195eb3451d	01d343d4-3ad9-4ccc-a501-8c2f083c4e73	\N	2025-07-05 08:22:45.006761+00	2025-07-05 08:22:45.006761+00
5b60f888-735e-4427-b30a-c5480d3545d3	51a9454a-6961-4edb-a5eb-7d195eb3451d	3932f66d-69c8-4975-99e6-68b3d240d652	\N	2025-07-05 08:22:45.006761+00	2025-07-05 08:22:45.006761+00
33c8eb80-a997-49e2-98df-3911f9ba8389	51a9454a-6961-4edb-a5eb-7d195eb3451d	61dd104d-b839-427e-a741-e3d375b1b43c	\N	2025-07-05 08:22:45.006761+00	2025-07-05 08:22:45.006761+00
5fea490e-4a8b-4134-bc52-168b444f2231	51a9454a-6961-4edb-a5eb-7d195eb3451d	3a0dcac2-3f97-441b-9ba5-bb3b5a31d15b	\N	2025-07-05 08:22:45.006761+00	2025-07-05 08:22:45.006761+00
8bb9289f-fb50-46a2-b58d-29f5944bace2	51a9454a-6961-4edb-a5eb-7d195eb3451d	77b291c9-caf7-4a27-b7c4-3f8e45950e61	\N	2025-07-05 08:22:45.006761+00	2025-07-05 08:22:45.006761+00
3782671e-f1ac-4052-8dac-d23f084681ee	51a9454a-6961-4edb-a5eb-7d195eb3451d	7ec4298b-dd95-4257-8394-030fe0f0ed10	\N	2025-07-05 08:22:45.006761+00	2025-07-05 08:22:45.006761+00
38e5d57e-3617-4a7f-8d09-e35315920541	51a9454a-6961-4edb-a5eb-7d195eb3451d	6f81c1c2-c026-4817-a1ed-38fe45882569	\N	2025-07-05 08:22:45.006761+00	2025-07-05 08:22:45.006761+00
db5e1f92-e804-420a-a22d-3ec265bdabf3	39180393-6b3f-4db9-adb1-7f00e7cd5b7f	d98ef1c2-31cf-4d6a-981f-d60999891fe1	\N	2025-07-07 10:56:53.171486+00	2025-07-07 10:56:53.171486+00
a4578867-9f3f-4b32-9886-fa0667875663	39180393-6b3f-4db9-adb1-7f00e7cd5b7f	887f8b0c-49cd-4334-984c-454777f9a8bf	\N	2025-07-07 10:56:53.383462+00	2025-07-07 10:56:53.383462+00
1cc85f35-b36d-4042-9f86-1e1b4318dea5	39180393-6b3f-4db9-adb1-7f00e7cd5b7f	f467038b-0da7-4fb1-ad60-e5b33f8ff122	\N	2025-07-07 10:56:53.463479+00	2025-07-07 10:56:53.463479+00
ab0174fc-c32c-4877-a8fb-95f5718c1b72	39180393-6b3f-4db9-adb1-7f00e7cd5b7f	803316d0-40ff-4e7e-8a5a-2eb18d5ca7a5	\N	2025-07-07 10:56:53.476459+00	2025-07-07 10:56:53.476459+00
552fc312-513c-4f2a-ab56-e020e167ff0f	39180393-6b3f-4db9-adb1-7f00e7cd5b7f	0f1815f0-50c2-436f-bc61-22c6b6d21062	\N	2025-07-07 10:56:53.575474+00	2025-07-07 10:56:53.575474+00
ca70a7b9-2425-4cd8-9ba7-f79bb44b48ab	39180393-6b3f-4db9-adb1-7f00e7cd5b7f	77150743-b132-4b11-8685-ad08cce3425a	\N	2025-07-07 10:56:53.588484+00	2025-07-07 10:56:53.588484+00
e8b93514-7eec-41b3-b96d-a782066a0f78	39180393-6b3f-4db9-adb1-7f00e7cd5b7f	d958e56a-97ed-479a-84c0-cc9cde20c011	\N	2025-07-07 10:56:53.644402+00	2025-07-07 10:56:53.644402+00
17f123d0-5c59-424e-a672-1423407fe4f2	39180393-6b3f-4db9-adb1-7f00e7cd5b7f	c8424ee5-21c2-4315-b82f-539e8b0b9478	\N	2025-07-07 10:56:53.683426+00	2025-07-07 10:56:53.683426+00
5b9fc1be-1895-4690-915f-7595cb3a7b3f	39180393-6b3f-4db9-adb1-7f00e7cd5b7f	8ec393b6-9a3f-48e3-a258-184e87b5e216	\N	2025-07-07 10:56:53.698417+00	2025-07-07 10:56:53.698417+00
c76dcaeb-02e2-4293-9454-7c6de93412c4	39180393-6b3f-4db9-adb1-7f00e7cd5b7f	22883459-23f8-4441-b8ea-6d96a6afa3d1	\N	2025-07-07 10:56:53.763438+00	2025-07-07 10:56:53.763438+00
81fc01b7-b5f2-4871-80fe-5fbb5933cbdd	64f5bc8d-aef6-4cc2-9aa2-170566d1af54	c74844cd-cf85-4718-8da3-d23a808a7acc	\N	2025-07-07 10:56:53.820445+00	2025-07-07 10:56:53.820445+00
2747bb5a-46b0-4224-a4cb-3dc1c93fa1cc	64f5bc8d-aef6-4cc2-9aa2-170566d1af54	1a5e7dd3-1714-4ed3-854d-e8e7df4ac948	\N	2025-07-07 10:56:53.852425+00	2025-07-07 10:56:53.852425+00
76acee0e-f3eb-4713-94c2-24a1bca18c1c	64f5bc8d-aef6-4cc2-9aa2-170566d1af54	3a2ca03a-3de7-4017-857c-9105cef3dc8d	\N	2025-07-07 10:56:53.864433+00	2025-07-07 10:56:53.864433+00
ae5c881a-f9e8-4b3c-9292-fe49878e72bc	64f5bc8d-aef6-4cc2-9aa2-170566d1af54	18c06d85-966e-4c2e-83c7-964803ae0383	\N	2025-07-07 10:56:53.887437+00	2025-07-07 10:56:53.887437+00
6d10bd7d-ce93-4be7-a0ca-1c4786092e6c	64f5bc8d-aef6-4cc2-9aa2-170566d1af54	5b2182dc-58bb-4a5f-9f3a-6c062a1bbf6e	\N	2025-07-07 10:56:53.947564+00	2025-07-07 10:56:53.947564+00
ec3efdcb-1952-473e-8f20-2be97ecb05f6	64f5bc8d-aef6-4cc2-9aa2-170566d1af54	f467038b-0da7-4fb1-ad60-e5b33f8ff122	\N	2025-07-07 10:56:53.971455+00	2025-07-07 10:56:53.971455+00
c7d2ade7-2441-42ad-a9fb-e4a3c4b42637	64f5bc8d-aef6-4cc2-9aa2-170566d1af54	c5f62b4b-b85a-4e4f-a544-87853fa8baf9	\N	2025-07-07 10:56:53.985617+00	2025-07-07 10:56:53.985617+00
92ae17cf-e3b2-4a1e-b075-fc789866bd67	64f5bc8d-aef6-4cc2-9aa2-170566d1af54	41cb9e7b-ea0c-4607-aadb-09c3315e1b77	\N	2025-07-07 10:56:54.002576+00	2025-07-07 10:56:54.002576+00
ae28cd15-98e5-46b1-9183-f6b298142754	64f5bc8d-aef6-4cc2-9aa2-170566d1af54	dc470401-f19d-41d7-99df-df7151f15c20	\N	2025-07-07 10:56:54.017437+00	2025-07-07 10:56:54.017437+00
68235989-3e07-436f-8277-4f098d34edc1	64f5bc8d-aef6-4cc2-9aa2-170566d1af54	ab9aca4d-925a-48bf-85c8-34af730792c3	\N	2025-07-07 10:56:54.053453+00	2025-07-07 10:56:54.053453+00
6af42556-a1e6-470d-8e13-54d67f02939f	64f5bc8d-aef6-4cc2-9aa2-170566d1af54	8fb4e255-ae5d-4417-8267-799459f1d98f	\N	2025-07-07 10:56:54.066417+00	2025-07-07 10:56:54.066417+00
e72c1746-3b71-44ba-8b17-d99cd5acca15	64f5bc8d-aef6-4cc2-9aa2-170566d1af54	4a24ba61-b71c-4b23-84fb-265eefc0135e	\N	2025-07-07 10:56:54.078546+00	2025-07-07 10:56:54.078546+00
795fe87c-a56f-4de9-8a86-02ec26fa6691	64f5bc8d-aef6-4cc2-9aa2-170566d1af54	6b925f8b-6fb3-4ee7-b663-ec288be7d9fb	\N	2025-07-07 10:56:54.091401+00	2025-07-07 10:56:54.091401+00
f7340e74-becf-46c6-8f85-576af987f996	64f5bc8d-aef6-4cc2-9aa2-170566d1af54	c8424ee5-21c2-4315-b82f-539e8b0b9478	\N	2025-07-07 10:56:54.104435+00	2025-07-07 10:56:54.104435+00
87beabd6-26ad-41d3-a8d9-1ec198121a93	64f5bc8d-aef6-4cc2-9aa2-170566d1af54	001b6665-b03a-430f-a28b-47c5a0db6b18	\N	2025-07-07 10:56:54.117503+00	2025-07-07 10:56:54.117503+00
32989332-9e10-4a9f-bd14-26663a03d6b9	64f5bc8d-aef6-4cc2-9aa2-170566d1af54	05b6489f-fdd9-4ccb-b1fb-d35dc654ba41	\N	2025-07-07 10:56:54.129483+00	2025-07-07 10:56:54.129483+00
74cec2fb-a0ee-4c9e-b357-268a0da512d2	51a9454a-6961-4edb-a5eb-7d195eb3451d	0783a6e9-536d-4ccb-b91e-a6cdd62454c5	\N	2025-07-07 10:56:54.225461+00	2025-07-07 10:56:54.225461+00
8b723c44-e504-48ca-aa32-4557ed1a6ba1	51a9454a-6961-4edb-a5eb-7d195eb3451d	c5f62b4b-b85a-4e4f-a544-87853fa8baf9	\N	2025-07-07 10:56:54.237412+00	2025-07-07 10:56:54.237412+00
7118842a-f84d-4e94-8efd-4095fa9ffc0b	51a9454a-6961-4edb-a5eb-7d195eb3451d	f491df38-07bd-4b12-bd90-c8b96bb0618c	\N	2025-07-07 10:56:54.25946+00	2025-07-07 10:56:54.25946+00
05581b6f-dcd6-4761-b179-4425f9396789	51a9454a-6961-4edb-a5eb-7d195eb3451d	4a24ba61-b71c-4b23-84fb-265eefc0135e	\N	2025-07-07 10:56:54.272401+00	2025-07-07 10:56:54.272401+00
648b63fb-d3ce-4e21-9293-adb208cf14be	51a9454a-6961-4edb-a5eb-7d195eb3451d	001b6665-b03a-430f-a28b-47c5a0db6b18	\N	2025-07-07 10:56:54.284448+00	2025-07-07 10:56:54.284448+00
24750adb-6642-4cd8-b497-ea944fc8640d	51a9454a-6961-4edb-a5eb-7d195eb3451d	05b6489f-fdd9-4ccb-b1fb-d35dc654ba41	\N	2025-07-07 10:56:54.296435+00	2025-07-07 10:56:54.296435+00
\.


--
-- Data for Name: security_alerts; Type: TABLE DATA; Schema: public; Owner: -
--

COPY public.security_alerts (id, user_id, alert_type, severity, title, description, ip_address, user_agent, is_resolved, resolved_at, resolved_by, resolution_notes, created_at, metadata) FROM stdin;
75400a0b-088b-4222-bc7b-f205b8db8a3a	7898704c-ee5c-4ade-81f3-80a4388413fb	failed_login	high	Multiple Failed Login Attempts	User attempted to log in 5 times with incorrect password	192.168.1.100	Mozilla/5.0 (Windows NT 10.0; Win64; x64) AppleWebKit/537.36	f	\N	\N	\N	2025-07-12 01:58:25.194371+00	{}
5b9cd7f0-5439-4e26-8990-56b333830a25	7898704c-ee5c-4ade-81f3-80a4388413fb	failed_login	high	Multiple Failed Login Attempts	User attempted to log in 5 times with incorrect password	192.168.1.100	Mozilla/5.0 (Windows NT 10.0; Win64; x64) AppleWebKit/537.36	f	\N	\N	\N	2025-07-12 01:58:38.65899+00	{}
\.


--
-- Data for Name: security_settings; Type: TABLE DATA; Schema: public; Owner: -
--

COPY public.security_settings (id, user_id, setting_key, setting_value, is_system_wide, created_at, updated_at, updated_by) FROM stdin;
8221f4b4-3991-4a0a-8339-134612e157ef	7898704c-ee5c-4ade-81f3-80a4388413fb	encryption_config	{"algorithm": "aes-256-gcm", "backupEncryption": true, "keyRotationInterval": 90}	t	2025-07-12 01:57:29.186565+00	2025-07-12 01:57:29.186565+00	\N
b180703c-499b-4b00-8efb-e4f01600e62a	7898704c-ee5c-4ade-81f3-80a4388413fb	audit_config	{"enabled": true, "logLevel": "comprehensive", "retentionDays": 365}	t	2025-07-12 01:57:29.186565+00	2025-07-12 01:57:29.186565+00	\N
b7147140-2f34-4d06-b71f-5175b79fa001	7898704c-ee5c-4ade-81f3-80a4388413fb	access_config	{"requireMFA": true, "passwordPolicy": {"minLength": 12, "preventReuse": 5, "expirationDays": 90, "requireNumbers": true, "requireLowercase": true, "requireUppercase": true, "requireSpecialChars": true}, "sessionTimeout": 3600, "maxFailedAttempts": 5}	t	2025-07-12 01:57:29.186565+00	2025-07-12 01:57:29.186565+00	\N
7adb1bba-d011-47ea-b398-316dd9705a0f	7898704c-ee5c-4ade-81f3-80a4388413fb	backup_config	{"enabled": true, "frequency": "daily", "encryptBackups": true, "retentionCount": 30}	t	2025-07-12 01:57:29.186565+00	2025-07-12 01:57:29.186565+00	\N
\.


--
-- Data for Name: system_configuration; Type: TABLE DATA; Schema: public; Owner: -
--

COPY public.system_configuration (id, config_key, config_value, config_type, description, is_active, created_at, updated_at) FROM stdin;
06273cf6-9928-4dbf-90c8-6b088df1b5ed	default_rate_limit	100	SYSTEM	Default rate limit for services (requests per hour)	t	2025-07-11 01:04:26.948773+00	2025-07-11 01:04:26.948773+00
944c7a4c-b338-4784-bca8-cfcf88d4a727	max_bulk_upload_size	10485760	SYSTEM	Maximum bulk upload file size in bytes (10MB)	t	2025-07-11 01:04:26.948773+00	2025-07-11 01:04:26.948773+00
4a1b8d34-f665-4a41-8aa3-4f9fd84ceb9a	session_timeout_minutes	1440	SYSTEM	Session timeout in minutes (24 hours)	t	2025-07-11 01:04:26.948773+00	2025-07-11 01:04:26.948773+00
542caeb9-71a2-49aa-ae55-83e0e9e4a0c1	enable_analytics	true	SYSTEM	Enable performance analytics collection	t	2025-07-11 01:04:26.948773+00	2025-07-11 01:04:26.948773+00
ec737af2-0f45-4f21-9b4c-5a112a820ee3	retention_days	90	SYSTEM	Data retention period in days	t	2025-07-11 01:04:26.948773+00	2025-07-11 01:04:26.948773+00
\.


--
-- Data for Name: system_health; Type: TABLE DATA; Schema: public; Owner: -
--

COPY public.system_health (id, "timestamp", status, cpu_usage, memory_usage, disk_usage, database_response_time, api_response_time, active_users, error_rate, alerts, metadata) FROM stdin;
fe2efda3-d235-4358-8b9f-209646db9092	2025-07-12 01:58:25.153887+00	healthy	45.20	62.80	78.10	95	120	25	0.0010	[]	{}
ad11c499-580f-4a50-aa80-408e0fff4aef	2025-07-12 01:58:25.153887+00	warning	78.50	85.20	82.30	180	250	45	0.0150	[{"type": "performance", "message": "High database response time"}]	{}
7751972e-74f4-4861-8926-0e81aa1845e7	2025-07-12 01:58:38.626735+00	healthy	45.20	62.80	78.10	95	120	25	0.0010	[]	{}
e9adb7be-7cb7-4ede-ae58-36f0a791b7af	2025-07-12 01:58:38.626735+00	warning	78.50	85.20	82.30	180	250	45	0.0150	[{"type": "performance", "message": "High database response time"}]	{}
\.


--
-- Data for Name: time_entries; Type: TABLE DATA; Schema: public; Owner: -
--

COPY public.time_entries (id, staff_user_id, client_id, payroll_id, billing_item_id, work_date, hours_spent, description, created_at, updated_at) FROM stdin;
857c93cb-9297-4a8c-a50f-93d3f4cce7db	7898704c-ee5c-4ade-81f3-80a4388413fb	ed90f235-e212-4ecd-aedf-402a2a91125f	fa68604a-99ab-4336-93ed-1bafeee40e8d	bd6be85b-5829-4b7b-9eb8-0ccd6f8d1d58	2025-01-29	3.50	Monthly payroll processing - data entry, calculations, and review	2025-07-04 23:55:32.114383+00	2025-07-04 23:55:32.114383+00
294553d4-b6d3-4bb1-961e-05664737b9b3	7898704c-ee5c-4ade-81f3-80a4388413fb	ed90f235-e212-4ecd-aedf-402a2a91125f	fa68604a-99ab-4336-93ed-1bafeee40e8d	2b621533-f696-4184-b233-f46ded0345de	2025-01-15	1.50	New employee onboarding and documentation setup	2025-07-04 23:55:32.114383+00	2025-07-04 23:55:32.114383+00
0b8046de-1f78-4993-8514-1e5db41bbb77	7898704c-ee5c-4ade-81f3-80a4388413fb	4ecd4666-c94e-43ba-97dc-3c78c8badffb	076f830b-de4b-47c9-b0ae-988556c48725	7fd492f0-b6a0-4d18-b791-9248cc21cb32	2025-01-30	6.00	Large business monthly processing - complex calculations and validations	2025-07-04 23:55:32.114383+00	2025-07-04 23:55:32.114383+00
6b06c5fa-38a7-49a6-b62a-4dd8cde1e14b	7898704c-ee5c-4ade-81f3-80a4388413fb	4ecd4666-c94e-43ba-97dc-3c78c8badffb	076f830b-de4b-47c9-b0ae-988556c48725	aea9a145-07e8-4a51-a94b-f81f0fa2c4fc	2025-01-31	2.00	Payroll tax calculations and government lodgements	2025-07-04 23:55:32.114383+00	2025-07-04 23:55:32.114383+00
c59625f2-848c-46f6-89b1-24924b03657c	7898704c-ee5c-4ade-81f3-80a4388413fb	65e17d2e-df6e-448b-abb3-eea9d566a239	2b70eb57-bd0f-4b4c-9341-870fb9df1f60	1682513c-f5c6-48a2-81e6-eb5963d1a9bd	2025-01-16	2.50	Fortnightly payroll processing with overtime calculations	2025-07-04 23:55:32.114383+00	2025-07-04 23:55:32.114383+00
\.


--
-- Data for Name: user_email_template_favorites; Type: TABLE DATA; Schema: public; Owner: -
--

COPY public.user_email_template_favorites (id, user_id, template_id, created_at) FROM stdin;
\.


--
-- Data for Name: user_invitations; Type: TABLE DATA; Schema: public; Owner: -
--

COPY public.user_invitations (id, email, first_name, last_name, invited_role, manager_id, clerk_invitation_id, clerk_ticket, invitation_metadata, invited_by, invited_at, accepted_at, accepted_by, expires_at, status, created_at, updated_at, invitation_status, revoked_at, revoked_by, revoke_reason) FROM stdin;
8d4ff9c1-5a45-4ab6-8eb9-3a98a06b65fd	nathan.harris02+test@gmail.com	Nathan	Test	manager	\N	inv_30QwcVMWF1ehQ4jDKbs7D5z2yg8	\N	{"redirectUrl": "http://localhost:3000/accept-invitation", "clerkInvitationId": "inv_2zhFjQWXAQJe6s21PS9LEfSk8wY"}	d9ac8a7b-f679-49a1-8c99-837eb977578b	2025-07-10 19:25:33.264606+00	\N	\N	2025-08-02 23:39:43.309+00	pending	2025-07-10 19:25:33.264606+00	2025-07-28 00:57:13.030541+00	pending	\N	\N	\N
\.


--
-- Data for Name: user_roles; Type: TABLE DATA; Schema: public; Owner: -
--

COPY public.user_roles (id, user_id, role_id, created_at, updated_at) FROM stdin;
0d3643e2-5b71-49a8-b8a9-531298bbb65c	d9ac8a7b-f679-49a1-8c99-837eb977578b	7950e369-5257-4cc4-94ea-53ceecaf91a3	2025-05-25 02:42:42.644709+00	2025-05-25 02:42:42.644709+00
87cf7ebd-5b81-4527-b83c-ddca30cbbaf4	9aed2a64-0407-4dff-a621-2b7013e1713a	7a21ecd4-3b83-447a-be0a-d0ca88290fd3	2025-05-25 02:42:42.644709+00	2025-05-25 02:42:42.644709+00
b3b73715-ee1e-4271-923c-4dd717454b60	0727c441-3fa7-44c2-b8f3-4e0b77986ac1	39180393-6b3f-4db9-adb1-7f00e7cd5b7f	2025-05-25 02:42:42.644709+00	2025-05-25 02:42:42.644709+00
212fd688-42d5-488f-9d1c-81ac279a105e	22a368d4-5d3f-4026-840c-55af6fb16972	64f5bc8d-aef6-4cc2-9aa2-170566d1af54	2025-05-25 02:42:42.644709+00	2025-05-25 02:42:42.644709+00
95a6a3f5-ed0e-4890-a1c4-04fbc92d3784	e4313314-b89e-4346-9bb5-3aaf464c7152	51a9454a-6961-4edb-a5eb-7d195eb3451d	2025-05-25 02:42:42.644709+00	2025-05-25 02:42:42.644709+00
21d286ab-9194-41b3-be25-40337bf24fa0	7898704c-ee5c-4ade-81f3-80a4388413fb	64f5bc8d-aef6-4cc2-9aa2-170566d1af54	2025-05-31 07:53:54.057876+00	2025-05-31 07:53:54.057876+00
cf9c753a-cb41-4acb-a63f-015f184df766	3c2d1f6e-17a3-4a5f-8856-a2106456755c	7950e369-5257-4cc4-94ea-53ceecaf91a3	2025-07-26 06:18:43.786932+00	2025-07-26 06:18:43.786932+00
\.


--
-- Data for Name: user_sessions; Type: TABLE DATA; Schema: public; Owner: -
--

COPY public.user_sessions (id, user_id, session_token, ip_address, user_agent, location_data, created_at, last_activity, expires_at, is_active, logout_reason) FROM stdin;
\.


--
-- Data for Name: user_skills; Type: TABLE DATA; Schema: public; Owner: -
--

COPY public.user_skills (user_id, skill_name, proficiency_level) FROM stdin;
7898704c-ee5c-4ade-81f3-80a4388413fb	Australian Payroll Processing	Advanced
7898704c-ee5c-4ade-81f3-80a4388413fb	PAYG Tax Calculations	Intermediate
7898704c-ee5c-4ade-81f3-80a4388413fb	Excel Advanced Formulas	Beginner
7898704c-ee5c-4ade-81f3-80a4388413fb	Client Communication	Intermediate
7898704c-ee5c-4ade-81f3-80a4388413fb	Superannuation Administration	Intermediate
7898704c-ee5c-4ade-81f3-80a4388413fb	Award Interpretation	Advanced
7898704c-ee5c-4ade-81f3-80a4388413fb	Leave Management	Intermediate
7898704c-ee5c-4ade-81f3-80a4388413fb	Data Analysis	Beginner
7898704c-ee5c-4ade-81f3-80a4388413fb	Problem Resolution	Advanced
9aed2a64-0407-4dff-a621-2b7013e1713a	Australian Payroll Processing	Beginner
9aed2a64-0407-4dff-a621-2b7013e1713a	PAYG Tax Calculations	Intermediate
9aed2a64-0407-4dff-a621-2b7013e1713a	Excel Advanced Formulas	Intermediate
9aed2a64-0407-4dff-a621-2b7013e1713a	Client Communication	Intermediate
9aed2a64-0407-4dff-a621-2b7013e1713a	Fair Work Act Compliance	Expert
9aed2a64-0407-4dff-a621-2b7013e1713a	Audit Preparation	Advanced
9aed2a64-0407-4dff-a621-2b7013e1713a	Risk Management	Beginner
9aed2a64-0407-4dff-a621-2b7013e1713a	Change Management	Beginner
9aed2a64-0407-4dff-a621-2b7013e1713a	Project Management	Intermediate
9aed2a64-0407-4dff-a621-2b7013e1713a	ATO Reporting	Expert
9aed2a64-0407-4dff-a621-2b7013e1713a	STP (Single Touch Payroll)	Expert
9aed2a64-0407-4dff-a621-2b7013e1713a	Data Analysis	Expert
9aed2a64-0407-4dff-a621-2b7013e1713a	Training Delivery	Intermediate
9aed2a64-0407-4dff-a621-2b7013e1713a	Manufacturing Payroll	Beginner
9aed2a64-0407-4dff-a621-2b7013e1713a	Superannuation Administration	Advanced
d9ac8a7b-f679-49a1-8c99-837eb977578b	Australian Payroll Processing	Beginner
d9ac8a7b-f679-49a1-8c99-837eb977578b	PAYG Tax Calculations	Intermediate
d9ac8a7b-f679-49a1-8c99-837eb977578b	Excel Advanced Formulas	Intermediate
d9ac8a7b-f679-49a1-8c99-837eb977578b	Client Communication	Beginner
d9ac8a7b-f679-49a1-8c99-837eb977578b	System Integration	Intermediate
d9ac8a7b-f679-49a1-8c99-837eb977578b	Database Management	Beginner
d9ac8a7b-f679-49a1-8c99-837eb977578b	Process Automation	Advanced
d9ac8a7b-f679-49a1-8c99-837eb977578b	Payroll Software Operations	Beginner
22a368d4-5d3f-4026-840c-55af6fb16972	Australian Payroll Processing	Beginner
22a368d4-5d3f-4026-840c-55af6fb16972	PAYG Tax Calculations	Advanced
22a368d4-5d3f-4026-840c-55af6fb16972	Excel Advanced Formulas	Intermediate
22a368d4-5d3f-4026-840c-55af6fb16972	Client Communication	Beginner
22a368d4-5d3f-4026-840c-55af6fb16972	Superannuation Administration	Beginner
22a368d4-5d3f-4026-840c-55af6fb16972	Award Interpretation	Intermediate
22a368d4-5d3f-4026-840c-55af6fb16972	Leave Management	Beginner
22a368d4-5d3f-4026-840c-55af6fb16972	Data Analysis	Advanced
22a368d4-5d3f-4026-840c-55af6fb16972	Problem Resolution	Advanced
0727c441-3fa7-44c2-b8f3-4e0b77986ac1	Australian Payroll Processing	Beginner
0727c441-3fa7-44c2-b8f3-4e0b77986ac1	PAYG Tax Calculations	Beginner
0727c441-3fa7-44c2-b8f3-4e0b77986ac1	Excel Advanced Formulas	Intermediate
0727c441-3fa7-44c2-b8f3-4e0b77986ac1	Client Communication	Advanced
0727c441-3fa7-44c2-b8f3-4e0b77986ac1	Fair Work Act Compliance	Beginner
0727c441-3fa7-44c2-b8f3-4e0b77986ac1	Modern Awards Compliance	Beginner
0727c441-3fa7-44c2-b8f3-4e0b77986ac1	Process Documentation	Advanced
0727c441-3fa7-44c2-b8f3-4e0b77986ac1	Training Delivery	Advanced
0727c441-3fa7-44c2-b8f3-4e0b77986ac1	Project Management	Intermediate
0727c441-3fa7-44c2-b8f3-4e0b77986ac1	Risk Management	Advanced
0727c441-3fa7-44c2-b8f3-4e0b77986ac1	Payroll Tax Administration	Intermediate
0727c441-3fa7-44c2-b8f3-4e0b77986ac1	System Integration	Intermediate
7898704c-ee5c-4ade-81f3-80a4388413fb	Project Management	expert
7898704c-ee5c-4ade-81f3-80a4388413fb	Strategic Planning	beginner
7898704c-ee5c-4ade-81f3-80a4388413fb	Team Leadership	advanced
7898704c-ee5c-4ade-81f3-80a4388413fb	Client Relations	advanced
7898704c-ee5c-4ade-81f3-80a4388413fb	Compliance Management	intermediate
7898704c-ee5c-4ade-81f3-80a4388413fb	System Integration	intermediate
7898704c-ee5c-4ade-81f3-80a4388413fb	Training & Development	intermediate
7898704c-ee5c-4ade-81f3-80a4388413fb	Change Management	advanced
7898704c-ee5c-4ade-81f3-80a4388413fb	Stakeholder Management	intermediate
9aed2a64-0407-4dff-a621-2b7013e1713a	Strategic Planning	advanced
9aed2a64-0407-4dff-a621-2b7013e1713a	Team Leadership	advanced
9aed2a64-0407-4dff-a621-2b7013e1713a	Compliance Management	advanced
d9ac8a7b-f679-49a1-8c99-837eb977578b	Business Analysis	intermediate
d9ac8a7b-f679-49a1-8c99-837eb977578b	Financial Analysis	advanced
d9ac8a7b-f679-49a1-8c99-837eb977578b	Stakeholder Management	advanced
e4313314-b89e-4346-9bb5-3aaf464c7152	Client Relations	intermediate
e4313314-b89e-4346-9bb5-3aaf464c7152	Data Analysis	intermediate
e4313314-b89e-4346-9bb5-3aaf464c7152	Quality Assurance	advanced
e4313314-b89e-4346-9bb5-3aaf464c7152	Training & Development	intermediate
e4313314-b89e-4346-9bb5-3aaf464c7152	Stakeholder Management	intermediate
22a368d4-5d3f-4026-840c-55af6fb16972	Strategic Planning	intermediate
22a368d4-5d3f-4026-840c-55af6fb16972	Team Leadership	intermediate
22a368d4-5d3f-4026-840c-55af6fb16972	Client Relations	beginner
22a368d4-5d3f-4026-840c-55af6fb16972	Business Analysis	advanced
22a368d4-5d3f-4026-840c-55af6fb16972	Financial Analysis	expert
22a368d4-5d3f-4026-840c-55af6fb16972	Risk Management	advanced
22a368d4-5d3f-4026-840c-55af6fb16972	Compliance Management	beginner
22a368d4-5d3f-4026-840c-55af6fb16972	System Integration	intermediate
22a368d4-5d3f-4026-840c-55af6fb16972	Process Optimization	intermediate
22a368d4-5d3f-4026-840c-55af6fb16972	Training & Development	advanced
22a368d4-5d3f-4026-840c-55af6fb16972	Change Management	advanced
0727c441-3fa7-44c2-b8f3-4e0b77986ac1	Strategic Planning	intermediate
0727c441-3fa7-44c2-b8f3-4e0b77986ac1	Business Analysis	advanced
0727c441-3fa7-44c2-b8f3-4e0b77986ac1	Financial Analysis	intermediate
0727c441-3fa7-44c2-b8f3-4e0b77986ac1	Process Optimization	expert
0727c441-3fa7-44c2-b8f3-4e0b77986ac1	Stakeholder Management	advanced
7898704c-ee5c-4ade-81f3-80a4388413fb	Business Analysis	advanced
7898704c-ee5c-4ade-81f3-80a4388413fb	Financial Analysis	advanced
7898704c-ee5c-4ade-81f3-80a4388413fb	Risk Management	intermediate
9aed2a64-0407-4dff-a621-2b7013e1713a	System Integration	expert
9aed2a64-0407-4dff-a621-2b7013e1713a	Training & Development	advanced
d9ac8a7b-f679-49a1-8c99-837eb977578b	Change Management	intermediate
e4313314-b89e-4346-9bb5-3aaf464c7152	Risk Management	intermediate
22a368d4-5d3f-4026-840c-55af6fb16972	Quality Assurance	advanced
7898704c-ee5c-4ade-81f3-80a4388413fb	Process Optimization	beginner
9aed2a64-0407-4dff-a621-2b7013e1713a	Financial Analysis	intermediate
9aed2a64-0407-4dff-a621-2b7013e1713a	Stakeholder Management	intermediate
d9ac8a7b-f679-49a1-8c99-837eb977578b	Risk Management	beginner
22a368d4-5d3f-4026-840c-55af6fb16972	Project Management	advanced
0727c441-3fa7-44c2-b8f3-4e0b77986ac1	Client Relations	advanced
0727c441-3fa7-44c2-b8f3-4e0b77986ac1	Compliance Management	advanced
\.


--
-- Data for Name: users_role_backup; Type: TABLE DATA; Schema: public; Owner: -
--

COPY public.users_role_backup (id, email, role, created_at) FROM stdin;
e4313314-b89e-4346-9bb5-3aaf464c7152	viewer@example.com	viewer	2025-05-23 06:45:00.468049+00
0727c441-3fa7-44c2-b8f3-4e0b77986ac1	manager@example.com	manager	2025-05-23 06:45:00.468049+00
9aed2a64-0407-4dff-a621-2b7013e1713a	admin@example.com	org_admin	2025-05-23 06:45:00.468049+00
22a368d4-5d3f-4026-840c-55af6fb16972	consultant@example.com	org_admin	2025-05-23 06:45:00.468049+00
7898704c-ee5c-4ade-81f3-80a4388413fb	nathan.harris@invenco.net	consultant	2025-05-31 02:40:37.787341+00
d9ac8a7b-f679-49a1-8c99-837eb977578b	nathan.harris02@gmail.com	developer	2025-05-23 06:45:00.468049+00
\.


--
-- Data for Name: work_schedule; Type: TABLE DATA; Schema: public; Owner: -
--

COPY public.work_schedule (id, user_id, work_day, work_hours, created_at, updated_at, admin_time_hours, payroll_capacity_hours, uses_default_admin_time) FROM stdin;
106576a0-a994-4c81-a2ba-6be506e29bf1	d9ac8a7b-f679-49a1-8c99-837eb977578b	Monday	8.00	2025-05-23 08:15:43.943335	2025-05-23 08:15:43.943335	1.00	7.00	t
fac3861d-dd5e-4e02-b74b-1bbec3a18125	d9ac8a7b-f679-49a1-8c99-837eb977578b	Wednesday	8.00	2025-05-23 08:15:43.943335	2025-05-23 08:15:43.943335	1.00	7.00	t
e91fc31f-25b7-4b4b-8475-876b815fe08d	e4313314-b89e-4346-9bb5-3aaf464c7152	Monday	8.00	2025-05-23 08:15:43.943335	2025-05-23 08:15:43.943335	1.00	7.00	t
9615f9e1-32a8-4d46-bd52-1a6209cf78a2	e4313314-b89e-4346-9bb5-3aaf464c7152	Wednesday	8.00	2025-05-23 08:15:43.943335	2025-05-23 08:15:43.943335	1.00	7.00	t
85c19b37-dfe3-4dd8-9bf2-a2351530a6ef	22a368d4-5d3f-4026-840c-55af6fb16972	Monday	8.00	2025-05-23 08:15:43.943335	2025-05-23 08:15:43.943335	1.00	7.00	t
707f58fc-77f3-44be-a794-0ad0f53a8f6e	22a368d4-5d3f-4026-840c-55af6fb16972	Wednesday	8.00	2025-05-23 08:15:43.943335	2025-05-23 08:15:43.943335	1.00	7.00	t
12e1d684-85c0-4a1e-aa8b-17d073986509	0727c441-3fa7-44c2-b8f3-4e0b77986ac1	Monday	8.00	2025-05-23 08:15:43.943335	2025-05-23 08:15:43.943335	1.00	7.00	t
05089dfb-c487-4893-a183-a6ed40180094	0727c441-3fa7-44c2-b8f3-4e0b77986ac1	Wednesday	8.00	2025-05-23 08:15:43.943335	2025-05-23 08:15:43.943335	1.00	7.00	t
162467c0-4278-46f0-b5c8-93fe3a0611d5	9aed2a64-0407-4dff-a621-2b7013e1713a	Monday	8.00	2025-05-23 08:15:43.943335	2025-05-23 08:15:43.943335	1.00	7.00	t
0c96a375-e022-471b-8b14-7684530245b2	9aed2a64-0407-4dff-a621-2b7013e1713a	Wednesday	8.00	2025-05-23 08:15:43.943335	2025-05-23 08:15:43.943335	1.00	7.00	t
96524edd-9152-4a30-922f-e52e72dbfb59	22a368d4-5d3f-4026-840c-55af6fb16972	Tuesday	8.00	2025-07-03 03:28:10.164675	2025-07-03 03:28:10.164675	1.40	6.40	t
b494c66f-a25d-4788-b80c-75d965b067e0	22a368d4-5d3f-4026-840c-55af6fb16972	Thursday	8.00	2025-07-03 03:58:49.732751	2025-07-03 03:58:49.732751	1.40	6.40	t
95f5e8d3-c683-4a95-a010-e95463aaaca7	22a368d4-5d3f-4026-840c-55af6fb16972	Friday	8.00	2025-07-03 03:58:58.279725	2025-07-03 03:58:58.279725	1.40	6.40	t
3b29d182-0c1a-490f-9e9e-4a6c118c07a5	0727c441-3fa7-44c2-b8f3-4e0b77986ac1	Tuesday	8.00	2025-07-04 13:00:38.2389	2025-07-04 13:00:38.2389	1.00	7.20	t
\.


--
-- PostgreSQL database dump complete
--

